2026-02-14 08:20:38 | INFO     | test:<module>:1 | 测试日志记录
2026-02-14 08:21:06 | INFO     | app:<module>:41 | Flask 应用启动
2026-02-14 08:21:24 | INFO     | app:<module>:41 | Flask 应用启动
2026-02-14 08:21:35 | INFO     | app:<module>:41 | Flask 应用启动
2026-02-14 08:22:08 | ERROR    | face_detection:detectFaces:73 | 图片文件未找到: /nonexistent/path/image.jpg
2026-02-14 08:23:34 | INFO     | app:<module>:41 | Flask 应用启动
2026-02-14 08:23:34 | WARNING  | error_handlers:handle_validation_error:110 | 验证错误: 未提供文件, 字段: file
2026-02-14 08:23:34 | WARNING  | error_handlers:handle_validation_error:110 | 验证错误: 未选择文件, 字段: file
2026-02-14 08:23:34 | WARNING  | error_handlers:handle_validation_error:110 | 验证错误: Unsupported file format. Supported formats: .jpg, .jpeg, .png, .webp, 字段: file
2026-02-14 08:23:34 | WARNING  | error_handlers:handle_validation_error:110 | 验证错误: 需要提供 imageId, 字段: imageId
2026-02-14 08:23:34 | WARNING  | error_handlers:handle_not_found_error:125 | 资源未找到: 未找到图片: nonexistent-id, 类型: image, ID: nonexistent-id
2026-02-14 08:23:34 | WARNING  | error_handlers:handle_validation_error:110 | 验证错误: 需要提供请求体, 字段: None
2026-02-14 08:23:34 | WARNING  | error_handlers:handle_validation_error:110 | 验证错误: 需要提供 faceId, 字段: faceId
2026-02-14 08:23:34 | WARNING  | error_handlers:handle_validation_error:110 | 验证错误: threshold 必须在 0 到 1 之间, 字段: threshold
2026-02-14 08:23:35 | WARNING  | app:search_faces:298 | 搜索文件夹不存在: /nonexistent/folder
2026-02-14 08:23:35 | WARNING  | error_handlers:handle_validation_error:110 | 验证错误: 搜索文件夹不存在: /nonexistent/folder, 字段: searchFolder
2026-02-14 08:23:35 | WARNING  | error_handlers:handle_not_found_error:125 | 资源未找到: 未找到搜索任务: nonexistent-task-id, 类型: task, ID: nonexistent-task-id
2026-02-14 08:23:35 | WARNING  | error_handlers:handle_not_found_error:125 | 资源未找到: 未找到搜索任务: nonexistent-task-id, 类型: task, ID: nonexistent-task-id
2026-02-14 08:23:35 | WARNING  | error_handlers:handle_validation_error:110 | 验证错误: 需要提供请求体, 字段: None
2026-02-14 08:23:35 | WARNING  | error_handlers:handle_validation_error:110 | 验证错误: imagePaths 必须是数组, 字段: imagePaths
2026-02-14 08:23:35 | WARNING  | error_handlers:handle_validation_error:110 | 验证错误: imagePaths 不能为空, 字段: imagePaths
2026-02-14 08:23:35 | WARNING  | error_handlers:handle_not_found_error:125 | 资源未找到: 目标文件夹不存在: /nonexistent/folder, 类型: folder, ID: /nonexistent/folder
2026-02-14 08:23:35 | WARNING  | error_handlers:handle_not_found:181 | 路由未找到: 404 Not Found: The requested URL was not found on the server. If you entered the URL manually please check your spelling and try again.
2026-02-14 08:23:35 | WARNING  | error_handlers:handle_method_not_allowed:191 | HTTP方法不允许: 405 Method Not Allowed: The method is not allowed for the requested URL.
2026-02-14 08:23:35 | WARNING  | error_handlers:handle_validation_error:110 | 验证错误: 未提供文件, 字段: file
2026-02-14 08:23:35 | WARNING  | app:preview_image:159 | 预览请求失败，未找到图片: nonexistent
2026-02-14 08:23:35 | WARNING  | error_handlers:handle_not_found_error:125 | 资源未找到: 未找到图片: nonexistent, 类型: image, ID: nonexistent
2026-02-14 08:23:35 | WARNING  | error_handlers:handle_not_found:181 | 路由未找到: 404 Not Found: The requested URL was not found on the server. If you entered the URL manually please check your spelling and try again.
2026-02-14 08:23:35 | WARNING  | error_handlers:handle_validation_error:110 | 验证错误: 需要提供 imageId, 字段: imageId
2026-02-14 08:28:35 | INFO     | app:<module>:41 | Flask 应用启动
2026-02-14 08:28:35 | ERROR    | face_detection:detectFaces:76 | 处理图片时发生错误: D:\AI_workspace\face-search-app\tests\..\backend\temp_uploads\test.jpg, 错误: Face detection service is unavailable
Traceback (most recent call last):
  File "D:\AI_workspace\face-search-app\tests\..\backend\face_detection.py", line 53, in detectFaces
    face_locations = face_recognition.face_locations(image)
  File "D:\AI_workspace\face-search-app\tests\test_error_handlers.py", line 222, in mock_face_locations
    raise RuntimeError("Face detection service is unavailable")
RuntimeError: Face detection service is unavailable
2026-02-14 08:28:35 | ERROR    | face_detection:detectFaces:76 | 处理图片时发生错误: C:\Users\Administrator\AppData\Local\Temp\pytest-of-Administrator\pytest-89\test_face_detection_with_corru0\corrupted.jpg, 错误: cannot identify image file 'C:\\Users\\Administrator\\AppData\\Local\\Temp\\pytest-of-Administrator\\pytest-89\\test_face_detection_with_corru0\\corrupted.jpg'
Traceback (most recent call last):
  File "D:\AI_workspace\face-search-app\tests\..\backend\face_detection.py", line 49, in detectFaces
    image = face_recognition.load_image_file(image_path)
  File "D:\AI_workspace\face-search-app\backend\venv\Lib\site-packages\face_recognition\api.py", line 86, in load_image_file
    im = PIL.Image.open(file)
  File "D:\AI_workspace\face-search-app\backend\venv\Lib\site-packages\PIL\Image.py", line 3579, in open
    raise UnidentifiedImageError(msg)
PIL.UnidentifiedImageError: cannot identify image file 'C:\\Users\\Administrator\\AppData\\Local\\Temp\\pytest-of-Administrator\\pytest-89\\test_face_detection_with_corru0\\corrupted.jpg'
2026-02-14 08:28:46 | INFO     | app:<module>:41 | Flask 应用启动
2026-02-14 08:28:47 | ERROR    | face_detection:detectFaces:76 | 处理图片时发生错误: D:\AI_workspace\face-search-app\tests\..\backend\temp_uploads\test.jpg, 错误: Face detection service is unavailable
Traceback (most recent call last):
  File "D:\AI_workspace\face-search-app\tests\..\backend\face_detection.py", line 53, in detectFaces
    face_locations = face_recognition.face_locations(image)
  File "D:\AI_workspace\face-search-app\tests\test_error_handlers.py", line 222, in mock_face_locations
    raise RuntimeError("Face detection service is unavailable")
RuntimeError: Face detection service is unavailable
2026-02-14 08:28:47 | ERROR    | face_detection:detectFaces:76 | 处理图片时发生错误: C:\Users\Administrator\AppData\Local\Temp\pytest-of-Administrator\pytest-90\test_face_detection_with_corru0\corrupted.jpg, 错误: cannot identify image file 'C:\\Users\\Administrator\\AppData\\Local\\Temp\\pytest-of-Administrator\\pytest-90\\test_face_detection_with_corru0\\corrupted.jpg'
Traceback (most recent call last):
  File "D:\AI_workspace\face-search-app\tests\..\backend\face_detection.py", line 49, in detectFaces
    image = face_recognition.load_image_file(image_path)
  File "D:\AI_workspace\face-search-app\backend\venv\Lib\site-packages\face_recognition\api.py", line 86, in load_image_file
    im = PIL.Image.open(file)
  File "D:\AI_workspace\face-search-app\backend\venv\Lib\site-packages\PIL\Image.py", line 3579, in open
    raise UnidentifiedImageError(msg)
PIL.UnidentifiedImageError: cannot identify image file 'C:\\Users\\Administrator\\AppData\\Local\\Temp\\pytest-of-Administrator\\pytest-90\\test_face_detection_with_corru0\\corrupted.jpg'
2026-02-14 08:33:01 | INFO     | app:<module>:41 | Flask 应用启动
2026-02-14 08:33:01 | INFO     | app:upload_image:122 | 图片上传成功: 90f746d4-1546-475a-b283-b5d69a4bffae, 文件名: test_face.jpg
2026-02-14 08:33:01 | INFO     | app:detect_faces:209 | 开始检测人脸: 90f746d4-1546-475a-b283-b5d69a4bffae
2026-02-14 08:33:01 | INFO     | face_detection:detectFaces:57 | 图片中未检测到人脸: D:\AI_workspace\face-search-app\tests\..\backend\temp_uploads\90f746d4-1546-475a-b283-b5d69a4bffae.jpg
2026-02-14 08:33:01 | WARNING  | app:detect_faces:214 | 图片中未检测到人脸: 90f746d4-1546-475a-b283-b5d69a4bffae
2026-02-14 08:33:02 | INFO     | app:upload_image:122 | 图片上传成功: d30cb82b-1bf0-4299-a517-c08e6161b3d8, 文件名: test_face.jpg
2026-02-14 08:33:02 | INFO     | app:detect_faces:209 | 开始检测人脸: d30cb82b-1bf0-4299-a517-c08e6161b3d8
2026-02-14 08:33:02 | INFO     | face_detection:detectFaces:57 | 图片中未检测到人脸: D:\AI_workspace\face-search-app\tests\..\backend\temp_uploads\d30cb82b-1bf0-4299-a517-c08e6161b3d8.jpg
2026-02-14 08:33:02 | WARNING  | app:detect_faces:214 | 图片中未检测到人脸: d30cb82b-1bf0-4299-a517-c08e6161b3d8
2026-02-14 08:33:02 | INFO     | app:upload_image:122 | 图片上传成功: 1f2c3513-9d56-47e5-8150-37758957c046, 文件名: test_face.jpg
2026-02-14 08:33:02 | INFO     | app:detect_faces:209 | 开始检测人脸: 1f2c3513-9d56-47e5-8150-37758957c046
2026-02-14 08:33:02 | INFO     | face_detection:detectFaces:57 | 图片中未检测到人脸: D:\AI_workspace\face-search-app\tests\..\backend\temp_uploads\1f2c3513-9d56-47e5-8150-37758957c046.jpg
2026-02-14 08:33:02 | WARNING  | app:detect_faces:214 | 图片中未检测到人脸: 1f2c3513-9d56-47e5-8150-37758957c046
2026-02-14 08:33:02 | INFO     | app:export_images:596 | 开始转存图片: 1 个文件到 C:\Users\ADMINI~1\AppData\Local\Temp\tmpig435aa2
2026-02-14 08:33:02 | INFO     | image_export:exportImages:79 | 开始转存图片: 1 个文件到 C:\Users\ADMINI~1\AppData\Local\Temp\tmpig435aa2
2026-02-14 08:33:02 | INFO     | image_export:exportImages:155 | 转存完成: 成功 1, 失败 0
2026-02-14 08:33:02 | INFO     | app:export_images:602 | 转存完成: 成功 1, 失败 0
2026-02-14 08:33:02 | INFO     | app:upload_image:122 | 图片上传成功: bec9918d-da15-4557-a16a-2ed44306eabb, 文件名: test_face.jpg
2026-02-14 08:33:02 | WARNING  | app:search_faces:298 | 搜索文件夹不存在: /nonexistent/folder/path
2026-02-14 08:33:02 | WARNING  | error_handlers:handle_validation_error:110 | 验证错误: 搜索文件夹不存在: /nonexistent/folder/path, 字段: searchFolder
2026-02-14 08:33:02 | WARNING  | error_handlers:handle_validation_error:110 | 验证错误: Unsupported file format. Supported formats: .jpg, .jpeg, .png, .webp, 字段: file
2026-02-14 08:33:02 | INFO     | app:upload_image:122 | 图片上传成功: d4d37b1f-5b9d-40cb-b49d-5c9fbfe7e2da, 文件名: test_face.jpg
2026-02-14 08:33:02 | INFO     | app:detect_faces:209 | 开始检测人脸: d4d37b1f-5b9d-40cb-b49d-5c9fbfe7e2da
2026-02-14 08:33:02 | INFO     | face_detection:detectFaces:57 | 图片中未检测到人脸: D:\AI_workspace\face-search-app\tests\..\backend\temp_uploads\d4d37b1f-5b9d-40cb-b49d-5c9fbfe7e2da.jpg
2026-02-14 08:33:02 | WARNING  | app:detect_faces:214 | 图片中未检测到人脸: d4d37b1f-5b9d-40cb-b49d-5c9fbfe7e2da
2026-02-14 08:33:13 | INFO     | app:<module>:41 | Flask 应用启动
2026-02-14 08:33:13 | INFO     | app:upload_image:122 | 图片上传成功: 5290e8d0-3e7b-4b90-a841-692af7c03370, 文件名: test_face.jpg
2026-02-14 08:33:13 | INFO     | app:detect_faces:209 | 开始检测人脸: 5290e8d0-3e7b-4b90-a841-692af7c03370
2026-02-14 08:33:14 | INFO     | face_detection:detectFaces:57 | 图片中未检测到人脸: D:\AI_workspace\face-search-app\tests\..\backend\temp_uploads\5290e8d0-3e7b-4b90-a841-692af7c03370.jpg
2026-02-14 08:33:14 | WARNING  | app:detect_faces:214 | 图片中未检测到人脸: 5290e8d0-3e7b-4b90-a841-692af7c03370
2026-02-14 08:34:25 | INFO     | app:<module>:41 | Flask 应用启动
2026-02-14 08:34:34 | WARNING  | error_handlers:handle_validation_error:110 | 验证错误: 需要提供 imageId, 字段: imageId
2026-02-14 08:34:34 | WARNING  | error_handlers:handle_not_found_error:125 | 资源未找到: 未找到图片: nonexistent-id, 类型: image, ID: nonexistent-id
2026-02-14 08:34:34 | INFO     | app:upload_image:122 | 图片上传成功: 53024e11-b4a7-4475-a50b-96ad0de84689, 文件名: test_face.jpg
2026-02-14 08:34:34 | INFO     | app:detect_faces:209 | 开始检测人脸: 53024e11-b4a7-4475-a50b-96ad0de84689
2026-02-14 08:34:34 | INFO     | face_detection:detectFaces:57 | 图片中未检测到人脸: D:\AI_workspace\face-search-app\tests\..\backend\temp_uploads\53024e11-b4a7-4475-a50b-96ad0de84689.jpg
2026-02-14 08:34:34 | WARNING  | app:detect_faces:214 | 图片中未检测到人脸: 53024e11-b4a7-4475-a50b-96ad0de84689
2026-02-14 08:34:34 | INFO     | app:upload_image:122 | 图片上传成功: b39eb425-6b1e-450d-b37b-25f422aac9c3, 文件名: no_face.jpg
2026-02-14 08:34:34 | INFO     | app:detect_faces:209 | 开始检测人脸: b39eb425-6b1e-450d-b37b-25f422aac9c3
2026-02-14 08:34:34 | INFO     | face_detection:detectFaces:57 | 图片中未检测到人脸: D:\AI_workspace\face-search-app\tests\..\backend\temp_uploads\b39eb425-6b1e-450d-b37b-25f422aac9c3.jpg
2026-02-14 08:34:34 | WARNING  | app:detect_faces:214 | 图片中未检测到人脸: b39eb425-6b1e-450d-b37b-25f422aac9c3
2026-02-14 08:34:34 | INFO     | app:upload_image:122 | 图片上传成功: 08297853-bcee-47b7-9473-2dc338485b89, 文件名: test_face.jpg
2026-02-14 08:34:34 | INFO     | app:detect_faces:209 | 开始检测人脸: 08297853-bcee-47b7-9473-2dc338485b89
2026-02-14 08:34:34 | INFO     | face_detection:detectFaces:57 | 图片中未检测到人脸: D:\AI_workspace\face-search-app\tests\..\backend\temp_uploads\08297853-bcee-47b7-9473-2dc338485b89.jpg
2026-02-14 08:34:34 | WARNING  | app:detect_faces:214 | 图片中未检测到人脸: 08297853-bcee-47b7-9473-2dc338485b89
2026-02-14 08:34:34 | INFO     | app:upload_image:122 | 图片上传成功: 939f039e-a9d9-42fb-98e1-648a42231fa4, 文件名: test_face.jpg
2026-02-14 08:34:34 | INFO     | app:detect_faces:209 | 开始检测人脸: 939f039e-a9d9-42fb-98e1-648a42231fa4
2026-02-14 08:34:34 | INFO     | face_detection:detectFaces:57 | 图片中未检测到人脸: D:\AI_workspace\face-search-app\tests\..\backend\temp_uploads\939f039e-a9d9-42fb-98e1-648a42231fa4.jpg
2026-02-14 08:34:34 | WARNING  | app:detect_faces:214 | 图片中未检测到人脸: 939f039e-a9d9-42fb-98e1-648a42231fa4
2026-02-14 08:34:34 | INFO     | app:upload_image:122 | 图片上传成功: c87a738f-9d10-49a4-a185-71ef0458ebc6, 文件名: test_face.jpg
2026-02-14 08:34:34 | INFO     | app:detect_faces:209 | 开始检测人脸: c87a738f-9d10-49a4-a185-71ef0458ebc6
2026-02-14 08:34:34 | INFO     | face_detection:detectFaces:57 | 图片中未检测到人脸: D:\AI_workspace\face-search-app\tests\..\backend\temp_uploads\c87a738f-9d10-49a4-a185-71ef0458ebc6.jpg
2026-02-14 08:34:34 | WARNING  | app:detect_faces:214 | 图片中未检测到人脸: c87a738f-9d10-49a4-a185-71ef0458ebc6
2026-02-14 08:34:34 | INFO     | app:upload_image:122 | 图片上传成功: 82019c84-e3ed-462a-9d20-81c8092d951c, 文件名: test_face.jpg
2026-02-14 08:34:34 | INFO     | app:detect_faces:209 | 开始检测人脸: 82019c84-e3ed-462a-9d20-81c8092d951c
2026-02-14 08:34:35 | INFO     | face_detection:detectFaces:57 | 图片中未检测到人脸: D:\AI_workspace\face-search-app\tests\..\backend\temp_uploads\82019c84-e3ed-462a-9d20-81c8092d951c.jpg
2026-02-14 08:34:35 | WARNING  | app:detect_faces:214 | 图片中未检测到人脸: 82019c84-e3ed-462a-9d20-81c8092d951c
2026-02-14 08:34:35 | INFO     | app:upload_image:122 | 图片上传成功: 31000b38-300d-4217-bbe3-542121b489d0, 文件名: test_face.jpg
2026-02-14 08:34:35 | INFO     | app:detect_faces:209 | 开始检测人脸: 31000b38-300d-4217-bbe3-542121b489d0
2026-02-14 08:34:35 | INFO     | face_detection:detectFaces:57 | 图片中未检测到人脸: D:\AI_workspace\face-search-app\tests\..\backend\temp_uploads\31000b38-300d-4217-bbe3-542121b489d0.jpg
2026-02-14 08:34:35 | WARNING  | app:detect_faces:214 | 图片中未检测到人脸: 31000b38-300d-4217-bbe3-542121b489d0
2026-02-14 08:34:35 | INFO     | app:export_images:596 | 开始转存图片: 1 个文件到 C:\Users\ADMINI~1\AppData\Local\Temp\tmpfbeaybbp
2026-02-14 08:34:35 | INFO     | image_export:exportImages:79 | 开始转存图片: 1 个文件到 C:\Users\ADMINI~1\AppData\Local\Temp\tmpfbeaybbp
2026-02-14 08:34:35 | INFO     | image_export:exportImages:155 | 转存完成: 成功 1, 失败 0
2026-02-14 08:34:35 | INFO     | app:export_images:602 | 转存完成: 成功 1, 失败 0
2026-02-14 08:34:35 | INFO     | app:upload_image:122 | 图片上传成功: 9af9019c-d7ed-4a9b-8b47-4518523fa17b, 文件名: test_face.jpg
2026-02-14 08:34:35 | WARNING  | app:search_faces:298 | 搜索文件夹不存在: /nonexistent/folder/path
2026-02-14 08:34:35 | WARNING  | error_handlers:handle_validation_error:110 | 验证错误: 搜索文件夹不存在: /nonexistent/folder/path, 字段: searchFolder
2026-02-14 08:34:35 | WARNING  | error_handlers:handle_validation_error:110 | 验证错误: Unsupported file format. Supported formats: .jpg, .jpeg, .png, .webp, 字段: file
2026-02-14 08:34:35 | INFO     | app:upload_image:122 | 图片上传成功: d41f49a4-8b6e-4a51-9ebb-a2042f2c1730, 文件名: test_face.jpg
2026-02-14 08:34:35 | INFO     | app:detect_faces:209 | 开始检测人脸: d41f49a4-8b6e-4a51-9ebb-a2042f2c1730
2026-02-14 08:34:35 | INFO     | face_detection:detectFaces:57 | 图片中未检测到人脸: D:\AI_workspace\face-search-app\tests\..\backend\temp_uploads\d41f49a4-8b6e-4a51-9ebb-a2042f2c1730.jpg
2026-02-14 08:34:35 | WARNING  | app:detect_faces:214 | 图片中未检测到人脸: d41f49a4-8b6e-4a51-9ebb-a2042f2c1730
2026-02-14 08:34:35 | ERROR    | face_detection:detectFaces:76 | 处理图片时发生错误: D:\AI_workspace\face-search-app\tests\..\backend\temp_uploads\test.jpg, 错误: Face detection service is unavailable
Traceback (most recent call last):
  File "D:\AI_workspace\face-search-app\tests\..\backend\face_detection.py", line 53, in detectFaces
    face_locations = face_recognition.face_locations(image)
  File "D:\AI_workspace\face-search-app\tests\test_error_handlers.py", line 222, in mock_face_locations
    raise RuntimeError("Face detection service is unavailable")
RuntimeError: Face detection service is unavailable
2026-02-14 08:34:35 | ERROR    | face_detection:detectFaces:76 | 处理图片时发生错误: C:\Users\Administrator\AppData\Local\Temp\pytest-of-Administrator\pytest-91\test_face_detection_with_corru0\corrupted.jpg, 错误: cannot identify image file 'C:\\Users\\Administrator\\AppData\\Local\\Temp\\pytest-of-Administrator\\pytest-91\\test_face_detection_with_corru0\\corrupted.jpg'
Traceback (most recent call last):
  File "D:\AI_workspace\face-search-app\tests\..\backend\face_detection.py", line 49, in detectFaces
    image = face_recognition.load_image_file(image_path)
  File "D:\AI_workspace\face-search-app\backend\venv\Lib\site-packages\face_recognition\api.py", line 86, in load_image_file
    im = PIL.Image.open(file)
  File "D:\AI_workspace\face-search-app\backend\venv\Lib\site-packages\PIL\Image.py", line 3579, in open
    raise UnidentifiedImageError(msg)
PIL.UnidentifiedImageError: cannot identify image file 'C:\\Users\\Administrator\\AppData\\Local\\Temp\\pytest-of-Administrator\\pytest-91\\test_face_detection_with_corru0\\corrupted.jpg'
2026-02-14 08:34:35 | WARNING  | error_handlers:handle_validation_error:110 | 验证错误: 未提供文件, 字段: file
2026-02-14 08:34:35 | WARNING  | error_handlers:handle_validation_error:110 | 验证错误: 未选择文件, 字段: file
2026-02-14 08:34:35 | WARNING  | error_handlers:handle_validation_error:110 | 验证错误: Unsupported file format. Supported formats: .jpg, .jpeg, .png, .webp, 字段: file
2026-02-14 08:34:35 | WARNING  | error_handlers:handle_validation_error:110 | 验证错误: 需要提供 imageId, 字段: imageId
2026-02-14 08:34:35 | WARNING  | error_handlers:handle_not_found_error:125 | 资源未找到: 未找到图片: nonexistent-id, 类型: image, ID: nonexistent-id
2026-02-14 08:34:35 | WARNING  | error_handlers:handle_validation_error:110 | 验证错误: 需要提供请求体, 字段: None
2026-02-14 08:34:35 | WARNING  | error_handlers:handle_validation_error:110 | 验证错误: 需要提供 faceId, 字段: faceId
2026-02-14 08:34:35 | WARNING  | error_handlers:handle_validation_error:110 | 验证错误: threshold 必须在 0 到 1 之间, 字段: threshold
2026-02-14 08:34:35 | WARNING  | app:search_faces:298 | 搜索文件夹不存在: /nonexistent/folder
2026-02-14 08:34:35 | WARNING  | error_handlers:handle_validation_error:110 | 验证错误: 搜索文件夹不存在: /nonexistent/folder, 字段: searchFolder
2026-02-14 08:34:35 | WARNING  | error_handlers:handle_not_found_error:125 | 资源未找到: 未找到搜索任务: nonexistent-task-id, 类型: task, ID: nonexistent-task-id
2026-02-14 08:34:35 | WARNING  | error_handlers:handle_not_found_error:125 | 资源未找到: 未找到搜索任务: nonexistent-task-id, 类型: task, ID: nonexistent-task-id
2026-02-14 08:34:35 | WARNING  | error_handlers:handle_validation_error:110 | 验证错误: 需要提供请求体, 字段: None
2026-02-14 08:34:35 | WARNING  | error_handlers:handle_validation_error:110 | 验证错误: imagePaths 必须是数组, 字段: imagePaths
2026-02-14 08:34:35 | WARNING  | error_handlers:handle_validation_error:110 | 验证错误: imagePaths 不能为空, 字段: imagePaths
2026-02-14 08:34:35 | WARNING  | error_handlers:handle_not_found_error:125 | 资源未找到: 目标文件夹不存在: /nonexistent/folder, 类型: folder, ID: /nonexistent/folder
2026-02-14 08:34:35 | WARNING  | error_handlers:handle_not_found:181 | 路由未找到: 404 Not Found: The requested URL was not found on the server. If you entered the URL manually please check your spelling and try again.
2026-02-14 08:34:35 | WARNING  | error_handlers:handle_method_not_allowed:191 | HTTP方法不允许: 405 Method Not Allowed: The method is not allowed for the requested URL.
2026-02-14 08:34:35 | WARNING  | error_handlers:handle_validation_error:110 | 验证错误: 未提供文件, 字段: file
2026-02-14 08:34:35 | WARNING  | app:preview_image:159 | 预览请求失败，未找到图片: nonexistent
2026-02-14 08:34:35 | WARNING  | error_handlers:handle_not_found_error:125 | 资源未找到: 未找到图片: nonexistent, 类型: image, ID: nonexistent
2026-02-14 08:34:35 | WARNING  | error_handlers:handle_not_found:181 | 路由未找到: 404 Not Found: The requested URL was not found on the server. If you entered the URL manually please check your spelling and try again.
2026-02-14 08:34:35 | WARNING  | error_handlers:handle_validation_error:110 | 验证错误: 需要提供 imageId, 字段: imageId
2026-02-14 08:34:37 | INFO     | app:export_images:596 | 开始转存图片: 2 个文件到 C:\Users\ADMINI~1\AppData\Local\Temp\tmpp797rvcy\target
2026-02-14 08:34:37 | INFO     | image_export:exportImages:79 | 开始转存图片: 2 个文件到 C:\Users\ADMINI~1\AppData\Local\Temp\tmpp797rvcy\target
2026-02-14 08:34:37 | INFO     | image_export:exportImages:155 | 转存完成: 成功 2, 失败 0
2026-02-14 08:34:37 | INFO     | app:export_images:602 | 转存完成: 成功 2, 失败 0
2026-02-14 08:34:37 | WARNING  | error_handlers:handle_validation_error:110 | 验证错误: 需要提供 imagePaths, 字段: imagePaths
2026-02-14 08:34:37 | WARNING  | error_handlers:handle_validation_error:110 | 验证错误: 需要提供 targetFolder, 字段: targetFolder
2026-02-14 08:34:37 | WARNING  | error_handlers:handle_validation_error:110 | 验证错误: imagePaths 必须是数组, 字段: imagePaths
2026-02-14 08:34:37 | WARNING  | error_handlers:handle_validation_error:110 | 验证错误: imagePaths 不能为空, 字段: imagePaths
2026-02-14 08:34:37 | WARNING  | error_handlers:handle_not_found_error:125 | 资源未找到: 目标文件夹不存在: C:\Users\ADMINI~1\AppData\Local\Temp\tmppk9bkrs0\nonexistent, 类型: folder, ID: C:\Users\ADMINI~1\AppData\Local\Temp\tmppk9bkrs0\nonexistent
2026-02-14 08:34:37 | WARNING  | error_handlers:handle_validation_error:110 | 验证错误: 目标路径不是文件夹: C:\Users\ADMINI~1\AppData\Local\Temp\tmp2oqp1d68\source\notadir.txt, 字段: targetFolder
2026-02-14 08:34:37 | INFO     | app:export_images:596 | 开始转存图片: 2 个文件到 C:\Users\ADMINI~1\AppData\Local\Temp\tmp1zzooc60\target
2026-02-14 08:34:37 | INFO     | image_export:exportImages:79 | 开始转存图片: 2 个文件到 C:\Users\ADMINI~1\AppData\Local\Temp\tmp1zzooc60\target
2026-02-14 08:34:38 | WARNING  | image_export:exportImages:101 | 源文件不存在: C:\Users\ADMINI~1\AppData\Local\Temp\tmp1zzooc60\source\invalid.jpg
2026-02-14 08:34:38 | INFO     | image_export:exportImages:155 | 转存完成: 成功 1, 失败 1
2026-02-14 08:34:38 | INFO     | app:export_images:602 | 转存完成: 成功 1, 失败 1
2026-02-14 08:34:38 | INFO     | app:export_images:596 | 开始转存图片: 1 个文件到 C:\Users\ADMINI~1\AppData\Local\Temp\tmpla79637h\target
2026-02-14 08:34:38 | INFO     | image_export:exportImages:79 | 开始转存图片: 1 个文件到 C:\Users\ADMINI~1\AppData\Local\Temp\tmpla79637h\target
2026-02-14 08:34:38 | INFO     | image_export:exportImages:155 | 转存完成: 成功 1, 失败 0
2026-02-14 08:34:38 | INFO     | app:export_images:602 | 转存完成: 成功 1, 失败 0
2026-02-14 08:34:38 | INFO     | app:export_images:596 | 开始转存图片: 1 个文件到 C:\Users\ADMINI~1\AppData\Local\Temp\tmpr9dipq7y\target
2026-02-14 08:34:38 | INFO     | image_export:exportImages:79 | 开始转存图片: 1 个文件到 C:\Users\ADMINI~1\AppData\Local\Temp\tmpr9dipq7y\target
2026-02-14 08:34:38 | WARNING  | image_export:exportImages:101 | 源文件不存在: C:\Users\ADMINI~1\AppData\Local\Temp\tmpr9dipq7y\source\missing.jpg
2026-02-14 08:34:38 | INFO     | image_export:exportImages:155 | 转存完成: 成功 0, 失败 1
2026-02-14 08:34:38 | INFO     | app:export_images:602 | 转存完成: 成功 0, 失败 1
2026-02-14 08:34:38 | INFO     | face_detection:detectFaces:57 | 图片中未检测到人脸: C:\Users\Administrator\AppData\Local\Temp\pytest-of-Administrator\pytest-91\test_detectFaces_returns_detec0\test_face.jpg
2026-02-14 08:34:38 | ERROR    | face_detection:detectFaces:73 | 图片文件未找到: /nonexistent/path/image.jpg
2026-02-14 08:34:38 | INFO     | face_detection:detectFaces:57 | 图片中未检测到人脸: C:\Users\Administrator\AppData\Local\Temp\pytest-of-Administrator\pytest-91\test_detectFaces_no_faces_retu0\no_face.jpg
2026-02-14 08:34:38 | INFO     | face_detection:detectFaces:57 | 图片中未检测到人脸: C:\Users\Administrator\AppData\Local\Temp\pytest-of-Administrator\pytest-91\test_single_face_detection0\single_face.jpg
2026-02-14 08:34:38 | INFO     | face_detection:detectFaces:57 | 图片中未检测到人脸: C:\Users\Administrator\AppData\Local\Temp\pytest-of-Administrator\pytest-91\test_multiple_faces_detection0\multiple_faces.jpg
2026-02-14 08:34:38 | INFO     | face_detection:detectFaces:57 | 图片中未检测到人脸: C:\Users\Administrator\AppData\Local\Temp\pytest-of-Administrator\pytest-91\test_no_face_detection_boundar0\solid_color.jpg
2026-02-14 08:34:38 | INFO     | face_detection:detectFaces:57 | 图片中未检测到人脸: C:\Users\Administrator\AppData\Local\Temp\pytest-of-Administrator\pytest-91\test_no_face_detection_boundar0\gradient.jpg
2026-02-14 08:34:38 | INFO     | face_detection:detectFaces:57 | 图片中未检测到人脸: C:\Users\Administrator\AppData\Local\Temp\pytest-of-Administrator\pytest-91\test_no_face_detection_boundar0\pattern.jpg
2026-02-14 08:34:38 | INFO     | face_detection:detectFaces:57 | 图片中未检测到人脸: C:\Users\Administrator\AppData\Local\Temp\pytest-of-Administrator\pytest-91\test_face_detection_with_lands0\landscape_face.jpg
2026-02-14 08:34:38 | INFO     | face_detection:detectFaces:57 | 图片中未检测到人脸: C:\Users\Administrator\AppData\Local\Temp\pytest-of-Administrator\pytest-91\test_face_detection_with_portr0\portrait_face.jpg
2026-02-14 08:34:39 | INFO     | face_detection:detectFaces:57 | 图片中未检测到人脸: C:\Users\Administrator\AppData\Local\Temp\pytest-of-Administrator\pytest-91\test_detectFaces_workflow0\synthetic_face.jpg
2026-02-14 08:34:39 | ERROR    | face_detection:detectFaces:73 | 图片文件未找到: /nonexistent/file.jpg
2026-02-14 08:34:39 | ERROR    | face_detection:detectFaces:73 | 图片文件未找到: 
2026-02-14 08:34:39 | INFO     | face_detection:detectFaces:57 | 图片中未检测到人脸: C:\Users\Administrator\AppData\Local\Temp\pytest-of-Administrator\pytest-91\test_all_detected_faces_have_c0\test_pattern_200x200_1.jpg
2026-02-14 08:34:39 | INFO     | face_detection:detectFaces:57 | 图片中未检测到人脸: C:\Users\Administrator\AppData\Local\Temp\pytest-of-Administrator\pytest-91\test_all_detected_faces_have_c0\test_pattern_744x200_1.jpg
2026-02-14 08:34:40 | INFO     | face_detection:detectFaces:57 | 图片中未检测到人脸: C:\Users\Administrator\AppData\Local\Temp\pytest-of-Administrator\pytest-91\test_all_detected_faces_have_c0\test_pattern_744x625_2.jpg
2026-02-14 08:34:40 | INFO     | face_detection:detectFaces:69 | 人脸检测完成: C:\Users\Administrator\AppData\Local\Temp\pytest-of-Administrator\pytest-91\test_all_detected_faces_have_c0\test_pattern_334x308_1.jpg, 检测到 1 个人脸
2026-02-14 08:34:41 | INFO     | face_detection:detectFaces:69 | 人脸检测完成: C:\Users\Administrator\AppData\Local\Temp\pytest-of-Administrator\pytest-91\test_all_detected_faces_have_c0\test_pattern_752x381_3.jpg, 检测到 1 个人脸
2026-02-14 08:34:41 | INFO     | face_detection:detectFaces:57 | 图片中未检测到人脸: C:\Users\Administrator\AppData\Local\Temp\pytest-of-Administrator\pytest-91\test_all_detected_faces_have_c0\test_pattern_491x308_2.jpg
2026-02-14 08:34:42 | INFO     | face_detection:detectFaces:69 | 人脸检测完成: C:\Users\Administrator\AppData\Local\Temp\pytest-of-Administrator\pytest-91\test_all_detected_faces_have_c0\test_pattern_799x362_3.jpg, 检测到 1 个人脸
2026-02-14 08:34:42 | INFO     | face_detection:detectFaces:57 | 图片中未检测到人脸: C:\Users\Administrator\AppData\Local\Temp\pytest-of-Administrator\pytest-91\test_all_detected_faces_have_c0\test_pattern_684x232_3.jpg
2026-02-14 08:34:42 | INFO     | face_detection:detectFaces:57 | 图片中未检测到人脸: C:\Users\Administrator\AppData\Local\Temp\pytest-of-Administrator\pytest-91\test_all_detected_faces_have_c0\test_pattern_499x213_2.jpg
2026-02-14 08:34:43 | INFO     | face_detection:detectFaces:69 | 人脸检测完成: C:\Users\Administrator\AppData\Local\Temp\pytest-of-Administrator\pytest-91\test_all_detected_faces_have_c0\test_pattern_287x426_2.jpg, 检测到 1 个人脸
2026-02-14 08:34:44 | INFO     | face_detection:detectFaces:69 | 人脸检测完成: C:\Users\Administrator\AppData\Local\Temp\pytest-of-Administrator\pytest-91\test_all_detected_faces_have_c0\test_pattern_674x662_1.jpg, 检测到 1 个人脸
2026-02-14 08:34:44 | INFO     | face_detection:detectFaces:57 | 图片中未检测到人脸: C:\Users\Administrator\AppData\Local\Temp\pytest-of-Administrator\pytest-91\test_all_detected_faces_have_c0\test_pattern_674x200_1.jpg
2026-02-14 08:34:44 | INFO     | face_detection:detectFaces:57 | 图片中未检测到人脸: C:\Users\Administrator\AppData\Local\Temp\pytest-of-Administrator\pytest-91\test_all_detected_faces_have_c0\test_pattern_384x482_2.jpg
2026-02-14 08:34:44 | INFO     | face_detection:detectFaces:57 | 图片中未检测到人脸: C:\Users\Administrator\AppData\Local\Temp\pytest-of-Administrator\pytest-91\test_all_detected_faces_have_c0\test_pattern_200x482_2.jpg
2026-02-14 08:34:44 | INFO     | face_detection:detectFaces:57 | 图片中未检测到人脸: C:\Users\Administrator\AppData\Local\Temp\pytest-of-Administrator\pytest-91\test_all_detected_faces_have_c0\test_pattern_200x200_2.jpg
2026-02-14 08:34:44 | INFO     | face_detection:detectFaces:57 | 图片中未检测到人脸: C:\Users\Administrator\AppData\Local\Temp\pytest-of-Administrator\pytest-91\test_empty_detection_result_ha0\no_faces.jpg
2026-02-14 08:34:44 | INFO     | face_search:searchFaces:70 | 开始搜索人脸: 文件夹=C:\Users\ADMINI~1\AppData\Local\Temp\tmph08emag3, 阈值=0.6
2026-02-14 08:34:44 | INFO     | face_search:searchFaces:83 | 扫描完成，找到 0 个图片文件
2026-02-14 08:34:44 | INFO     | face_search:searchFaces:174 | 搜索完成: 处理 0 个文件, 跳过 0 个文件, 找到 0 个匹配结果, 已取消: False
2026-02-14 08:34:44 | INFO     | face_search:searchFaces:70 | 开始搜索人脸: 文件夹=/nonexistent/folder, 阈值=0.6
2026-02-14 08:34:44 | ERROR    | face_search:searchFaces:76 | 扫描文件夹失败: /nonexistent/folder, 错误: Folder path does not exist: /nonexistent/folder
2026-02-14 08:34:44 | INFO     | face_search:searchFaces:70 | 开始搜索人脸: 文件夹=C:\Users\ADMINI~1\AppData\Local\Temp\tmpgwtm9l2u, 阈值=0.6
2026-02-14 08:34:44 | INFO     | face_search:searchFaces:83 | 扫描完成，找到 3 个图片文件
2026-02-14 08:34:44 | INFO     | face_detection:detectFaces:57 | 图片中未检测到人脸: C:\Users\ADMINI~1\AppData\Local\Temp\tmpgwtm9l2u\test_image_0.jpg
2026-02-14 08:34:44 | INFO     | face_detection:detectFaces:57 | 图片中未检测到人脸: C:\Users\ADMINI~1\AppData\Local\Temp\tmpgwtm9l2u\test_image_1.jpg
2026-02-14 08:34:44 | INFO     | face_detection:detectFaces:57 | 图片中未检测到人脸: C:\Users\ADMINI~1\AppData\Local\Temp\tmpgwtm9l2u\test_image_2.jpg
2026-02-14 08:34:44 | INFO     | face_search:searchFaces:174 | 搜索完成: 处理 3 个文件, 跳过 3 个文件, 找到 0 个匹配结果, 已取消: False
2026-02-14 08:34:44 | INFO     | face_search:searchFaces:70 | 开始搜索人脸: 文件夹=C:\Users\ADMINI~1\AppData\Local\Temp\tmpn6zgst6n, 阈值=0.6
2026-02-14 08:34:44 | INFO     | face_search:searchFaces:83 | 扫描完成，找到 3 个图片文件
2026-02-14 08:34:44 | INFO     | face_search:cancelSearch:195 | 收到取消搜索请求
2026-02-14 08:34:44 | INFO     | face_detection:detectFaces:57 | 图片中未检测到人脸: C:\Users\ADMINI~1\AppData\Local\Temp\tmpn6zgst6n\test_image_0.jpg
2026-02-14 08:34:44 | INFO     | face_search:searchFaces:94 | 搜索已取消，已处理 1/3 个文件
2026-02-14 08:34:44 | INFO     | face_search:searchFaces:174 | 搜索完成: 处理 1 个文件, 跳过 1 个文件, 找到 0 个匹配结果, 已取消: True
2026-02-14 08:34:44 | INFO     | face_search:searchFaces:70 | 开始搜索人脸: 文件夹=C:\Users\ADMINI~1\AppData\Local\Temp\tmpm7kz62ox, 阈值=0.99
2026-02-14 08:34:44 | INFO     | face_search:searchFaces:83 | 扫描完成，找到 1 个图片文件
2026-02-14 08:34:44 | INFO     | face_detection:detectFaces:57 | 图片中未检测到人脸: C:\Users\ADMINI~1\AppData\Local\Temp\tmpm7kz62ox\test.jpg
2026-02-14 08:34:44 | INFO     | face_search:searchFaces:174 | 搜索完成: 处理 1 个文件, 跳过 1 个文件, 找到 0 个匹配结果, 已取消: False
2026-02-14 08:34:44 | INFO     | face_search:searchFaces:70 | 开始搜索人脸: 文件夹=C:\Users\ADMINI~1\AppData\Local\Temp\tmphli8rov9, 阈值=0.0
2026-02-14 08:34:44 | INFO     | face_search:searchFaces:83 | 扫描完成，找到 3 个图片文件
2026-02-14 08:34:44 | INFO     | face_detection:detectFaces:57 | 图片中未检测到人脸: C:\Users\ADMINI~1\AppData\Local\Temp\tmphli8rov9\test_0.jpg
2026-02-14 08:34:44 | INFO     | face_detection:detectFaces:57 | 图片中未检测到人脸: C:\Users\ADMINI~1\AppData\Local\Temp\tmphli8rov9\test_1.jpg
2026-02-14 08:34:44 | INFO     | face_detection:detectFaces:57 | 图片中未检测到人脸: C:\Users\ADMINI~1\AppData\Local\Temp\tmphli8rov9\test_2.jpg
2026-02-14 08:34:44 | INFO     | face_search:searchFaces:174 | 搜索完成: 处理 3 个文件, 跳过 3 个文件, 找到 0 个匹配结果, 已取消: False
2026-02-14 08:34:44 | INFO     | face_search:searchFaces:70 | 开始搜索人脸: 文件夹=C:\Users\ADMINI~1\AppData\Local\Temp\tmpz0mkbwad, 阈值=0.6
2026-02-14 08:34:44 | INFO     | face_search:searchFaces:83 | 扫描完成，找到 2 个图片文件
2026-02-14 08:34:44 | ERROR    | face_detection:detectFaces:76 | 处理图片时发生错误: C:\Users\ADMINI~1\AppData\Local\Temp\tmpz0mkbwad\corrupted.jpg, 错误: cannot identify image file 'C:\\Users\\ADMINI~1\\AppData\\Local\\Temp\\tmpz0mkbwad\\corrupted.jpg'
Traceback (most recent call last):
  File "D:\AI_workspace\face-search-app\tests\..\backend\face_detection.py", line 49, in detectFaces
    image = face_recognition.load_image_file(image_path)
  File "D:\AI_workspace\face-search-app\backend\venv\Lib\site-packages\face_recognition\api.py", line 86, in load_image_file
    im = PIL.Image.open(file)
  File "D:\AI_workspace\face-search-app\backend\venv\Lib\site-packages\PIL\Image.py", line 3579, in open
    raise UnidentifiedImageError(msg)
PIL.UnidentifiedImageError: cannot identify image file 'C:\\Users\\ADMINI~1\\AppData\\Local\\Temp\\tmpz0mkbwad\\corrupted.jpg'
2026-02-14 08:34:44 | INFO     | face_detection:detectFaces:57 | 图片中未检测到人脸: C:\Users\ADMINI~1\AppData\Local\Temp\tmpz0mkbwad\valid.jpg
2026-02-14 08:34:44 | INFO     | face_search:searchFaces:174 | 搜索完成: 处理 2 个文件, 跳过 2 个文件, 找到 0 个匹配结果, 已取消: False
2026-02-14 08:34:44 | INFO     | face_search:searchFaces:70 | 开始搜索人脸: 文件夹=C:\Users\ADMINI~1\AppData\Local\Temp\tmpqccptmz4, 阈值=0.6
2026-02-14 08:34:44 | INFO     | face_search:searchFaces:83 | 扫描完成，找到 3 个图片文件
2026-02-14 08:34:44 | INFO     | face_detection:detectFaces:57 | 图片中未检测到人脸: C:\Users\ADMINI~1\AppData\Local\Temp\tmpqccptmz4\test_image_0.jpg
2026-02-14 08:34:44 | INFO     | face_detection:detectFaces:57 | 图片中未检测到人脸: C:\Users\ADMINI~1\AppData\Local\Temp\tmpqccptmz4\test_image_1.jpg
2026-02-14 08:34:44 | INFO     | face_detection:detectFaces:57 | 图片中未检测到人脸: C:\Users\ADMINI~1\AppData\Local\Temp\tmpqccptmz4\test_image_2.jpg
2026-02-14 08:34:44 | INFO     | face_search:searchFaces:174 | 搜索完成: 处理 3 个文件, 跳过 3 个文件, 找到 0 个匹配结果, 已取消: False
2026-02-14 08:34:44 | INFO     | face_search:searchFaces:70 | 开始搜索人脸: 文件夹=C:\Users\ADMINI~1\AppData\Local\Temp\tmpqccptmz4, 阈值=0.6
2026-02-14 08:34:44 | INFO     | face_search:searchFaces:83 | 扫描完成，找到 3 个图片文件
2026-02-14 08:34:44 | INFO     | face_detection:detectFaces:57 | 图片中未检测到人脸: C:\Users\ADMINI~1\AppData\Local\Temp\tmpqccptmz4\test_image_0.jpg
2026-02-14 08:34:44 | INFO     | face_detection:detectFaces:57 | 图片中未检测到人脸: C:\Users\ADMINI~1\AppData\Local\Temp\tmpqccptmz4\test_image_1.jpg
2026-02-14 08:34:44 | INFO     | face_detection:detectFaces:57 | 图片中未检测到人脸: C:\Users\ADMINI~1\AppData\Local\Temp\tmpqccptmz4\test_image_2.jpg
2026-02-14 08:34:44 | INFO     | face_search:searchFaces:174 | 搜索完成: 处理 3 个文件, 跳过 3 个文件, 找到 0 个匹配结果, 已取消: False
2026-02-14 08:34:44 | INFO     | face_search:searchFaces:70 | 开始搜索人脸: 文件夹=C:\Users\ADMINI~1\AppData\Local\Temp\tmp8gtisw49, 阈值=0.3
2026-02-14 08:34:44 | INFO     | face_search:searchFaces:83 | 扫描完成，找到 3 个图片文件
2026-02-14 08:34:44 | INFO     | face_detection:detectFaces:57 | 图片中未检测到人脸: C:\Users\ADMINI~1\AppData\Local\Temp\tmp8gtisw49\test_image_0.jpg
2026-02-14 08:34:44 | INFO     | face_detection:detectFaces:57 | 图片中未检测到人脸: C:\Users\ADMINI~1\AppData\Local\Temp\tmp8gtisw49\test_image_1.jpg
2026-02-14 08:34:44 | INFO     | face_detection:detectFaces:57 | 图片中未检测到人脸: C:\Users\ADMINI~1\AppData\Local\Temp\tmp8gtisw49\test_image_2.jpg
2026-02-14 08:34:44 | INFO     | face_search:searchFaces:174 | 搜索完成: 处理 3 个文件, 跳过 3 个文件, 找到 0 个匹配结果, 已取消: False
2026-02-14 08:34:44 | INFO     | face_search:searchFaces:70 | 开始搜索人脸: 文件夹=C:\Users\ADMINI~1\AppData\Local\Temp\tmp8gtisw49, 阈值=0.9
2026-02-14 08:34:44 | INFO     | face_search:searchFaces:83 | 扫描完成，找到 3 个图片文件
2026-02-14 08:34:45 | INFO     | face_detection:detectFaces:57 | 图片中未检测到人脸: C:\Users\ADMINI~1\AppData\Local\Temp\tmp8gtisw49\test_image_0.jpg
2026-02-14 08:34:45 | INFO     | face_detection:detectFaces:57 | 图片中未检测到人脸: C:\Users\ADMINI~1\AppData\Local\Temp\tmp8gtisw49\test_image_1.jpg
2026-02-14 08:34:45 | INFO     | face_detection:detectFaces:57 | 图片中未检测到人脸: C:\Users\ADMINI~1\AppData\Local\Temp\tmp8gtisw49\test_image_2.jpg
2026-02-14 08:34:45 | INFO     | face_search:searchFaces:174 | 搜索完成: 处理 3 个文件, 跳过 3 个文件, 找到 0 个匹配结果, 已取消: False
2026-02-14 08:34:48 | INFO     | image_export:exportImages:79 | 开始转存图片: 1 个文件到 C:\Users\ADMINI~1\AppData\Local\Temp\tmpp6jg2bu3\target
2026-02-14 08:34:48 | INFO     | image_export:exportImages:155 | 转存完成: 成功 1, 失败 0
2026-02-14 08:34:48 | INFO     | image_export:exportImages:79 | 开始转存图片: 3 个文件到 C:\Users\ADMINI~1\AppData\Local\Temp\tmpsb6aa3cu\target
2026-02-14 08:34:48 | INFO     | image_export:exportImages:155 | 转存完成: 成功 3, 失败 0
2026-02-14 08:34:48 | INFO     | image_export:exportImages:79 | 开始转存图片: 1 个文件到 C:\Users\ADMINI~1\AppData\Local\Temp\tmp5c2u303q\target
2026-02-14 08:34:48 | INFO     | image_export:exportImages:155 | 转存完成: 成功 1, 失败 0
2026-02-14 08:34:48 | INFO     | image_export:exportImages:79 | 开始转存图片: 1 个文件到 C:\Users\ADMINI~1\AppData\Local\Temp\tmpc6a0h92j\target
2026-02-14 08:34:48 | INFO     | image_export:exportImages:155 | 转存完成: 成功 1, 失败 0
2026-02-14 08:34:48 | INFO     | image_export:exportImages:79 | 开始转存图片: 1 个文件到 C:\Users\ADMINI~1\AppData\Local\Temp\tmpfc877q5m\target
2026-02-14 08:34:48 | WARNING  | image_export:exportImages:101 | 源文件不存在: C:\Users\ADMINI~1\AppData\Local\Temp\tmpfc877q5m\source\missing.jpg
2026-02-14 08:34:48 | INFO     | image_export:exportImages:155 | 转存完成: 成功 0, 失败 1
2026-02-14 08:34:48 | ERROR    | image_export:exportImages:57 | 目标文件夹不存在: C:\Users\ADMINI~1\AppData\Local\Temp\tmp4mh68jr_\nonexistent
2026-02-14 08:34:48 | INFO     | image_export:exportImages:79 | 开始转存图片: 2 个文件到 C:\Users\ADMINI~1\AppData\Local\Temp\tmpfrfs9o1u\target
2026-02-14 08:34:48 | WARNING  | image_export:exportImages:101 | 源文件不存在: C:\Users\ADMINI~1\AppData\Local\Temp\tmpfrfs9o1u\source\invalid.jpg
2026-02-14 08:34:48 | INFO     | image_export:exportImages:155 | 转存完成: 成功 1, 失败 1
2026-02-14 08:34:48 | INFO     | image_export:exportImages:79 | 开始转存图片: 0 个文件到 C:\Users\ADMINI~1\AppData\Local\Temp\tmpsk1z3p_n\target
2026-02-14 08:34:48 | INFO     | image_export:exportImages:155 | 转存完成: 成功 0, 失败 0
2026-02-14 08:34:48 | INFO     | image_export:exportImages:79 | 开始转存图片: 1 个文件到 C:\Users\ADMINI~1\AppData\Local\Temp\tmp5cpyoxac\target
2026-02-14 08:34:48 | INFO     | image_export:exportImages:155 | 转存完成: 成功 1, 失败 0
2026-02-14 08:34:48 | INFO     | image_export:exportImages:79 | 开始转存图片: 3 个文件到 C:\Users\ADMINI~1\AppData\Local\Temp\tmpgxbtdoqz\target
2026-02-14 08:34:48 | INFO     | image_export:exportImages:155 | 转存完成: 成功 3, 失败 0
2026-02-14 08:34:49 | INFO     | image_export:exportImages:79 | 开始转存图片: 4 个文件到 C:\Users\ADMINI~1\AppData\Local\Temp\tmpcp704ot4\target
2026-02-14 08:34:49 | WARNING  | image_export:exportImages:101 | 源文件不存在: C:\Users\ADMINI~1\AppData\Local\Temp\tmpcp704ot4\source\invalid1.jpg
2026-02-14 08:34:49 | WARNING  | image_export:exportImages:101 | 源文件不存在: C:\Users\ADMINI~1\AppData\Local\Temp\tmpcp704ot4\source\invalid2.jpg
2026-02-14 08:34:49 | INFO     | image_export:exportImages:155 | 转存完成: 成功 2, 失败 2
2026-02-14 08:34:49 | INFO     | image_export:exportImages:79 | 开始转存图片: 1 个文件到 C:\Users\ADMINI~1\AppData\Local\Temp\tmpaf65en7e\target
2026-02-14 08:34:49 | INFO     | image_export:exportImages:155 | 转存完成: 成功 1, 失败 0
2026-02-14 08:34:49 | INFO     | image_export:exportImages:79 | 开始转存图片: 1 个文件到 C:\Users\ADMINI~1\AppData\Local\Temp\tmps71p9pb8\target
2026-02-14 08:34:49 | INFO     | image_export:exportImages:155 | 转存完成: 成功 1, 失败 0
2026-02-14 08:34:49 | INFO     | image_export:exportImages:79 | 开始转存图片: 1 个文件到 C:\Users\ADMINI~1\AppData\Local\Temp\tmp2y7299sg\target
2026-02-14 08:34:49 | INFO     | image_export:exportImages:155 | 转存完成: 成功 1, 失败 0
2026-02-14 08:34:49 | INFO     | image_export:exportImages:79 | 开始转存图片: 1 个文件到 C:\Users\ADMINI~1\AppData\Local\Temp\tmp1wai646v\target
2026-02-14 08:34:49 | INFO     | image_export:exportImages:155 | 转存完成: 成功 1, 失败 0
2026-02-14 08:34:49 | INFO     | image_export:exportImages:79 | 开始转存图片: 1 个文件到 C:\Users\ADMINI~1\AppData\Local\Temp\tmptckfsa7_\target
2026-02-14 08:34:49 | INFO     | image_export:exportImages:155 | 转存完成: 成功 1, 失败 0
2026-02-14 08:34:49 | INFO     | image_export:exportImages:79 | 开始转存图片: 1 个文件到 C:\Users\ADMINI~1\AppData\Local\Temp\tmpysge343r\target
2026-02-14 08:34:49 | INFO     | image_export:exportImages:155 | 转存完成: 成功 1, 失败 0
2026-02-14 08:34:49 | INFO     | image_export:exportImages:79 | 开始转存图片: 1 个文件到 C:\Users\ADMINI~1\AppData\Local\Temp\tmpe_n81cc6\target
2026-02-14 08:34:49 | INFO     | image_export:exportImages:155 | 转存完成: 成功 1, 失败 0
2026-02-14 08:34:49 | INFO     | image_export:exportImages:79 | 开始转存图片: 1 个文件到 C:\Users\ADMINI~1\AppData\Local\Temp\tmp3n4gs4b1\target
2026-02-14 08:34:49 | INFO     | image_export:exportImages:155 | 转存完成: 成功 1, 失败 0
2026-02-14 08:34:49 | INFO     | image_export:exportImages:79 | 开始转存图片: 1 个文件到 C:\Users\ADMINI~1\AppData\Local\Temp\tmping4dp7y\target
2026-02-14 08:34:49 | INFO     | image_export:exportImages:155 | 转存完成: 成功 1, 失败 0
2026-02-14 08:34:49 | INFO     | image_export:exportImages:79 | 开始转存图片: 1 个文件到 C:\Users\ADMINI~1\AppData\Local\Temp\tmpdn7dp4bn\target
2026-02-14 08:34:49 | INFO     | image_export:exportImages:155 | 转存完成: 成功 1, 失败 0
2026-02-14 08:34:49 | INFO     | image_export:exportImages:79 | 开始转存图片: 1 个文件到 C:\Users\ADMINI~1\AppData\Local\Temp\tmp_0ojp45c\target
2026-02-14 08:34:49 | INFO     | image_export:exportImages:155 | 转存完成: 成功 1, 失败 0
2026-02-14 08:34:49 | INFO     | image_export:exportImages:79 | 开始转存图片: 1 个文件到 C:\Users\ADMINI~1\AppData\Local\Temp\tmp21nwkwiq\target
2026-02-14 08:34:49 | INFO     | image_export:exportImages:155 | 转存完成: 成功 1, 失败 0
2026-02-14 08:34:49 | INFO     | image_export:exportImages:79 | 开始转存图片: 1 个文件到 C:\Users\ADMINI~1\AppData\Local\Temp\tmpkfb2g8vs\target
2026-02-14 08:34:49 | INFO     | image_export:exportImages:155 | 转存完成: 成功 1, 失败 0
2026-02-14 08:34:49 | INFO     | image_export:exportImages:79 | 开始转存图片: 1 个文件到 C:\Users\ADMINI~1\AppData\Local\Temp\tmp7jbb7kzq\target
2026-02-14 08:34:49 | INFO     | image_export:exportImages:155 | 转存完成: 成功 1, 失败 0
2026-02-14 08:34:49 | INFO     | image_export:exportImages:79 | 开始转存图片: 1 个文件到 C:\Users\ADMINI~1\AppData\Local\Temp\tmpegstmpo9\target
2026-02-14 08:34:49 | INFO     | image_export:exportImages:155 | 转存完成: 成功 1, 失败 0
2026-02-14 08:34:49 | INFO     | image_export:exportImages:79 | 开始转存图片: 1 个文件到 C:\Users\ADMINI~1\AppData\Local\Temp\tmpp5zp9bbt\target
2026-02-14 08:34:49 | INFO     | image_export:exportImages:155 | 转存完成: 成功 1, 失败 0
2026-02-14 08:34:49 | INFO     | image_export:exportImages:79 | 开始转存图片: 1 个文件到 C:\Users\ADMINI~1\AppData\Local\Temp\tmpuu1690zs\target
2026-02-14 08:34:49 | INFO     | image_export:exportImages:155 | 转存完成: 成功 1, 失败 0
2026-02-14 08:34:49 | INFO     | image_export:exportImages:79 | 开始转存图片: 1 个文件到 C:\Users\ADMINI~1\AppData\Local\Temp\tmp107_f1_j\target
2026-02-14 08:34:49 | INFO     | image_export:exportImages:155 | 转存完成: 成功 1, 失败 0
2026-02-14 08:34:49 | INFO     | image_export:exportImages:79 | 开始转存图片: 1 个文件到 C:\Users\ADMINI~1\AppData\Local\Temp\tmprf9nh5wo\target
2026-02-14 08:34:49 | INFO     | image_export:exportImages:155 | 转存完成: 成功 1, 失败 0
2026-02-14 08:34:49 | INFO     | image_export:exportImages:79 | 开始转存图片: 1 个文件到 C:\Users\ADMINI~1\AppData\Local\Temp\tmp8jk79hsc\target
2026-02-14 08:34:49 | INFO     | image_export:exportImages:155 | 转存完成: 成功 1, 失败 0
2026-02-14 08:34:49 | INFO     | image_export:exportImages:79 | 开始转存图片: 1 个文件到 C:\Users\ADMINI~1\AppData\Local\Temp\tmp0cx6mje5\target
2026-02-14 08:34:49 | INFO     | image_export:exportImages:155 | 转存完成: 成功 1, 失败 0
2026-02-14 08:34:49 | INFO     | image_export:exportImages:79 | 开始转存图片: 4 个文件到 C:\Users\ADMINI~1\AppData\Local\Temp\tmpsvp71hzg\target
2026-02-14 08:34:49 | INFO     | image_export:exportImages:155 | 转存完成: 成功 4, 失败 0
2026-02-14 08:34:49 | INFO     | image_export:exportImages:79 | 开始转存图片: 4 个文件到 C:\Users\ADMINI~1\AppData\Local\Temp\tmpg9a3yyvc\target
2026-02-14 08:34:49 | INFO     | image_export:exportImages:155 | 转存完成: 成功 4, 失败 0
2026-02-14 08:34:49 | INFO     | image_export:exportImages:79 | 开始转存图片: 2 个文件到 C:\Users\ADMINI~1\AppData\Local\Temp\tmpxuy5bj19\target
2026-02-14 08:34:49 | INFO     | image_export:exportImages:155 | 转存完成: 成功 2, 失败 0
2026-02-14 08:34:49 | INFO     | image_export:exportImages:79 | 开始转存图片: 5 个文件到 C:\Users\ADMINI~1\AppData\Local\Temp\tmpvvjo0q9z\target
2026-02-14 08:34:49 | INFO     | image_export:exportImages:155 | 转存完成: 成功 5, 失败 0
2026-02-14 08:34:49 | INFO     | image_export:exportImages:79 | 开始转存图片: 6 个文件到 C:\Users\ADMINI~1\AppData\Local\Temp\tmpenkju6fx\target
2026-02-14 08:34:49 | INFO     | image_export:exportImages:155 | 转存完成: 成功 6, 失败 0
2026-02-14 08:34:49 | INFO     | image_export:exportImages:79 | 开始转存图片: 8 个文件到 C:\Users\ADMINI~1\AppData\Local\Temp\tmp_pkl_hri\target
2026-02-14 08:34:49 | INFO     | image_export:exportImages:155 | 转存完成: 成功 8, 失败 0
2026-02-14 08:34:50 | INFO     | image_export:exportImages:79 | 开始转存图片: 10 个文件到 C:\Users\ADMINI~1\AppData\Local\Temp\tmpofzjbwna\target
2026-02-14 08:34:50 | INFO     | image_export:exportImages:155 | 转存完成: 成功 10, 失败 0
2026-02-14 08:34:50 | INFO     | image_export:exportImages:79 | 开始转存图片: 1 个文件到 C:\Users\ADMINI~1\AppData\Local\Temp\tmpdqaq5em2\target
2026-02-14 08:34:50 | INFO     | image_export:exportImages:155 | 转存完成: 成功 1, 失败 0
2026-02-14 08:34:50 | INFO     | image_export:exportImages:79 | 开始转存图片: 8 个文件到 C:\Users\ADMINI~1\AppData\Local\Temp\tmp0kwc6vgh\target
2026-02-14 08:34:50 | INFO     | image_export:exportImages:155 | 转存完成: 成功 8, 失败 0
2026-02-14 08:34:50 | INFO     | image_export:exportImages:79 | 开始转存图片: 5 个文件到 C:\Users\ADMINI~1\AppData\Local\Temp\tmpx7tiydza\target
2026-02-14 08:34:50 | INFO     | image_export:exportImages:155 | 转存完成: 成功 5, 失败 0
2026-02-14 08:34:50 | INFO     | image_export:exportImages:79 | 开始转存图片: 1 个文件到 C:\Users\ADMINI~1\AppData\Local\Temp\tmp8wx284cg\target
2026-02-14 08:34:50 | INFO     | image_export:exportImages:155 | 转存完成: 成功 1, 失败 0
2026-02-14 08:34:50 | INFO     | image_export:exportImages:79 | 开始转存图片: 8 个文件到 C:\Users\ADMINI~1\AppData\Local\Temp\tmptnis0p79\target
2026-02-14 08:34:50 | INFO     | image_export:exportImages:155 | 转存完成: 成功 8, 失败 0
2026-02-14 08:34:50 | INFO     | image_export:exportImages:79 | 开始转存图片: 1 个文件到 C:\Users\ADMINI~1\AppData\Local\Temp\tmp_dl9hgtp\target
2026-02-14 08:34:50 | INFO     | image_export:exportImages:155 | 转存完成: 成功 1, 失败 0
2026-02-14 08:34:50 | INFO     | image_export:exportImages:79 | 开始转存图片: 8 个文件到 C:\Users\ADMINI~1\AppData\Local\Temp\tmp5aiknwgm\target
2026-02-14 08:34:50 | INFO     | image_export:exportImages:155 | 转存完成: 成功 8, 失败 0
2026-02-14 08:34:50 | INFO     | image_export:exportImages:79 | 开始转存图片: 1 个文件到 C:\Users\ADMINI~1\AppData\Local\Temp\tmpyfo22itp\target
2026-02-14 08:34:50 | INFO     | image_export:exportImages:155 | 转存完成: 成功 1, 失败 0
2026-02-14 08:34:50 | INFO     | image_export:exportImages:79 | 开始转存图片: 1 个文件到 C:\Users\ADMINI~1\AppData\Local\Temp\tmpsiwdem2l\target
2026-02-14 08:34:50 | INFO     | image_export:exportImages:155 | 转存完成: 成功 1, 失败 0
2026-02-14 08:34:50 | INFO     | image_export:exportImages:79 | 开始转存图片: 1 个文件到 C:\Users\ADMINI~1\AppData\Local\Temp\tmpbvzkvspw\target
2026-02-14 08:34:50 | INFO     | image_export:exportImages:155 | 转存完成: 成功 1, 失败 0
2026-02-14 08:34:50 | INFO     | image_export:exportImages:79 | 开始转存图片: 1 个文件到 C:\Users\ADMINI~1\AppData\Local\Temp\tmp1zwmntaq\target
2026-02-14 08:34:50 | INFO     | image_export:exportImages:155 | 转存完成: 成功 1, 失败 0
2026-02-14 08:34:50 | INFO     | image_export:exportImages:79 | 开始转存图片: 1 个文件到 C:\Users\ADMINI~1\AppData\Local\Temp\tmpdf3savxm\target
2026-02-14 08:34:50 | INFO     | image_export:exportImages:155 | 转存完成: 成功 1, 失败 0
2026-02-14 08:34:50 | INFO     | image_export:exportImages:79 | 开始转存图片: 1 个文件到 C:\Users\ADMINI~1\AppData\Local\Temp\tmplu5rigpi\target
2026-02-14 08:34:50 | INFO     | image_export:exportImages:155 | 转存完成: 成功 1, 失败 0
2026-02-14 08:34:50 | INFO     | image_export:exportImages:79 | 开始转存图片: 1 个文件到 C:\Users\ADMINI~1\AppData\Local\Temp\tmpav5asyon\target
2026-02-14 08:34:50 | INFO     | image_export:exportImages:155 | 转存完成: 成功 1, 失败 0
2026-02-14 08:34:50 | INFO     | image_export:exportImages:79 | 开始转存图片: 1 个文件到 C:\Users\ADMINI~1\AppData\Local\Temp\tmp7i0_a0r4\target
2026-02-14 08:34:50 | INFO     | image_export:exportImages:155 | 转存完成: 成功 1, 失败 0
2026-02-14 08:34:50 | INFO     | image_export:exportImages:79 | 开始转存图片: 1 个文件到 C:\Users\ADMINI~1\AppData\Local\Temp\tmp6ca85o_q\target
2026-02-14 08:34:50 | INFO     | image_export:exportImages:155 | 转存完成: 成功 1, 失败 0
2026-02-14 08:34:51 | INFO     | image_export:exportImages:79 | 开始转存图片: 1 个文件到 C:\Users\ADMINI~1\AppData\Local\Temp\tmpf3d9_0fa\target
2026-02-14 08:34:51 | INFO     | image_export:exportImages:155 | 转存完成: 成功 1, 失败 0
2026-02-14 08:34:51 | INFO     | image_export:exportImages:79 | 开始转存图片: 1 个文件到 C:\Users\ADMINI~1\AppData\Local\Temp\tmph81v9ru5\target
2026-02-14 08:34:51 | INFO     | image_export:exportImages:155 | 转存完成: 成功 1, 失败 0
2026-02-14 08:34:51 | INFO     | image_export:exportImages:79 | 开始转存图片: 1 个文件到 C:\Users\ADMINI~1\AppData\Local\Temp\tmpdknn9tia\target
2026-02-14 08:34:51 | INFO     | image_export:exportImages:155 | 转存完成: 成功 1, 失败 0
2026-02-14 08:34:51 | INFO     | image_export:exportImages:79 | 开始转存图片: 1 个文件到 C:\Users\ADMINI~1\AppData\Local\Temp\tmpj5s0gnrt\target
2026-02-14 08:34:51 | INFO     | image_export:exportImages:155 | 转存完成: 成功 1, 失败 0
2026-02-14 08:34:51 | INFO     | image_export:exportImages:79 | 开始转存图片: 1 个文件到 C:\Users\ADMINI~1\AppData\Local\Temp\tmprm_a0g3q\target
2026-02-14 08:34:51 | INFO     | image_export:exportImages:155 | 转存完成: 成功 1, 失败 0
2026-02-14 08:34:51 | INFO     | image_export:exportImages:79 | 开始转存图片: 1 个文件到 C:\Users\ADMINI~1\AppData\Local\Temp\tmpspd2nsc9\target
2026-02-14 08:34:51 | INFO     | image_export:exportImages:155 | 转存完成: 成功 1, 失败 0
2026-02-14 08:34:51 | INFO     | image_export:exportImages:79 | 开始转存图片: 1 个文件到 C:\Users\ADMINI~1\AppData\Local\Temp\tmpp288wsh7\target
2026-02-14 08:34:51 | INFO     | image_export:exportImages:155 | 转存完成: 成功 1, 失败 0
2026-02-14 08:34:51 | INFO     | image_export:exportImages:79 | 开始转存图片: 1 个文件到 C:\Users\ADMINI~1\AppData\Local\Temp\tmpdm_zn34g\target
2026-02-14 08:34:51 | INFO     | image_export:exportImages:155 | 转存完成: 成功 1, 失败 0
2026-02-14 08:34:51 | INFO     | image_export:exportImages:79 | 开始转存图片: 1 个文件到 C:\Users\ADMINI~1\AppData\Local\Temp\tmpsrwch7mk\target
2026-02-14 08:34:51 | INFO     | image_export:exportImages:155 | 转存完成: 成功 1, 失败 0
2026-02-14 08:34:51 | INFO     | image_export:exportImages:79 | 开始转存图片: 1 个文件到 C:\Users\ADMINI~1\AppData\Local\Temp\tmpb_16_t_i\target
2026-02-14 08:34:51 | INFO     | image_export:exportImages:155 | 转存完成: 成功 1, 失败 0
2026-02-14 08:34:51 | INFO     | image_export:exportImages:79 | 开始转存图片: 1 个文件到 C:\Users\ADMINI~1\AppData\Local\Temp\tmplgxqinpc\target
2026-02-14 08:34:51 | INFO     | image_export:exportImages:155 | 转存完成: 成功 1, 失败 0
2026-02-14 08:34:51 | INFO     | image_export:exportImages:79 | 开始转存图片: 1 个文件到 C:\Users\ADMINI~1\AppData\Local\Temp\tmpk8w0wjxo\target
2026-02-14 08:34:51 | INFO     | image_export:exportImages:155 | 转存完成: 成功 1, 失败 0
2026-02-14 08:34:51 | INFO     | image_export:exportImages:79 | 开始转存图片: 1 个文件到 C:\Users\ADMINI~1\AppData\Local\Temp\tmp7tqh18qo\target
2026-02-14 08:34:51 | INFO     | image_export:exportImages:155 | 转存完成: 成功 1, 失败 0
2026-02-14 08:34:51 | INFO     | image_export:exportImages:79 | 开始转存图片: 1 个文件到 C:\Users\ADMINI~1\AppData\Local\Temp\tmp4o23tjdx\target
2026-02-14 08:34:51 | INFO     | image_export:exportImages:155 | 转存完成: 成功 1, 失败 0
2026-02-14 08:34:51 | INFO     | image_export:exportImages:79 | 开始转存图片: 1 个文件到 C:\Users\ADMINI~1\AppData\Local\Temp\tmpbsletb9u\target
2026-02-14 08:34:51 | INFO     | image_export:exportImages:155 | 转存完成: 成功 1, 失败 0
2026-02-14 08:34:51 | INFO     | image_export:exportImages:79 | 开始转存图片: 1 个文件到 C:\Users\ADMINI~1\AppData\Local\Temp\tmpj6r_llyd\target
2026-02-14 08:34:51 | INFO     | image_export:exportImages:155 | 转存完成: 成功 1, 失败 0
2026-02-14 08:34:51 | INFO     | image_export:exportImages:79 | 开始转存图片: 2 个文件到 C:\Users\ADMINI~1\AppData\Local\Temp\tmp8uw21bm2\target
2026-02-14 08:34:51 | WARNING  | image_export:exportImages:101 | 源文件不存在: C:\Users\ADMINI~1\AppData\Local\Temp\tmp8uw21bm2\source\invalid_0.jpg
2026-02-14 08:34:51 | INFO     | image_export:exportImages:155 | 转存完成: 成功 1, 失败 1
2026-02-14 08:34:51 | INFO     | image_export:exportImages:79 | 开始转存图片: 3 个文件到 C:\Users\ADMINI~1\AppData\Local\Temp\tmpd2hd8fxq\target
2026-02-14 08:34:51 | WARNING  | image_export:exportImages:101 | 源文件不存在: C:\Users\ADMINI~1\AppData\Local\Temp\tmpd2hd8fxq\source\invalid_0.jpg
2026-02-14 08:34:51 | INFO     | image_export:exportImages:155 | 转存完成: 成功 2, 失败 1
2026-02-14 08:34:51 | INFO     | image_export:exportImages:79 | 开始转存图片: 5 个文件到 C:\Users\ADMINI~1\AppData\Local\Temp\tmppexwtyif\target
2026-02-14 08:34:51 | WARNING  | image_export:exportImages:101 | 源文件不存在: C:\Users\ADMINI~1\AppData\Local\Temp\tmppexwtyif\source\invalid_0.jpg
2026-02-14 08:34:51 | WARNING  | image_export:exportImages:101 | 源文件不存在: C:\Users\ADMINI~1\AppData\Local\Temp\tmppexwtyif\source\invalid_1.jpg
2026-02-14 08:34:51 | WARNING  | image_export:exportImages:101 | 源文件不存在: C:\Users\ADMINI~1\AppData\Local\Temp\tmppexwtyif\source\invalid_2.jpg
2026-02-14 08:34:51 | INFO     | image_export:exportImages:155 | 转存完成: 成功 2, 失败 3
2026-02-14 08:34:51 | INFO     | image_export:exportImages:79 | 开始转存图片: 4 个文件到 C:\Users\ADMINI~1\AppData\Local\Temp\tmpzm00m87l\target
2026-02-14 08:34:51 | WARNING  | image_export:exportImages:101 | 源文件不存在: C:\Users\ADMINI~1\AppData\Local\Temp\tmpzm00m87l\source\invalid_0.jpg
2026-02-14 08:34:51 | WARNING  | image_export:exportImages:101 | 源文件不存在: C:\Users\ADMINI~1\AppData\Local\Temp\tmpzm00m87l\source\invalid_1.jpg
2026-02-14 08:34:51 | INFO     | image_export:exportImages:155 | 转存完成: 成功 2, 失败 2
2026-02-14 08:34:51 | INFO     | image_export:exportImages:79 | 开始转存图片: 3 个文件到 C:\Users\ADMINI~1\AppData\Local\Temp\tmpuvv92lne\target
2026-02-14 08:34:51 | WARNING  | image_export:exportImages:101 | 源文件不存在: C:\Users\ADMINI~1\AppData\Local\Temp\tmpuvv92lne\source\invalid_0.jpg
2026-02-14 08:34:51 | WARNING  | image_export:exportImages:101 | 源文件不存在: C:\Users\ADMINI~1\AppData\Local\Temp\tmpuvv92lne\source\invalid_1.jpg
2026-02-14 08:34:51 | INFO     | image_export:exportImages:155 | 转存完成: 成功 1, 失败 2
2026-02-14 08:34:51 | INFO     | image_export:exportImages:79 | 开始转存图片: 4 个文件到 C:\Users\ADMINI~1\AppData\Local\Temp\tmpmp8bgmh5\target
2026-02-14 08:34:51 | WARNING  | image_export:exportImages:101 | 源文件不存在: C:\Users\ADMINI~1\AppData\Local\Temp\tmpmp8bgmh5\source\invalid_0.jpg
2026-02-14 08:34:51 | WARNING  | image_export:exportImages:101 | 源文件不存在: C:\Users\ADMINI~1\AppData\Local\Temp\tmpmp8bgmh5\source\invalid_1.jpg
2026-02-14 08:34:51 | WARNING  | image_export:exportImages:101 | 源文件不存在: C:\Users\ADMINI~1\AppData\Local\Temp\tmpmp8bgmh5\source\invalid_2.jpg
2026-02-14 08:34:51 | INFO     | image_export:exportImages:155 | 转存完成: 成功 1, 失败 3
2026-02-14 08:34:51 | INFO     | image_export:exportImages:79 | 开始转存图片: 8 个文件到 C:\Users\ADMINI~1\AppData\Local\Temp\tmpw_4yc_aw\target
2026-02-14 08:34:51 | WARNING  | image_export:exportImages:101 | 源文件不存在: C:\Users\ADMINI~1\AppData\Local\Temp\tmpw_4yc_aw\source\invalid_0.jpg
2026-02-14 08:34:51 | WARNING  | image_export:exportImages:101 | 源文件不存在: C:\Users\ADMINI~1\AppData\Local\Temp\tmpw_4yc_aw\source\invalid_1.jpg
2026-02-14 08:34:51 | WARNING  | image_export:exportImages:101 | 源文件不存在: C:\Users\ADMINI~1\AppData\Local\Temp\tmpw_4yc_aw\source\invalid_2.jpg
2026-02-14 08:34:51 | INFO     | image_export:exportImages:155 | 转存完成: 成功 5, 失败 3
2026-02-14 08:34:51 | INFO     | image_export:exportImages:79 | 开始转存图片: 4 个文件到 C:\Users\ADMINI~1\AppData\Local\Temp\tmpk8ve6147\target
2026-02-14 08:34:51 | WARNING  | image_export:exportImages:101 | 源文件不存在: C:\Users\ADMINI~1\AppData\Local\Temp\tmpk8ve6147\source\invalid_0.jpg
2026-02-14 08:34:51 | INFO     | image_export:exportImages:155 | 转存完成: 成功 3, 失败 1
2026-02-14 08:34:51 | INFO     | image_export:exportImages:79 | 开始转存图片: 7 个文件到 C:\Users\ADMINI~1\AppData\Local\Temp\tmpty09adhu\target
2026-02-14 08:34:51 | WARNING  | image_export:exportImages:101 | 源文件不存在: C:\Users\ADMINI~1\AppData\Local\Temp\tmpty09adhu\source\invalid_0.jpg
2026-02-14 08:34:51 | WARNING  | image_export:exportImages:101 | 源文件不存在: C:\Users\ADMINI~1\AppData\Local\Temp\tmpty09adhu\source\invalid_1.jpg
2026-02-14 08:34:51 | INFO     | image_export:exportImages:155 | 转存完成: 成功 5, 失败 2
2026-02-14 08:34:51 | INFO     | image_export:exportImages:79 | 开始转存图片: 7 个文件到 C:\Users\ADMINI~1\AppData\Local\Temp\tmp9l6icuxk\target
2026-02-14 08:34:51 | WARNING  | image_export:exportImages:101 | 源文件不存在: C:\Users\ADMINI~1\AppData\Local\Temp\tmp9l6icuxk\source\invalid_0.jpg
2026-02-14 08:34:51 | WARNING  | image_export:exportImages:101 | 源文件不存在: C:\Users\ADMINI~1\AppData\Local\Temp\tmp9l6icuxk\source\invalid_1.jpg
2026-02-14 08:34:52 | WARNING  | image_export:exportImages:101 | 源文件不存在: C:\Users\ADMINI~1\AppData\Local\Temp\tmp9l6icuxk\source\invalid_2.jpg
2026-02-14 08:34:52 | INFO     | image_export:exportImages:155 | 转存完成: 成功 4, 失败 3
2026-02-14 08:34:52 | INFO     | image_export:exportImages:79 | 开始转存图片: 1 个文件到 C:\Users\ADMINI~1\AppData\Local\Temp\tmp_j13kuzq\target
2026-02-14 08:34:52 | INFO     | image_export:exportImages:155 | 转存完成: 成功 1, 失败 0
2026-02-14 08:34:52 | INFO     | image_export:exportImages:79 | 开始转存图片: 1 个文件到 C:\Users\ADMINI~1\AppData\Local\Temp\tmpmdf5s9gb\target
2026-02-14 08:34:52 | INFO     | image_export:exportImages:155 | 转存完成: 成功 1, 失败 0
2026-02-14 08:34:52 | INFO     | image_export:exportImages:79 | 开始转存图片: 1 个文件到 C:\Users\ADMINI~1\AppData\Local\Temp\tmpn8cnfg2r\target
2026-02-14 08:34:52 | INFO     | image_export:exportImages:155 | 转存完成: 成功 1, 失败 0
2026-02-14 08:34:52 | INFO     | image_export:exportImages:79 | 开始转存图片: 1 个文件到 C:\Users\ADMINI~1\AppData\Local\Temp\tmp2nno5xk9\target
2026-02-14 08:34:52 | INFO     | image_export:exportImages:155 | 转存完成: 成功 1, 失败 0
2026-02-14 08:34:52 | INFO     | image_export:exportImages:79 | 开始转存图片: 1 个文件到 C:\Users\ADMINI~1\AppData\Local\Temp\tmp2jbjurir\target
2026-02-14 08:34:52 | INFO     | image_export:exportImages:155 | 转存完成: 成功 1, 失败 0
2026-02-14 08:34:52 | INFO     | image_export:exportImages:79 | 开始转存图片: 1 个文件到 C:\Users\ADMINI~1\AppData\Local\Temp\tmpmjm_padg\target
2026-02-14 08:34:52 | INFO     | image_export:exportImages:155 | 转存完成: 成功 1, 失败 0
2026-02-14 08:34:52 | INFO     | image_export:exportImages:79 | 开始转存图片: 1 个文件到 C:\Users\ADMINI~1\AppData\Local\Temp\tmpf8btyd8s\target
2026-02-14 08:34:52 | INFO     | image_export:exportImages:155 | 转存完成: 成功 1, 失败 0
2026-02-14 08:34:52 | INFO     | image_export:exportImages:79 | 开始转存图片: 1 个文件到 C:\Users\ADMINI~1\AppData\Local\Temp\tmpmbaiwsw9\target
2026-02-14 08:34:52 | INFO     | image_export:exportImages:155 | 转存完成: 成功 1, 失败 0
2026-02-14 08:34:52 | INFO     | image_export:exportImages:79 | 开始转存图片: 1 个文件到 C:\Users\ADMINI~1\AppData\Local\Temp\tmpukb5ekje\target
2026-02-14 08:34:52 | INFO     | image_export:exportImages:155 | 转存完成: 成功 1, 失败 0
2026-02-14 08:34:52 | INFO     | image_export:exportImages:79 | 开始转存图片: 1 个文件到 C:\Users\ADMINI~1\AppData\Local\Temp\tmp_tl94t1w\target
2026-02-14 08:34:52 | INFO     | image_export:exportImages:155 | 转存完成: 成功 1, 失败 0
2026-02-14 08:34:52 | INFO     | image_export:exportImages:79 | 开始转存图片: 1 个文件到 C:\Users\ADMINI~1\AppData\Local\Temp\tmpv631suly\target
2026-02-14 08:34:52 | INFO     | image_export:exportImages:155 | 转存完成: 成功 1, 失败 0
2026-02-14 08:34:52 | INFO     | image_export:exportImages:79 | 开始转存图片: 1 个文件到 C:\Users\ADMINI~1\AppData\Local\Temp\tmp7wtkljsl\target
2026-02-14 08:34:52 | INFO     | image_export:exportImages:155 | 转存完成: 成功 1, 失败 0
2026-02-14 08:34:52 | INFO     | image_export:exportImages:79 | 开始转存图片: 1 个文件到 C:\Users\ADMINI~1\AppData\Local\Temp\tmp3bv7mwll\target
2026-02-14 08:34:52 | INFO     | image_export:exportImages:155 | 转存完成: 成功 1, 失败 0
2026-02-14 08:34:52 | INFO     | image_export:exportImages:79 | 开始转存图片: 1 个文件到 C:\Users\ADMINI~1\AppData\Local\Temp\tmpbi1pvh__\target
2026-02-14 08:34:52 | INFO     | image_export:exportImages:155 | 转存完成: 成功 1, 失败 0
2026-02-14 08:34:52 | INFO     | image_export:exportImages:79 | 开始转存图片: 1 个文件到 C:\Users\ADMINI~1\AppData\Local\Temp\tmp2wkls7lh\target
2026-02-14 08:34:52 | INFO     | image_export:exportImages:155 | 转存完成: 成功 1, 失败 0
2026-02-14 08:34:52 | INFO     | image_export:exportImages:79 | 开始转存图片: 1 个文件到 C:\Users\ADMINI~1\AppData\Local\Temp\tmpa7vnne1e\target
2026-02-14 08:34:52 | INFO     | image_export:exportImages:155 | 转存完成: 成功 1, 失败 0
2026-02-14 08:34:52 | INFO     | image_export:exportImages:79 | 开始转存图片: 1 个文件到 C:\Users\ADMINI~1\AppData\Local\Temp\tmp0aetck7s\target
2026-02-14 08:34:52 | INFO     | image_export:exportImages:155 | 转存完成: 成功 1, 失败 0
2026-02-14 08:34:52 | INFO     | image_export:exportImages:79 | 开始转存图片: 1 个文件到 C:\Users\ADMINI~1\AppData\Local\Temp\tmpu4qvbn0x\target
2026-02-14 08:34:52 | INFO     | image_export:exportImages:155 | 转存完成: 成功 1, 失败 0
2026-02-14 08:34:52 | INFO     | image_export:exportImages:79 | 开始转存图片: 1 个文件到 C:\Users\ADMINI~1\AppData\Local\Temp\tmpu4qvbn0x\target
2026-02-14 08:34:52 | INFO     | image_export:exportImages:155 | 转存完成: 成功 1, 失败 0
2026-02-14 08:34:52 | INFO     | image_export:exportImages:79 | 开始转存图片: 1 个文件到 C:\Users\ADMINI~1\AppData\Local\Temp\tmpr978_tcc\target
2026-02-14 08:34:52 | INFO     | image_export:exportImages:155 | 转存完成: 成功 1, 失败 0
2026-02-14 08:34:52 | INFO     | image_export:exportImages:79 | 开始转存图片: 1 个文件到 C:\Users\ADMINI~1\AppData\Local\Temp\tmpr978_tcc\target
2026-02-14 08:34:52 | INFO     | image_export:exportImages:155 | 转存完成: 成功 1, 失败 0
2026-02-14 08:34:52 | INFO     | image_export:exportImages:79 | 开始转存图片: 1 个文件到 C:\Users\ADMINI~1\AppData\Local\Temp\tmp_z4510mh\target
2026-02-14 08:34:52 | INFO     | image_export:exportImages:155 | 转存完成: 成功 1, 失败 0
2026-02-14 08:34:52 | INFO     | image_export:exportImages:79 | 开始转存图片: 1 个文件到 C:\Users\ADMINI~1\AppData\Local\Temp\tmp_z4510mh\target
2026-02-14 08:34:52 | INFO     | image_export:exportImages:155 | 转存完成: 成功 1, 失败 0
2026-02-14 08:34:52 | INFO     | image_export:exportImages:79 | 开始转存图片: 1 个文件到 C:\Users\ADMINI~1\AppData\Local\Temp\tmpaeq9vzn4\target
2026-02-14 08:34:52 | INFO     | image_export:exportImages:155 | 转存完成: 成功 1, 失败 0
2026-02-14 08:34:52 | INFO     | image_export:exportImages:79 | 开始转存图片: 1 个文件到 C:\Users\ADMINI~1\AppData\Local\Temp\tmpaeq9vzn4\target
2026-02-14 08:34:52 | INFO     | image_export:exportImages:155 | 转存完成: 成功 1, 失败 0
2026-02-14 08:34:52 | INFO     | image_export:exportImages:79 | 开始转存图片: 1 个文件到 C:\Users\ADMINI~1\AppData\Local\Temp\tmpaeq9vzn4\target
2026-02-14 08:34:52 | INFO     | image_export:exportImages:155 | 转存完成: 成功 1, 失败 0
2026-02-14 08:34:52 | INFO     | image_export:exportImages:79 | 开始转存图片: 1 个文件到 C:\Users\ADMINI~1\AppData\Local\Temp\tmpaeq9vzn4\target
2026-02-14 08:34:52 | INFO     | image_export:exportImages:155 | 转存完成: 成功 1, 失败 0
2026-02-14 08:34:52 | INFO     | image_export:exportImages:79 | 开始转存图片: 1 个文件到 C:\Users\ADMINI~1\AppData\Local\Temp\tmp0abdys4o\target
2026-02-14 08:34:52 | INFO     | image_export:exportImages:155 | 转存完成: 成功 1, 失败 0
2026-02-14 08:34:52 | INFO     | image_export:exportImages:79 | 开始转存图片: 1 个文件到 C:\Users\ADMINI~1\AppData\Local\Temp\tmp0abdys4o\target
2026-02-14 08:34:52 | INFO     | image_export:exportImages:155 | 转存完成: 成功 1, 失败 0
2026-02-14 08:34:52 | INFO     | image_export:exportImages:79 | 开始转存图片: 1 个文件到 C:\Users\ADMINI~1\AppData\Local\Temp\tmp0abdys4o\target
2026-02-14 08:34:52 | INFO     | image_export:exportImages:155 | 转存完成: 成功 1, 失败 0
2026-02-14 08:34:52 | INFO     | image_export:exportImages:79 | 开始转存图片: 1 个文件到 C:\Users\ADMINI~1\AppData\Local\Temp\tmp0abdys4o\target
2026-02-14 08:34:52 | INFO     | image_export:exportImages:155 | 转存完成: 成功 1, 失败 0
2026-02-14 08:34:52 | INFO     | image_export:exportImages:79 | 开始转存图片: 1 个文件到 C:\Users\ADMINI~1\AppData\Local\Temp\tmpde_er5s1\target
2026-02-14 08:34:52 | INFO     | image_export:exportImages:155 | 转存完成: 成功 1, 失败 0
2026-02-14 08:34:52 | INFO     | image_export:exportImages:79 | 开始转存图片: 1 个文件到 C:\Users\ADMINI~1\AppData\Local\Temp\tmpde_er5s1\target
2026-02-14 08:34:52 | INFO     | image_export:exportImages:155 | 转存完成: 成功 1, 失败 0
2026-02-14 08:34:52 | INFO     | image_export:exportImages:79 | 开始转存图片: 1 个文件到 C:\Users\ADMINI~1\AppData\Local\Temp\tmpde_er5s1\target
2026-02-14 08:34:52 | INFO     | image_export:exportImages:155 | 转存完成: 成功 1, 失败 0
2026-02-14 08:34:53 | INFO     | image_export:exportImages:79 | 开始转存图片: 1 个文件到 C:\Users\ADMINI~1\AppData\Local\Temp\tmpde_er5s1\target
2026-02-14 08:34:53 | INFO     | image_export:exportImages:155 | 转存完成: 成功 1, 失败 0
2026-02-14 08:34:53 | INFO     | image_export:exportImages:79 | 开始转存图片: 1 个文件到 C:\Users\ADMINI~1\AppData\Local\Temp\tmpde_er5s1\target
2026-02-14 08:34:53 | INFO     | image_export:exportImages:155 | 转存完成: 成功 1, 失败 0
2026-02-14 08:34:53 | INFO     | image_export:exportImages:79 | 开始转存图片: 1 个文件到 C:\Users\ADMINI~1\AppData\Local\Temp\tmpw8tept1e\target
2026-02-14 08:34:53 | INFO     | image_export:exportImages:155 | 转存完成: 成功 1, 失败 0
2026-02-14 08:34:53 | INFO     | image_export:exportImages:79 | 开始转存图片: 1 个文件到 C:\Users\ADMINI~1\AppData\Local\Temp\tmpjbrzq2u9\target
2026-02-14 08:34:53 | INFO     | image_export:exportImages:155 | 转存完成: 成功 1, 失败 0
2026-02-14 08:34:53 | INFO     | image_export:exportImages:79 | 开始转存图片: 1 个文件到 C:\Users\ADMINI~1\AppData\Local\Temp\tmpjbrzq2u9\target
2026-02-14 08:34:53 | INFO     | image_export:exportImages:155 | 转存完成: 成功 1, 失败 0
2026-02-14 08:34:53 | INFO     | image_export:exportImages:79 | 开始转存图片: 1 个文件到 C:\Users\ADMINI~1\AppData\Local\Temp\tmpjbrzq2u9\target
2026-02-14 08:34:53 | INFO     | image_export:exportImages:155 | 转存完成: 成功 1, 失败 0
2026-02-14 08:34:53 | INFO     | image_export:exportImages:79 | 开始转存图片: 1 个文件到 C:\Users\ADMINI~1\AppData\Local\Temp\tmpjbrzq2u9\target
2026-02-14 08:34:53 | INFO     | image_export:exportImages:155 | 转存完成: 成功 1, 失败 0
2026-02-14 08:34:53 | INFO     | image_export:exportImages:79 | 开始转存图片: 1 个文件到 C:\Users\ADMINI~1\AppData\Local\Temp\tmpjbrzq2u9\target
2026-02-14 08:34:53 | INFO     | image_export:exportImages:155 | 转存完成: 成功 1, 失败 0
2026-02-14 08:34:53 | INFO     | image_export:exportImages:79 | 开始转存图片: 1 个文件到 C:\Users\ADMINI~1\AppData\Local\Temp\tmpaxk6jtgg\target
2026-02-14 08:34:53 | INFO     | image_export:exportImages:155 | 转存完成: 成功 1, 失败 0
2026-02-14 08:34:53 | INFO     | image_export:exportImages:79 | 开始转存图片: 1 个文件到 C:\Users\ADMINI~1\AppData\Local\Temp\tmpc4u5tuhw\target
2026-02-14 08:34:53 | INFO     | image_export:exportImages:155 | 转存完成: 成功 1, 失败 0
2026-02-14 08:34:53 | INFO     | image_export:exportImages:79 | 开始转存图片: 1 个文件到 C:\Users\ADMINI~1\AppData\Local\Temp\tmp58qjmxbx\target
2026-02-14 08:34:53 | INFO     | image_export:exportImages:155 | 转存完成: 成功 1, 失败 0
2026-02-14 08:34:53 | INFO     | image_export:exportImages:79 | 开始转存图片: 1 个文件到 C:\Users\ADMINI~1\AppData\Local\Temp\tmpdzdicgyf\target
2026-02-14 08:34:53 | INFO     | image_export:exportImages:155 | 转存完成: 成功 1, 失败 0
2026-02-14 08:34:53 | INFO     | image_export:exportImages:79 | 开始转存图片: 1 个文件到 C:\Users\ADMINI~1\AppData\Local\Temp\tmpydougu4e\target
2026-02-14 08:34:53 | INFO     | image_export:exportImages:155 | 转存完成: 成功 1, 失败 0
2026-02-14 08:34:53 | INFO     | image_export:exportImages:79 | 开始转存图片: 0 个文件到 C:\Users\ADMINI~1\AppData\Local\Temp\tmpdg7_tgqq\target
2026-02-14 08:34:53 | INFO     | image_export:exportImages:155 | 转存完成: 成功 0, 失败 0
2026-02-14 08:34:53 | INFO     | image_export:exportImages:79 | 开始转存图片: 10 个文件到 C:\Users\ADMINI~1\AppData\Local\Temp\tmpcelc0hr6\target
2026-02-14 08:34:53 | INFO     | image_export:exportImages:155 | 转存完成: 成功 10, 失败 0
2026-02-14 08:34:53 | INFO     | image_export:exportImages:79 | 开始转存图片: 8 个文件到 C:\Users\ADMINI~1\AppData\Local\Temp\tmphuqiszaf\target
2026-02-14 08:34:53 | INFO     | image_export:exportImages:155 | 转存完成: 成功 8, 失败 0
2026-02-14 08:34:53 | INFO     | image_export:exportImages:79 | 开始转存图片: 14 个文件到 C:\Users\ADMINI~1\AppData\Local\Temp\tmp36xqfjwj\target
2026-02-14 08:34:53 | INFO     | image_export:exportImages:155 | 转存完成: 成功 14, 失败 0
2026-02-14 08:34:54 | INFO     | image_export:exportImages:79 | 开始转存图片: 2 个文件到 C:\Users\ADMINI~1\AppData\Local\Temp\tmpi5f56_hf\target
2026-02-14 08:34:54 | INFO     | image_export:exportImages:155 | 转存完成: 成功 2, 失败 0
2026-02-14 08:34:54 | INFO     | image_export:exportImages:79 | 开始转存图片: 20 个文件到 C:\Users\ADMINI~1\AppData\Local\Temp\tmpj4hfpeoi\target
2026-02-14 08:34:54 | INFO     | image_export:exportImages:155 | 转存完成: 成功 20, 失败 0
2026-02-14 08:34:54 | INFO     | image_export:exportImages:79 | 开始转存图片: 12 个文件到 C:\Users\ADMINI~1\AppData\Local\Temp\tmplvquvv68\target
2026-02-14 08:34:54 | INFO     | image_export:exportImages:155 | 转存完成: 成功 12, 失败 0
2026-02-14 08:34:54 | INFO     | image_export:exportImages:79 | 开始转存图片: 16 个文件到 C:\Users\ADMINI~1\AppData\Local\Temp\tmphcz1yhzm\target
2026-02-14 08:34:54 | INFO     | image_export:exportImages:155 | 转存完成: 成功 16, 失败 0
2026-02-14 08:34:54 | INFO     | image_export:exportImages:79 | 开始转存图片: 18 个文件到 C:\Users\ADMINI~1\AppData\Local\Temp\tmpyy7cti8n\target
2026-02-14 08:34:55 | INFO     | image_export:exportImages:155 | 转存完成: 成功 18, 失败 0
2026-02-14 08:34:55 | INFO     | image_export:exportImages:79 | 开始转存图片: 5 个文件到 C:\Users\ADMINI~1\AppData\Local\Temp\tmpu0sroivp\target
2026-02-14 08:34:55 | INFO     | image_export:exportImages:155 | 转存完成: 成功 5, 失败 0
2026-02-14 08:34:55 | INFO     | image_export:exportImages:79 | 开始转存图片: 15 个文件到 C:\Users\ADMINI~1\AppData\Local\Temp\tmpgp86t484\target
2026-02-14 08:34:55 | INFO     | image_export:exportImages:155 | 转存完成: 成功 15, 失败 0
2026-02-14 08:34:55 | INFO     | image_export:exportImages:79 | 开始转存图片: 13 个文件到 C:\Users\ADMINI~1\AppData\Local\Temp\tmpku4qn1rk\target
2026-02-14 08:34:55 | INFO     | image_export:exportImages:155 | 转存完成: 成功 13, 失败 0
2026-02-14 08:34:55 | INFO     | image_export:exportImages:79 | 开始转存图片: 3 个文件到 C:\Users\ADMINI~1\AppData\Local\Temp\tmplqddgvux\target
2026-02-14 08:34:55 | INFO     | image_export:exportImages:155 | 转存完成: 成功 3, 失败 0
2026-02-14 08:34:55 | INFO     | image_export:exportImages:79 | 开始转存图片: 11 个文件到 C:\Users\ADMINI~1\AppData\Local\Temp\tmpe7j1nqms\target
2026-02-14 08:34:55 | INFO     | image_export:exportImages:155 | 转存完成: 成功 11, 失败 0
2026-02-14 08:34:56 | INFO     | image_export:exportImages:79 | 开始转存图片: 17 个文件到 C:\Users\ADMINI~1\AppData\Local\Temp\tmpo7qbfxcw\target
2026-02-14 08:34:56 | INFO     | image_export:exportImages:155 | 转存完成: 成功 17, 失败 0
2026-02-14 08:34:56 | INFO     | image_export:exportImages:79 | 开始转存图片: 0 个文件到 C:\Users\ADMINI~1\AppData\Local\Temp\tmpzi3yro6a\target
2026-02-14 08:34:56 | INFO     | image_export:exportImages:155 | 转存完成: 成功 0, 失败 0
2026-02-14 08:34:56 | INFO     | image_export:exportImages:79 | 开始转存图片: 4 个文件到 C:\Users\ADMINI~1\AppData\Local\Temp\tmp75bsfuup\target
2026-02-14 08:34:56 | INFO     | image_export:exportImages:155 | 转存完成: 成功 4, 失败 0
2026-02-14 08:34:56 | INFO     | image_export:exportImages:79 | 开始转存图片: 6 个文件到 C:\Users\ADMINI~1\AppData\Local\Temp\tmpst16969d\target
2026-02-14 08:34:56 | INFO     | image_export:exportImages:155 | 转存完成: 成功 6, 失败 0
2026-02-14 08:34:56 | INFO     | image_export:exportImages:79 | 开始转存图片: 13 个文件到 C:\Users\ADMINI~1\AppData\Local\Temp\tmp8etc446z\target
2026-02-14 08:34:56 | WARNING  | image_export:exportImages:101 | 源文件不存在: C:\Users\ADMINI~1\AppData\Local\Temp\tmp8etc446z\source\invalid_0.jpg
2026-02-14 08:34:56 | WARNING  | image_export:exportImages:101 | 源文件不存在: C:\Users\ADMINI~1\AppData\Local\Temp\tmp8etc446z\source\invalid_1.jpg
2026-02-14 08:34:56 | WARNING  | image_export:exportImages:101 | 源文件不存在: C:\Users\ADMINI~1\AppData\Local\Temp\tmp8etc446z\source\invalid_2.jpg
2026-02-14 08:34:56 | WARNING  | image_export:exportImages:101 | 源文件不存在: C:\Users\ADMINI~1\AppData\Local\Temp\tmp8etc446z\source\invalid_3.jpg
2026-02-14 08:34:56 | WARNING  | image_export:exportImages:101 | 源文件不存在: C:\Users\ADMINI~1\AppData\Local\Temp\tmp8etc446z\source\invalid_4.jpg
2026-02-14 08:34:56 | WARNING  | image_export:exportImages:101 | 源文件不存在: C:\Users\ADMINI~1\AppData\Local\Temp\tmp8etc446z\source\invalid_5.jpg
2026-02-14 08:34:56 | WARNING  | image_export:exportImages:101 | 源文件不存在: C:\Users\ADMINI~1\AppData\Local\Temp\tmp8etc446z\source\invalid_6.jpg
2026-02-14 08:34:56 | INFO     | image_export:exportImages:155 | 转存完成: 成功 6, 失败 7
2026-02-14 08:34:56 | INFO     | image_export:exportImages:79 | 开始转存图片: 9 个文件到 C:\Users\ADMINI~1\AppData\Local\Temp\tmpbvqyu8w4\target
2026-02-14 08:34:56 | WARNING  | image_export:exportImages:101 | 源文件不存在: C:\Users\ADMINI~1\AppData\Local\Temp\tmpbvqyu8w4\source\invalid_0.jpg
2026-02-14 08:34:56 | WARNING  | image_export:exportImages:101 | 源文件不存在: C:\Users\ADMINI~1\AppData\Local\Temp\tmpbvqyu8w4\source\invalid_1.jpg
2026-02-14 08:34:56 | INFO     | image_export:exportImages:155 | 转存完成: 成功 7, 失败 2
2026-02-14 08:34:56 | INFO     | image_export:exportImages:79 | 开始转存图片: 15 个文件到 C:\Users\ADMINI~1\AppData\Local\Temp\tmpn4f9t_cj\target
2026-02-14 08:34:56 | WARNING  | image_export:exportImages:101 | 源文件不存在: C:\Users\ADMINI~1\AppData\Local\Temp\tmpn4f9t_cj\source\invalid_0.jpg
2026-02-14 08:34:56 | WARNING  | image_export:exportImages:101 | 源文件不存在: C:\Users\ADMINI~1\AppData\Local\Temp\tmpn4f9t_cj\source\invalid_1.jpg
2026-02-14 08:34:56 | WARNING  | image_export:exportImages:101 | 源文件不存在: C:\Users\ADMINI~1\AppData\Local\Temp\tmpn4f9t_cj\source\invalid_2.jpg
2026-02-14 08:34:56 | WARNING  | image_export:exportImages:101 | 源文件不存在: C:\Users\ADMINI~1\AppData\Local\Temp\tmpn4f9t_cj\source\invalid_3.jpg
2026-02-14 08:34:56 | WARNING  | image_export:exportImages:101 | 源文件不存在: C:\Users\ADMINI~1\AppData\Local\Temp\tmpn4f9t_cj\source\invalid_4.jpg
2026-02-14 08:34:56 | WARNING  | image_export:exportImages:101 | 源文件不存在: C:\Users\ADMINI~1\AppData\Local\Temp\tmpn4f9t_cj\source\invalid_5.jpg
2026-02-14 08:34:56 | WARNING  | image_export:exportImages:101 | 源文件不存在: C:\Users\ADMINI~1\AppData\Local\Temp\tmpn4f9t_cj\source\invalid_6.jpg
2026-02-14 08:34:56 | INFO     | image_export:exportImages:155 | 转存完成: 成功 8, 失败 7
2026-02-14 08:34:57 | INFO     | image_export:exportImages:79 | 开始转存图片: 7 个文件到 C:\Users\ADMINI~1\AppData\Local\Temp\tmpzaduc6t8\target
2026-02-14 08:34:57 | WARNING  | image_export:exportImages:101 | 源文件不存在: C:\Users\ADMINI~1\AppData\Local\Temp\tmpzaduc6t8\source\invalid_0.jpg
2026-02-14 08:34:57 | WARNING  | image_export:exportImages:101 | 源文件不存在: C:\Users\ADMINI~1\AppData\Local\Temp\tmpzaduc6t8\source\invalid_1.jpg
2026-02-14 08:34:57 | INFO     | image_export:exportImages:155 | 转存完成: 成功 5, 失败 2
2026-02-14 08:34:57 | INFO     | image_export:exportImages:79 | 开始转存图片: 13 个文件到 C:\Users\ADMINI~1\AppData\Local\Temp\tmpqph2ay37\target
2026-02-14 08:34:57 | WARNING  | image_export:exportImages:101 | 源文件不存在: C:\Users\ADMINI~1\AppData\Local\Temp\tmpqph2ay37\source\invalid_0.jpg
2026-02-14 08:34:57 | WARNING  | image_export:exportImages:101 | 源文件不存在: C:\Users\ADMINI~1\AppData\Local\Temp\tmpqph2ay37\source\invalid_1.jpg
2026-02-14 08:34:57 | WARNING  | image_export:exportImages:101 | 源文件不存在: C:\Users\ADMINI~1\AppData\Local\Temp\tmpqph2ay37\source\invalid_2.jpg
2026-02-14 08:34:57 | WARNING  | image_export:exportImages:101 | 源文件不存在: C:\Users\ADMINI~1\AppData\Local\Temp\tmpqph2ay37\source\invalid_3.jpg
2026-02-14 08:34:57 | INFO     | image_export:exportImages:155 | 转存完成: 成功 9, 失败 4
2026-02-14 08:34:57 | INFO     | image_export:exportImages:79 | 开始转存图片: 16 个文件到 C:\Users\ADMINI~1\AppData\Local\Temp\tmpkrzqt4ti\target
2026-02-14 08:34:57 | WARNING  | image_export:exportImages:101 | 源文件不存在: C:\Users\ADMINI~1\AppData\Local\Temp\tmpkrzqt4ti\source\invalid_0.jpg
2026-02-14 08:34:57 | WARNING  | image_export:exportImages:101 | 源文件不存在: C:\Users\ADMINI~1\AppData\Local\Temp\tmpkrzqt4ti\source\invalid_1.jpg
2026-02-14 08:34:57 | WARNING  | image_export:exportImages:101 | 源文件不存在: C:\Users\ADMINI~1\AppData\Local\Temp\tmpkrzqt4ti\source\invalid_2.jpg
2026-02-14 08:34:57 | WARNING  | image_export:exportImages:101 | 源文件不存在: C:\Users\ADMINI~1\AppData\Local\Temp\tmpkrzqt4ti\source\invalid_3.jpg
2026-02-14 08:34:57 | WARNING  | image_export:exportImages:101 | 源文件不存在: C:\Users\ADMINI~1\AppData\Local\Temp\tmpkrzqt4ti\source\invalid_4.jpg
2026-02-14 08:34:57 | WARNING  | image_export:exportImages:101 | 源文件不存在: C:\Users\ADMINI~1\AppData\Local\Temp\tmpkrzqt4ti\source\invalid_5.jpg
2026-02-14 08:34:57 | WARNING  | image_export:exportImages:101 | 源文件不存在: C:\Users\ADMINI~1\AppData\Local\Temp\tmpkrzqt4ti\source\invalid_6.jpg
2026-02-14 08:34:57 | WARNING  | image_export:exportImages:101 | 源文件不存在: C:\Users\ADMINI~1\AppData\Local\Temp\tmpkrzqt4ti\source\invalid_7.jpg
2026-02-14 08:34:57 | WARNING  | image_export:exportImages:101 | 源文件不存在: C:\Users\ADMINI~1\AppData\Local\Temp\tmpkrzqt4ti\source\invalid_8.jpg
2026-02-14 08:34:57 | WARNING  | image_export:exportImages:101 | 源文件不存在: C:\Users\ADMINI~1\AppData\Local\Temp\tmpkrzqt4ti\source\invalid_9.jpg
2026-02-14 08:34:57 | INFO     | image_export:exportImages:155 | 转存完成: 成功 6, 失败 10
2026-02-14 08:34:57 | INFO     | image_export:exportImages:79 | 开始转存图片: 7 个文件到 C:\Users\ADMINI~1\AppData\Local\Temp\tmp2wx0nbez\target
2026-02-14 08:34:57 | WARNING  | image_export:exportImages:101 | 源文件不存在: C:\Users\ADMINI~1\AppData\Local\Temp\tmp2wx0nbez\source\invalid_0.jpg
2026-02-14 08:34:57 | WARNING  | image_export:exportImages:101 | 源文件不存在: C:\Users\ADMINI~1\AppData\Local\Temp\tmp2wx0nbez\source\invalid_1.jpg
2026-02-14 08:34:57 | WARNING  | image_export:exportImages:101 | 源文件不存在: C:\Users\ADMINI~1\AppData\Local\Temp\tmp2wx0nbez\source\invalid_2.jpg
2026-02-14 08:34:57 | INFO     | image_export:exportImages:155 | 转存完成: 成功 4, 失败 3
2026-02-14 08:34:57 | INFO     | image_export:exportImages:79 | 开始转存图片: 11 个文件到 C:\Users\ADMINI~1\AppData\Local\Temp\tmp2es2_azl\target
2026-02-14 08:34:57 | WARNING  | image_export:exportImages:101 | 源文件不存在: C:\Users\ADMINI~1\AppData\Local\Temp\tmp2es2_azl\source\invalid_0.jpg
2026-02-14 08:34:57 | WARNING  | image_export:exportImages:101 | 源文件不存在: C:\Users\ADMINI~1\AppData\Local\Temp\tmp2es2_azl\source\invalid_1.jpg
2026-02-14 08:34:57 | WARNING  | image_export:exportImages:101 | 源文件不存在: C:\Users\ADMINI~1\AppData\Local\Temp\tmp2es2_azl\source\invalid_2.jpg
2026-02-14 08:34:57 | WARNING  | image_export:exportImages:101 | 源文件不存在: C:\Users\ADMINI~1\AppData\Local\Temp\tmp2es2_azl\source\invalid_3.jpg
2026-02-14 08:34:57 | WARNING  | image_export:exportImages:101 | 源文件不存在: C:\Users\ADMINI~1\AppData\Local\Temp\tmp2es2_azl\source\invalid_4.jpg
2026-02-14 08:34:57 | WARNING  | image_export:exportImages:101 | 源文件不存在: C:\Users\ADMINI~1\AppData\Local\Temp\tmp2es2_azl\source\invalid_5.jpg
2026-02-14 08:34:57 | WARNING  | image_export:exportImages:101 | 源文件不存在: C:\Users\ADMINI~1\AppData\Local\Temp\tmp2es2_azl\source\invalid_6.jpg
2026-02-14 08:34:57 | WARNING  | image_export:exportImages:101 | 源文件不存在: C:\Users\ADMINI~1\AppData\Local\Temp\tmp2es2_azl\source\invalid_7.jpg
2026-02-14 08:34:57 | WARNING  | image_export:exportImages:101 | 源文件不存在: C:\Users\ADMINI~1\AppData\Local\Temp\tmp2es2_azl\source\invalid_8.jpg
2026-02-14 08:34:57 | WARNING  | image_export:exportImages:101 | 源文件不存在: C:\Users\ADMINI~1\AppData\Local\Temp\tmp2es2_azl\source\invalid_9.jpg
2026-02-14 08:34:57 | INFO     | image_export:exportImages:155 | 转存完成: 成功 1, 失败 10
2026-02-14 08:34:57 | INFO     | image_export:exportImages:79 | 开始转存图片: 20 个文件到 C:\Users\ADMINI~1\AppData\Local\Temp\tmpqq4g_uuk\target
2026-02-14 08:34:57 | WARNING  | image_export:exportImages:101 | 源文件不存在: C:\Users\ADMINI~1\AppData\Local\Temp\tmpqq4g_uuk\source\invalid_0.jpg
2026-02-14 08:34:57 | WARNING  | image_export:exportImages:101 | 源文件不存在: C:\Users\ADMINI~1\AppData\Local\Temp\tmpqq4g_uuk\source\invalid_1.jpg
2026-02-14 08:34:57 | WARNING  | image_export:exportImages:101 | 源文件不存在: C:\Users\ADMINI~1\AppData\Local\Temp\tmpqq4g_uuk\source\invalid_2.jpg
2026-02-14 08:34:57 | WARNING  | image_export:exportImages:101 | 源文件不存在: C:\Users\ADMINI~1\AppData\Local\Temp\tmpqq4g_uuk\source\invalid_3.jpg
2026-02-14 08:34:57 | WARNING  | image_export:exportImages:101 | 源文件不存在: C:\Users\ADMINI~1\AppData\Local\Temp\tmpqq4g_uuk\source\invalid_4.jpg
2026-02-14 08:34:57 | WARNING  | image_export:exportImages:101 | 源文件不存在: C:\Users\ADMINI~1\AppData\Local\Temp\tmpqq4g_uuk\source\invalid_5.jpg
2026-02-14 08:34:57 | WARNING  | image_export:exportImages:101 | 源文件不存在: C:\Users\ADMINI~1\AppData\Local\Temp\tmpqq4g_uuk\source\invalid_6.jpg
2026-02-14 08:34:57 | WARNING  | image_export:exportImages:101 | 源文件不存在: C:\Users\ADMINI~1\AppData\Local\Temp\tmpqq4g_uuk\source\invalid_7.jpg
2026-02-14 08:34:57 | WARNING  | image_export:exportImages:101 | 源文件不存在: C:\Users\ADMINI~1\AppData\Local\Temp\tmpqq4g_uuk\source\invalid_8.jpg
2026-02-14 08:34:57 | WARNING  | image_export:exportImages:101 | 源文件不存在: C:\Users\ADMINI~1\AppData\Local\Temp\tmpqq4g_uuk\source\invalid_9.jpg
2026-02-14 08:34:57 | INFO     | image_export:exportImages:155 | 转存完成: 成功 10, 失败 10
2026-02-14 08:34:57 | INFO     | image_export:exportImages:79 | 开始转存图片: 5 个文件到 C:\Users\ADMINI~1\AppData\Local\Temp\tmpk37frix1\target
2026-02-14 08:34:57 | WARNING  | image_export:exportImages:101 | 源文件不存在: C:\Users\ADMINI~1\AppData\Local\Temp\tmpk37frix1\source\invalid_0.jpg
2026-02-14 08:34:57 | WARNING  | image_export:exportImages:101 | 源文件不存在: C:\Users\ADMINI~1\AppData\Local\Temp\tmpk37frix1\source\invalid_1.jpg
2026-02-14 08:34:57 | INFO     | image_export:exportImages:155 | 转存完成: 成功 3, 失败 2
2026-02-14 08:34:57 | INFO     | image_export:exportImages:79 | 开始转存图片: 6 个文件到 C:\Users\ADMINI~1\AppData\Local\Temp\tmpjxdrgtqw\target
2026-02-14 08:34:57 | WARNING  | image_export:exportImages:101 | 源文件不存在: C:\Users\ADMINI~1\AppData\Local\Temp\tmpjxdrgtqw\source\invalid_0.jpg
2026-02-14 08:34:57 | WARNING  | image_export:exportImages:101 | 源文件不存在: C:\Users\ADMINI~1\AppData\Local\Temp\tmpjxdrgtqw\source\invalid_1.jpg
2026-02-14 08:34:57 | WARNING  | image_export:exportImages:101 | 源文件不存在: C:\Users\ADMINI~1\AppData\Local\Temp\tmpjxdrgtqw\source\invalid_2.jpg
2026-02-14 08:34:57 | INFO     | image_export:exportImages:155 | 转存完成: 成功 3, 失败 3
2026-02-14 08:34:57 | INFO     | image_export:exportImages:79 | 开始转存图片: 12 个文件到 C:\Users\ADMINI~1\AppData\Local\Temp\tmp0m8sp09k\target
2026-02-14 08:34:57 | WARNING  | image_export:exportImages:101 | 源文件不存在: C:\Users\ADMINI~1\AppData\Local\Temp\tmp0m8sp09k\source\invalid_0.jpg
2026-02-14 08:34:57 | WARNING  | image_export:exportImages:101 | 源文件不存在: C:\Users\ADMINI~1\AppData\Local\Temp\tmp0m8sp09k\source\invalid_1.jpg
2026-02-14 08:34:57 | WARNING  | image_export:exportImages:101 | 源文件不存在: C:\Users\ADMINI~1\AppData\Local\Temp\tmp0m8sp09k\source\invalid_2.jpg
2026-02-14 08:34:57 | WARNING  | image_export:exportImages:101 | 源文件不存在: C:\Users\ADMINI~1\AppData\Local\Temp\tmp0m8sp09k\source\invalid_3.jpg
2026-02-14 08:34:57 | WARNING  | image_export:exportImages:101 | 源文件不存在: C:\Users\ADMINI~1\AppData\Local\Temp\tmp0m8sp09k\source\invalid_4.jpg
2026-02-14 08:34:57 | WARNING  | image_export:exportImages:101 | 源文件不存在: C:\Users\ADMINI~1\AppData\Local\Temp\tmp0m8sp09k\source\invalid_5.jpg
2026-02-14 08:34:57 | WARNING  | image_export:exportImages:101 | 源文件不存在: C:\Users\ADMINI~1\AppData\Local\Temp\tmp0m8sp09k\source\invalid_6.jpg
2026-02-14 08:34:57 | WARNING  | image_export:exportImages:101 | 源文件不存在: C:\Users\ADMINI~1\AppData\Local\Temp\tmp0m8sp09k\source\invalid_7.jpg
2026-02-14 08:34:57 | INFO     | image_export:exportImages:155 | 转存完成: 成功 4, 失败 8
2026-02-14 08:34:58 | INFO     | image_export:exportImages:79 | 开始转存图片: 16 个文件到 C:\Users\ADMINI~1\AppData\Local\Temp\tmpndjwjx25\target
2026-02-14 08:34:58 | WARNING  | image_export:exportImages:101 | 源文件不存在: C:\Users\ADMINI~1\AppData\Local\Temp\tmpndjwjx25\source\invalid_0.jpg
2026-02-14 08:34:58 | WARNING  | image_export:exportImages:101 | 源文件不存在: C:\Users\ADMINI~1\AppData\Local\Temp\tmpndjwjx25\source\invalid_1.jpg
2026-02-14 08:34:58 | WARNING  | image_export:exportImages:101 | 源文件不存在: C:\Users\ADMINI~1\AppData\Local\Temp\tmpndjwjx25\source\invalid_2.jpg
2026-02-14 08:34:58 | WARNING  | image_export:exportImages:101 | 源文件不存在: C:\Users\ADMINI~1\AppData\Local\Temp\tmpndjwjx25\source\invalid_3.jpg
2026-02-14 08:34:58 | WARNING  | image_export:exportImages:101 | 源文件不存在: C:\Users\ADMINI~1\AppData\Local\Temp\tmpndjwjx25\source\invalid_4.jpg
2026-02-14 08:34:58 | WARNING  | image_export:exportImages:101 | 源文件不存在: C:\Users\ADMINI~1\AppData\Local\Temp\tmpndjwjx25\source\invalid_5.jpg
2026-02-14 08:34:58 | WARNING  | image_export:exportImages:101 | 源文件不存在: C:\Users\ADMINI~1\AppData\Local\Temp\tmpndjwjx25\source\invalid_6.jpg
2026-02-14 08:34:58 | WARNING  | image_export:exportImages:101 | 源文件不存在: C:\Users\ADMINI~1\AppData\Local\Temp\tmpndjwjx25\source\invalid_7.jpg
2026-02-14 08:34:58 | INFO     | image_export:exportImages:155 | 转存完成: 成功 8, 失败 8
2026-02-14 08:34:58 | INFO     | image_export:exportImages:79 | 开始转存图片: 12 个文件到 C:\Users\ADMINI~1\AppData\Local\Temp\tmpckxkcj3f\target
2026-02-14 08:34:58 | WARNING  | image_export:exportImages:101 | 源文件不存在: C:\Users\ADMINI~1\AppData\Local\Temp\tmpckxkcj3f\source\invalid_0.jpg
2026-02-14 08:34:58 | WARNING  | image_export:exportImages:101 | 源文件不存在: C:\Users\ADMINI~1\AppData\Local\Temp\tmpckxkcj3f\source\invalid_1.jpg
2026-02-14 08:34:58 | WARNING  | image_export:exportImages:101 | 源文件不存在: C:\Users\ADMINI~1\AppData\Local\Temp\tmpckxkcj3f\source\invalid_2.jpg
2026-02-14 08:34:58 | WARNING  | image_export:exportImages:101 | 源文件不存在: C:\Users\ADMINI~1\AppData\Local\Temp\tmpckxkcj3f\source\invalid_3.jpg
2026-02-14 08:34:58 | INFO     | image_export:exportImages:155 | 转存完成: 成功 8, 失败 4
2026-02-14 08:34:58 | INFO     | image_export:exportImages:79 | 开始转存图片: 8 个文件到 C:\Users\ADMINI~1\AppData\Local\Temp\tmpb2sxhlp7\target
2026-02-14 08:34:58 | WARNING  | image_export:exportImages:101 | 源文件不存在: C:\Users\ADMINI~1\AppData\Local\Temp\tmpb2sxhlp7\source\invalid_0.jpg
2026-02-14 08:34:58 | WARNING  | image_export:exportImages:101 | 源文件不存在: C:\Users\ADMINI~1\AppData\Local\Temp\tmpb2sxhlp7\source\invalid_1.jpg
2026-02-14 08:34:58 | WARNING  | image_export:exportImages:101 | 源文件不存在: C:\Users\ADMINI~1\AppData\Local\Temp\tmpb2sxhlp7\source\invalid_2.jpg
2026-02-14 08:34:58 | WARNING  | image_export:exportImages:101 | 源文件不存在: C:\Users\ADMINI~1\AppData\Local\Temp\tmpb2sxhlp7\source\invalid_3.jpg
2026-02-14 08:34:58 | INFO     | image_export:exportImages:155 | 转存完成: 成功 4, 失败 4
2026-02-14 08:34:58 | INFO     | image_export:exportImages:79 | 开始转存图片: 3 个文件到 C:\Users\ADMINI~1\AppData\Local\Temp\tmpglhjg0z9\target
2026-02-14 08:34:58 | WARNING  | image_export:exportImages:101 | 源文件不存在: C:\Users\ADMINI~1\AppData\Local\Temp\tmpglhjg0z9\source\invalid_0.jpg
2026-02-14 08:34:58 | WARNING  | image_export:exportImages:101 | 源文件不存在: C:\Users\ADMINI~1\AppData\Local\Temp\tmpglhjg0z9\source\invalid_1.jpg
2026-02-14 08:34:58 | INFO     | image_export:exportImages:155 | 转存完成: 成功 1, 失败 2
2026-02-14 08:34:58 | INFO     | image_export:exportImages:79 | 开始转存图片: 2 个文件到 C:\Users\ADMINI~1\AppData\Local\Temp\tmpqhrsqmoy\target
2026-02-14 08:34:58 | WARNING  | image_export:exportImages:101 | 源文件不存在: C:\Users\ADMINI~1\AppData\Local\Temp\tmpqhrsqmoy\source\invalid_0.jpg
2026-02-14 08:34:58 | INFO     | image_export:exportImages:155 | 转存完成: 成功 1, 失败 1
2026-02-14 08:34:58 | INFO     | image_export:exportImages:79 | 开始转存图片: 1 个文件到 C:\Users\ADMINI~1\AppData\Local\Temp\tmpjm0j_w4b\target
2026-02-14 08:34:58 | WARNING  | image_export:exportImages:101 | 源文件不存在: C:\Users\ADMINI~1\AppData\Local\Temp\tmpjm0j_w4b\source\nonexistent_0.jpg
2026-02-14 08:34:58 | INFO     | image_export:exportImages:155 | 转存完成: 成功 0, 失败 1
2026-02-14 08:34:58 | INFO     | image_export:exportImages:79 | 开始转存图片: 7 个文件到 C:\Users\ADMINI~1\AppData\Local\Temp\tmp61h9x6lt\target
2026-02-14 08:34:58 | WARNING  | image_export:exportImages:101 | 源文件不存在: C:\Users\ADMINI~1\AppData\Local\Temp\tmp61h9x6lt\source\nonexistent_0.jpg
2026-02-14 08:34:58 | WARNING  | image_export:exportImages:101 | 源文件不存在: C:\Users\ADMINI~1\AppData\Local\Temp\tmp61h9x6lt\source\nonexistent_1.jpg
2026-02-14 08:34:58 | WARNING  | image_export:exportImages:101 | 源文件不存在: C:\Users\ADMINI~1\AppData\Local\Temp\tmp61h9x6lt\source\nonexistent_2.jpg
2026-02-14 08:34:58 | WARNING  | image_export:exportImages:101 | 源文件不存在: C:\Users\ADMINI~1\AppData\Local\Temp\tmp61h9x6lt\source\nonexistent_3.jpg
2026-02-14 08:34:58 | WARNING  | image_export:exportImages:101 | 源文件不存在: C:\Users\ADMINI~1\AppData\Local\Temp\tmp61h9x6lt\source\nonexistent_4.jpg
2026-02-14 08:34:58 | WARNING  | image_export:exportImages:101 | 源文件不存在: C:\Users\ADMINI~1\AppData\Local\Temp\tmp61h9x6lt\source\nonexistent_5.jpg
2026-02-14 08:34:58 | WARNING  | image_export:exportImages:101 | 源文件不存在: C:\Users\ADMINI~1\AppData\Local\Temp\tmp61h9x6lt\source\nonexistent_6.jpg
2026-02-14 08:34:58 | INFO     | image_export:exportImages:155 | 转存完成: 成功 0, 失败 7
2026-02-14 08:34:58 | INFO     | image_export:exportImages:79 | 开始转存图片: 5 个文件到 C:\Users\ADMINI~1\AppData\Local\Temp\tmp_cpayeq8\target
2026-02-14 08:34:58 | WARNING  | image_export:exportImages:101 | 源文件不存在: C:\Users\ADMINI~1\AppData\Local\Temp\tmp_cpayeq8\source\nonexistent_0.jpg
2026-02-14 08:34:58 | WARNING  | image_export:exportImages:101 | 源文件不存在: C:\Users\ADMINI~1\AppData\Local\Temp\tmp_cpayeq8\source\nonexistent_1.jpg
2026-02-14 08:34:58 | WARNING  | image_export:exportImages:101 | 源文件不存在: C:\Users\ADMINI~1\AppData\Local\Temp\tmp_cpayeq8\source\nonexistent_2.jpg
2026-02-14 08:34:58 | WARNING  | image_export:exportImages:101 | 源文件不存在: C:\Users\ADMINI~1\AppData\Local\Temp\tmp_cpayeq8\source\nonexistent_3.jpg
2026-02-14 08:34:58 | WARNING  | image_export:exportImages:101 | 源文件不存在: C:\Users\ADMINI~1\AppData\Local\Temp\tmp_cpayeq8\source\nonexistent_4.jpg
2026-02-14 08:34:58 | INFO     | image_export:exportImages:155 | 转存完成: 成功 0, 失败 5
2026-02-14 08:34:58 | INFO     | image_export:exportImages:79 | 开始转存图片: 2 个文件到 C:\Users\ADMINI~1\AppData\Local\Temp\tmpu2bpcwam\target
2026-02-14 08:34:58 | WARNING  | image_export:exportImages:101 | 源文件不存在: C:\Users\ADMINI~1\AppData\Local\Temp\tmpu2bpcwam\source\nonexistent_0.jpg
2026-02-14 08:34:58 | WARNING  | image_export:exportImages:101 | 源文件不存在: C:\Users\ADMINI~1\AppData\Local\Temp\tmpu2bpcwam\source\nonexistent_1.jpg
2026-02-14 08:34:58 | INFO     | image_export:exportImages:155 | 转存完成: 成功 0, 失败 2
2026-02-14 08:34:58 | INFO     | image_export:exportImages:79 | 开始转存图片: 3 个文件到 C:\Users\ADMINI~1\AppData\Local\Temp\tmp8c32c2cv\target
2026-02-14 08:34:58 | WARNING  | image_export:exportImages:101 | 源文件不存在: C:\Users\ADMINI~1\AppData\Local\Temp\tmp8c32c2cv\source\nonexistent_0.jpg
2026-02-14 08:34:58 | WARNING  | image_export:exportImages:101 | 源文件不存在: C:\Users\ADMINI~1\AppData\Local\Temp\tmp8c32c2cv\source\nonexistent_1.jpg
2026-02-14 08:34:58 | WARNING  | image_export:exportImages:101 | 源文件不存在: C:\Users\ADMINI~1\AppData\Local\Temp\tmp8c32c2cv\source\nonexistent_2.jpg
2026-02-14 08:34:58 | INFO     | image_export:exportImages:155 | 转存完成: 成功 0, 失败 3
2026-02-14 08:34:58 | INFO     | image_export:exportImages:79 | 开始转存图片: 8 个文件到 C:\Users\ADMINI~1\AppData\Local\Temp\tmp3mnvr07q\target
2026-02-14 08:34:58 | WARNING  | image_export:exportImages:101 | 源文件不存在: C:\Users\ADMINI~1\AppData\Local\Temp\tmp3mnvr07q\source\nonexistent_0.jpg
2026-02-14 08:34:58 | WARNING  | image_export:exportImages:101 | 源文件不存在: C:\Users\ADMINI~1\AppData\Local\Temp\tmp3mnvr07q\source\nonexistent_1.jpg
2026-02-14 08:34:58 | WARNING  | image_export:exportImages:101 | 源文件不存在: C:\Users\ADMINI~1\AppData\Local\Temp\tmp3mnvr07q\source\nonexistent_2.jpg
2026-02-14 08:34:58 | WARNING  | image_export:exportImages:101 | 源文件不存在: C:\Users\ADMINI~1\AppData\Local\Temp\tmp3mnvr07q\source\nonexistent_3.jpg
2026-02-14 08:34:58 | WARNING  | image_export:exportImages:101 | 源文件不存在: C:\Users\ADMINI~1\AppData\Local\Temp\tmp3mnvr07q\source\nonexistent_4.jpg
2026-02-14 08:34:58 | WARNING  | image_export:exportImages:101 | 源文件不存在: C:\Users\ADMINI~1\AppData\Local\Temp\tmp3mnvr07q\source\nonexistent_5.jpg
2026-02-14 08:34:58 | WARNING  | image_export:exportImages:101 | 源文件不存在: C:\Users\ADMINI~1\AppData\Local\Temp\tmp3mnvr07q\source\nonexistent_6.jpg
2026-02-14 08:34:58 | WARNING  | image_export:exportImages:101 | 源文件不存在: C:\Users\ADMINI~1\AppData\Local\Temp\tmp3mnvr07q\source\nonexistent_7.jpg
2026-02-14 08:34:58 | INFO     | image_export:exportImages:155 | 转存完成: 成功 0, 失败 8
2026-02-14 08:34:58 | INFO     | image_export:exportImages:79 | 开始转存图片: 9 个文件到 C:\Users\ADMINI~1\AppData\Local\Temp\tmp1jp0e9hv\target
2026-02-14 08:34:58 | WARNING  | image_export:exportImages:101 | 源文件不存在: C:\Users\ADMINI~1\AppData\Local\Temp\tmp1jp0e9hv\source\nonexistent_0.jpg
2026-02-14 08:34:58 | WARNING  | image_export:exportImages:101 | 源文件不存在: C:\Users\ADMINI~1\AppData\Local\Temp\tmp1jp0e9hv\source\nonexistent_1.jpg
2026-02-14 08:34:58 | WARNING  | image_export:exportImages:101 | 源文件不存在: C:\Users\ADMINI~1\AppData\Local\Temp\tmp1jp0e9hv\source\nonexistent_2.jpg
2026-02-14 08:34:58 | WARNING  | image_export:exportImages:101 | 源文件不存在: C:\Users\ADMINI~1\AppData\Local\Temp\tmp1jp0e9hv\source\nonexistent_3.jpg
2026-02-14 08:34:58 | WARNING  | image_export:exportImages:101 | 源文件不存在: C:\Users\ADMINI~1\AppData\Local\Temp\tmp1jp0e9hv\source\nonexistent_4.jpg
2026-02-14 08:34:58 | WARNING  | image_export:exportImages:101 | 源文件不存在: C:\Users\ADMINI~1\AppData\Local\Temp\tmp1jp0e9hv\source\nonexistent_5.jpg
2026-02-14 08:34:58 | WARNING  | image_export:exportImages:101 | 源文件不存在: C:\Users\ADMINI~1\AppData\Local\Temp\tmp1jp0e9hv\source\nonexistent_6.jpg
2026-02-14 08:34:58 | WARNING  | image_export:exportImages:101 | 源文件不存在: C:\Users\ADMINI~1\AppData\Local\Temp\tmp1jp0e9hv\source\nonexistent_7.jpg
2026-02-14 08:34:58 | WARNING  | image_export:exportImages:101 | 源文件不存在: C:\Users\ADMINI~1\AppData\Local\Temp\tmp1jp0e9hv\source\nonexistent_8.jpg
2026-02-14 08:34:58 | INFO     | image_export:exportImages:155 | 转存完成: 成功 0, 失败 9
2026-02-14 08:34:58 | INFO     | image_export:exportImages:79 | 开始转存图片: 4 个文件到 C:\Users\ADMINI~1\AppData\Local\Temp\tmpbacr6717\target
2026-02-14 08:34:58 | WARNING  | image_export:exportImages:101 | 源文件不存在: C:\Users\ADMINI~1\AppData\Local\Temp\tmpbacr6717\source\nonexistent_0.jpg
2026-02-14 08:34:58 | WARNING  | image_export:exportImages:101 | 源文件不存在: C:\Users\ADMINI~1\AppData\Local\Temp\tmpbacr6717\source\nonexistent_1.jpg
2026-02-14 08:34:58 | WARNING  | image_export:exportImages:101 | 源文件不存在: C:\Users\ADMINI~1\AppData\Local\Temp\tmpbacr6717\source\nonexistent_2.jpg
2026-02-14 08:34:58 | WARNING  | image_export:exportImages:101 | 源文件不存在: C:\Users\ADMINI~1\AppData\Local\Temp\tmpbacr6717\source\nonexistent_3.jpg
2026-02-14 08:34:58 | INFO     | image_export:exportImages:155 | 转存完成: 成功 0, 失败 4
2026-02-14 08:34:58 | INFO     | image_export:exportImages:79 | 开始转存图片: 6 个文件到 C:\Users\ADMINI~1\AppData\Local\Temp\tmpp47tprz0\target
2026-02-14 08:34:58 | WARNING  | image_export:exportImages:101 | 源文件不存在: C:\Users\ADMINI~1\AppData\Local\Temp\tmpp47tprz0\source\nonexistent_0.jpg
2026-02-14 08:34:58 | WARNING  | image_export:exportImages:101 | 源文件不存在: C:\Users\ADMINI~1\AppData\Local\Temp\tmpp47tprz0\source\nonexistent_1.jpg
2026-02-14 08:34:58 | WARNING  | image_export:exportImages:101 | 源文件不存在: C:\Users\ADMINI~1\AppData\Local\Temp\tmpp47tprz0\source\nonexistent_2.jpg
2026-02-14 08:34:58 | WARNING  | image_export:exportImages:101 | 源文件不存在: C:\Users\ADMINI~1\AppData\Local\Temp\tmpp47tprz0\source\nonexistent_3.jpg
2026-02-14 08:34:58 | WARNING  | image_export:exportImages:101 | 源文件不存在: C:\Users\ADMINI~1\AppData\Local\Temp\tmpp47tprz0\source\nonexistent_4.jpg
2026-02-14 08:34:58 | WARNING  | image_export:exportImages:101 | 源文件不存在: C:\Users\ADMINI~1\AppData\Local\Temp\tmpp47tprz0\source\nonexistent_5.jpg
2026-02-14 08:34:58 | INFO     | image_export:exportImages:155 | 转存完成: 成功 0, 失败 6
2026-02-14 08:34:58 | INFO     | image_export:exportImages:79 | 开始转存图片: 10 个文件到 C:\Users\ADMINI~1\AppData\Local\Temp\tmpgonn00hi\target
2026-02-14 08:34:58 | WARNING  | image_export:exportImages:101 | 源文件不存在: C:\Users\ADMINI~1\AppData\Local\Temp\tmpgonn00hi\source\nonexistent_0.jpg
2026-02-14 08:34:58 | WARNING  | image_export:exportImages:101 | 源文件不存在: C:\Users\ADMINI~1\AppData\Local\Temp\tmpgonn00hi\source\nonexistent_1.jpg
2026-02-14 08:34:58 | WARNING  | image_export:exportImages:101 | 源文件不存在: C:\Users\ADMINI~1\AppData\Local\Temp\tmpgonn00hi\source\nonexistent_2.jpg
2026-02-14 08:34:58 | WARNING  | image_export:exportImages:101 | 源文件不存在: C:\Users\ADMINI~1\AppData\Local\Temp\tmpgonn00hi\source\nonexistent_3.jpg
2026-02-14 08:34:58 | WARNING  | image_export:exportImages:101 | 源文件不存在: C:\Users\ADMINI~1\AppData\Local\Temp\tmpgonn00hi\source\nonexistent_4.jpg
2026-02-14 08:34:58 | WARNING  | image_export:exportImages:101 | 源文件不存在: C:\Users\ADMINI~1\AppData\Local\Temp\tmpgonn00hi\source\nonexistent_5.jpg
2026-02-14 08:34:58 | WARNING  | image_export:exportImages:101 | 源文件不存在: C:\Users\ADMINI~1\AppData\Local\Temp\tmpgonn00hi\source\nonexistent_6.jpg
2026-02-14 08:34:58 | WARNING  | image_export:exportImages:101 | 源文件不存在: C:\Users\ADMINI~1\AppData\Local\Temp\tmpgonn00hi\source\nonexistent_7.jpg
2026-02-14 08:34:58 | WARNING  | image_export:exportImages:101 | 源文件不存在: C:\Users\ADMINI~1\AppData\Local\Temp\tmpgonn00hi\source\nonexistent_8.jpg
2026-02-14 08:34:58 | WARNING  | image_export:exportImages:101 | 源文件不存在: C:\Users\ADMINI~1\AppData\Local\Temp\tmpgonn00hi\source\nonexistent_9.jpg
2026-02-14 08:34:58 | INFO     | image_export:exportImages:155 | 转存完成: 成功 0, 失败 10
2026-02-14 08:34:58 | INFO     | image_export:exportImages:79 | 开始转存图片: 0 个文件到 C:\Users\ADMINI~1\AppData\Local\Temp\tmpw140p71z\target
2026-02-14 08:34:58 | INFO     | image_export:exportImages:155 | 转存完成: 成功 0, 失败 0
2026-02-14 08:34:58 | WARNING  | error_handlers:handle_validation_error:110 | 验证错误: 需要提供 imageId, 字段: imageId
2026-02-14 08:34:58 | INFO     | app:upload_image:122 | 图片上传成功: 8bc7c8e9-7804-4866-b7b5-9a68c2afdf8c, 文件名: test.jpg
2026-02-14 08:34:58 | WARNING  | error_handlers:handle_validation_error:110 | 验证错误: 需要提供 faceId, 字段: faceId
2026-02-14 08:34:58 | INFO     | app:upload_image:122 | 图片上传成功: 8b732893-4180-4a1f-880d-ec5bd197ceaf, 文件名: test.jpg
2026-02-14 08:34:58 | WARNING  | error_handlers:handle_validation_error:110 | 验证错误: 需要提供 searchFolder, 字段: searchFolder
2026-02-14 08:34:58 | INFO     | app:upload_image:122 | 图片上传成功: 0aa42fd7-47e6-470a-bb49-331e5d80134e, 文件名: test.jpg
2026-02-14 08:34:58 | WARNING  | error_handlers:handle_validation_error:110 | 验证错误: threshold 必须在 0 到 1 之间, 字段: threshold
2026-02-14 08:34:58 | WARNING  | error_handlers:handle_not_found_error:125 | 资源未找到: 未找到图片: nonexistent-id, 类型: image, ID: nonexistent-id
2026-02-14 08:34:58 | INFO     | app:upload_image:122 | 图片上传成功: 5031fcc8-7b03-474a-b088-247c6f6e0f81, 文件名: test.jpg
2026-02-14 08:34:58 | WARNING  | app:search_faces:298 | 搜索文件夹不存在: /nonexistent/folder
2026-02-14 08:34:58 | WARNING  | error_handlers:handle_validation_error:110 | 验证错误: 搜索文件夹不存在: /nonexistent/folder, 字段: searchFolder
2026-02-14 08:34:58 | INFO     | app:upload_image:122 | 图片上传成功: 68ef0ad9-8196-4015-a296-9bdec0b6e271, 文件名: test.jpg
2026-02-14 08:34:58 | WARNING  | app:search_faces:301 | 搜索路径不是文件夹: C:\Users\ADMINI~1\AppData\Local\Temp\tmpe7zujdqv
2026-02-14 08:34:58 | WARNING  | error_handlers:handle_validation_error:110 | 验证错误: 搜索路径不是文件夹: C:\Users\ADMINI~1\AppData\Local\Temp\tmpe7zujdqv, 字段: searchFolder
2026-02-14 08:34:58 | INFO     | app:upload_image:122 | 图片上传成功: f82ebad3-70d8-4ba1-b49b-c0c8cffc959d, 文件名: test.jpg
2026-02-14 08:34:58 | INFO     | app:detect_faces:209 | 开始检测人脸: f82ebad3-70d8-4ba1-b49b-c0c8cffc959d
2026-02-14 08:34:58 | INFO     | face_detection:detectFaces:57 | 图片中未检测到人脸: D:\AI_workspace\face-search-app\tests\..\backend\temp_uploads\f82ebad3-70d8-4ba1-b49b-c0c8cffc959d.jpg
2026-02-14 08:34:58 | WARNING  | app:detect_faces:214 | 图片中未检测到人脸: f82ebad3-70d8-4ba1-b49b-c0c8cffc959d
2026-02-14 08:34:59 | INFO     | app:upload_image:122 | 图片上传成功: 3ea359ee-606a-4876-8d5a-a941f6a400c8, 文件名: test.jpg
2026-02-14 08:34:59 | INFO     | app:detect_faces:209 | 开始检测人脸: 3ea359ee-606a-4876-8d5a-a941f6a400c8
2026-02-14 08:34:59 | INFO     | face_detection:detectFaces:57 | 图片中未检测到人脸: D:\AI_workspace\face-search-app\tests\..\backend\temp_uploads\3ea359ee-606a-4876-8d5a-a941f6a400c8.jpg
2026-02-14 08:34:59 | WARNING  | app:detect_faces:214 | 图片中未检测到人脸: 3ea359ee-606a-4876-8d5a-a941f6a400c8
2026-02-14 08:34:59 | INFO     | app:upload_image:122 | 图片上传成功: 4ce5a27f-ba29-4733-bbfe-264fbb5d60b8, 文件名: test.jpg
2026-02-14 08:34:59 | INFO     | app:detect_faces:209 | 开始检测人脸: 4ce5a27f-ba29-4733-bbfe-264fbb5d60b8
2026-02-14 08:34:59 | INFO     | face_detection:detectFaces:57 | 图片中未检测到人脸: D:\AI_workspace\face-search-app\tests\..\backend\temp_uploads\4ce5a27f-ba29-4733-bbfe-264fbb5d60b8.jpg
2026-02-14 08:34:59 | WARNING  | app:detect_faces:214 | 图片中未检测到人脸: 4ce5a27f-ba29-4733-bbfe-264fbb5d60b8
2026-02-14 08:34:59 | WARNING  | error_handlers:handle_not_found_error:125 | 资源未找到: 未找到搜索任务: nonexistent-task-id, 类型: task, ID: nonexistent-task-id
2026-02-14 08:34:59 | INFO     | app:upload_image:122 | 图片上传成功: 7a9aa995-16f0-4b15-a175-622931c17c47, 文件名: test.jpg
2026-02-14 08:34:59 | INFO     | app:detect_faces:209 | 开始检测人脸: 7a9aa995-16f0-4b15-a175-622931c17c47
2026-02-14 08:34:59 | INFO     | face_detection:detectFaces:57 | 图片中未检测到人脸: D:\AI_workspace\face-search-app\tests\..\backend\temp_uploads\7a9aa995-16f0-4b15-a175-622931c17c47.jpg
2026-02-14 08:34:59 | WARNING  | app:detect_faces:214 | 图片中未检测到人脸: 7a9aa995-16f0-4b15-a175-622931c17c47
2026-02-14 08:34:59 | INFO     | app:upload_image:122 | 图片上传成功: 01c1ce5e-8460-4ca9-b34e-24c53d5b5f39, 文件名: test.jpg
2026-02-14 08:34:59 | INFO     | app:detect_faces:209 | 开始检测人脸: 01c1ce5e-8460-4ca9-b34e-24c53d5b5f39
2026-02-14 08:34:59 | INFO     | face_detection:detectFaces:57 | 图片中未检测到人脸: D:\AI_workspace\face-search-app\tests\..\backend\temp_uploads\01c1ce5e-8460-4ca9-b34e-24c53d5b5f39.jpg
2026-02-14 08:34:59 | WARNING  | app:detect_faces:214 | 图片中未检测到人脸: 01c1ce5e-8460-4ca9-b34e-24c53d5b5f39
2026-02-14 08:34:59 | WARNING  | error_handlers:handle_not_found_error:125 | 资源未找到: 未找到搜索任务: nonexistent-task-id, 类型: task, ID: nonexistent-task-id
2026-02-14 08:34:59 | INFO     | app:upload_image:122 | 图片上传成功: 95b28b8d-241e-448d-ad05-97be668893ad, 文件名: test.jpg
2026-02-14 08:34:59 | INFO     | app:detect_faces:209 | 开始检测人脸: 95b28b8d-241e-448d-ad05-97be668893ad
2026-02-14 08:34:59 | INFO     | face_detection:detectFaces:57 | 图片中未检测到人脸: D:\AI_workspace\face-search-app\tests\..\backend\temp_uploads\95b28b8d-241e-448d-ad05-97be668893ad.jpg
2026-02-14 08:34:59 | WARNING  | app:detect_faces:214 | 图片中未检测到人脸: 95b28b8d-241e-448d-ad05-97be668893ad
2026-02-14 08:34:59 | INFO     | app:upload_image:122 | 图片上传成功: f4c85f70-702e-46be-9bfd-3e5022873089, 文件名: test.jpg
2026-02-14 08:34:59 | INFO     | app:detect_faces:209 | 开始检测人脸: f4c85f70-702e-46be-9bfd-3e5022873089
2026-02-14 08:34:59 | INFO     | face_detection:detectFaces:57 | 图片中未检测到人脸: D:\AI_workspace\face-search-app\tests\..\backend\temp_uploads\f4c85f70-702e-46be-9bfd-3e5022873089.jpg
2026-02-14 08:34:59 | WARNING  | app:detect_faces:214 | 图片中未检测到人脸: f4c85f70-702e-46be-9bfd-3e5022873089
2026-02-14 08:35:00 | INFO     | app:upload_image:122 | 图片上传成功: cca807bb-1282-4569-8d29-fae36b66abd5, 文件名: test_face.jpg
2026-02-14 08:35:00 | INFO     | app:detect_faces:209 | 开始检测人脸: cca807bb-1282-4569-8d29-fae36b66abd5
2026-02-14 08:35:00 | INFO     | face_detection:detectFaces:57 | 图片中未检测到人脸: D:\AI_workspace\face-search-app\tests\..\backend\temp_uploads\cca807bb-1282-4569-8d29-fae36b66abd5.jpg
2026-02-14 08:35:00 | WARNING  | app:detect_faces:214 | 图片中未检测到人脸: cca807bb-1282-4569-8d29-fae36b66abd5
2026-02-14 08:35:00 | INFO     | app:upload_image:122 | 图片上传成功: cf7be503-5c00-4aa5-9e2c-1b2af6e48070, 文件名: test_face.jpg
2026-02-14 08:35:00 | INFO     | app:detect_faces:209 | 开始检测人脸: cf7be503-5c00-4aa5-9e2c-1b2af6e48070
2026-02-14 08:35:00 | INFO     | face_detection:detectFaces:57 | 图片中未检测到人脸: D:\AI_workspace\face-search-app\tests\..\backend\temp_uploads\cf7be503-5c00-4aa5-9e2c-1b2af6e48070.jpg
2026-02-14 08:35:00 | WARNING  | app:detect_faces:214 | 图片中未检测到人脸: cf7be503-5c00-4aa5-9e2c-1b2af6e48070
2026-02-14 08:35:01 | INFO     | app:upload_image:122 | 图片上传成功: 4bfb48c4-9e5e-4f8a-978a-3d1dc5319f7c, 文件名: test.jpg
2026-02-14 08:35:01 | WARNING  | app:search_faces:298 | 搜索文件夹不存在: /nonexistent/folder
2026-02-14 08:35:01 | WARNING  | error_handlers:handle_validation_error:110 | 验证错误: 搜索文件夹不存在: /nonexistent/folder, 字段: searchFolder
2026-02-14 08:35:01 | INFO     | app:upload_image:122 | 图片上传成功: 95ae69a9-7551-46f8-8604-bea55ae59696, 文件名: test_face.jpg
2026-02-14 08:35:01 | INFO     | app:detect_faces:209 | 开始检测人脸: 95ae69a9-7551-46f8-8604-bea55ae59696
2026-02-14 08:35:01 | INFO     | face_detection:detectFaces:57 | 图片中未检测到人脸: D:\AI_workspace\face-search-app\tests\..\backend\temp_uploads\95ae69a9-7551-46f8-8604-bea55ae59696.jpg
2026-02-14 08:35:01 | WARNING  | app:detect_faces:214 | 图片中未检测到人脸: 95ae69a9-7551-46f8-8604-bea55ae59696
2026-02-14 08:35:01 | INFO     | app:upload_image:122 | 图片上传成功: 2c63ed5f-aabf-4cca-937e-458f9e4e246c, 文件名: test_face.jpg
2026-02-14 08:35:01 | INFO     | app:detect_faces:209 | 开始检测人脸: 2c63ed5f-aabf-4cca-937e-458f9e4e246c
2026-02-14 08:35:01 | INFO     | face_detection:detectFaces:57 | 图片中未检测到人脸: D:\AI_workspace\face-search-app\tests\..\backend\temp_uploads\2c63ed5f-aabf-4cca-937e-458f9e4e246c.jpg
2026-02-14 08:35:01 | WARNING  | app:detect_faces:214 | 图片中未检测到人脸: 2c63ed5f-aabf-4cca-937e-458f9e4e246c
2026-02-14 08:35:01 | INFO     | app:upload_image:122 | 图片上传成功: c9b14cba-c26e-4e0d-ac10-09a5669a7b51, 文件名: test_face.jpg
2026-02-14 08:35:01 | INFO     | app:detect_faces:209 | 开始检测人脸: c9b14cba-c26e-4e0d-ac10-09a5669a7b51
2026-02-14 08:35:01 | INFO     | face_detection:detectFaces:57 | 图片中未检测到人脸: D:\AI_workspace\face-search-app\tests\..\backend\temp_uploads\c9b14cba-c26e-4e0d-ac10-09a5669a7b51.jpg
2026-02-14 08:35:01 | WARNING  | app:detect_faces:214 | 图片中未检测到人脸: c9b14cba-c26e-4e0d-ac10-09a5669a7b51
2026-02-14 08:35:01 | INFO     | face_search:searchFaces:70 | 开始搜索人脸: 文件夹=C:\Users\ADMINI~1\AppData\Local\Temp\tmpfzl08pv8, 阈值=0.0
2026-02-14 08:35:01 | INFO     | face_search:searchFaces:83 | 扫描完成，找到 2 个图片文件
2026-02-14 08:35:01 | ERROR    | face_detection:detectFaces:76 | 处理图片时发生错误: C:\Users\ADMINI~1\AppData\Local\Temp\tmpfzl08pv8\corrupted_0.jpg, 错误: cannot identify image file 'C:\\Users\\ADMINI~1\\AppData\\Local\\Temp\\tmpfzl08pv8\\corrupted_0.jpg'
Traceback (most recent call last):
  File "D:\AI_workspace\face-search-app\tests\..\backend\face_detection.py", line 49, in detectFaces
    image = face_recognition.load_image_file(image_path)
  File "D:\AI_workspace\face-search-app\backend\venv\Lib\site-packages\face_recognition\api.py", line 86, in load_image_file
    im = PIL.Image.open(file)
  File "D:\AI_workspace\face-search-app\backend\venv\Lib\site-packages\PIL\Image.py", line 3579, in open
    raise UnidentifiedImageError(msg)
PIL.UnidentifiedImageError: cannot identify image file 'C:\\Users\\ADMINI~1\\AppData\\Local\\Temp\\tmpfzl08pv8\\corrupted_0.jpg'
2026-02-14 08:35:01 | INFO     | face_detection:detectFaces:57 | 图片中未检测到人脸: C:\Users\ADMINI~1\AppData\Local\Temp\tmpfzl08pv8\valid_0.jpg
2026-02-14 08:35:01 | INFO     | face_search:searchFaces:174 | 搜索完成: 处理 2 个文件, 跳过 2 个文件, 找到 0 个匹配结果, 已取消: False
2026-02-14 08:35:01 | INFO     | face_search:searchFaces:70 | 开始搜索人脸: 文件夹=C:\Users\ADMINI~1\AppData\Local\Temp\tmp2dkz04o6, 阈值=0.0
2026-02-14 08:35:01 | INFO     | face_search:searchFaces:83 | 扫描完成，找到 4 个图片文件
2026-02-14 08:35:01 | ERROR    | face_detection:detectFaces:76 | 处理图片时发生错误: C:\Users\ADMINI~1\AppData\Local\Temp\tmp2dkz04o6\corrupted_0.jpg, 错误: cannot identify image file 'C:\\Users\\ADMINI~1\\AppData\\Local\\Temp\\tmp2dkz04o6\\corrupted_0.jpg'
Traceback (most recent call last):
  File "D:\AI_workspace\face-search-app\tests\..\backend\face_detection.py", line 49, in detectFaces
    image = face_recognition.load_image_file(image_path)
  File "D:\AI_workspace\face-search-app\backend\venv\Lib\site-packages\face_recognition\api.py", line 86, in load_image_file
    im = PIL.Image.open(file)
  File "D:\AI_workspace\face-search-app\backend\venv\Lib\site-packages\PIL\Image.py", line 3579, in open
    raise UnidentifiedImageError(msg)
PIL.UnidentifiedImageError: cannot identify image file 'C:\\Users\\ADMINI~1\\AppData\\Local\\Temp\\tmp2dkz04o6\\corrupted_0.jpg'
2026-02-14 08:35:01 | INFO     | face_detection:detectFaces:57 | 图片中未检测到人脸: C:\Users\ADMINI~1\AppData\Local\Temp\tmp2dkz04o6\valid_0.jpg
2026-02-14 08:35:02 | INFO     | face_detection:detectFaces:57 | 图片中未检测到人脸: C:\Users\ADMINI~1\AppData\Local\Temp\tmp2dkz04o6\valid_1.jpg
2026-02-14 08:35:02 | INFO     | face_detection:detectFaces:57 | 图片中未检测到人脸: C:\Users\ADMINI~1\AppData\Local\Temp\tmp2dkz04o6\valid_2.jpg
2026-02-14 08:35:02 | INFO     | face_search:searchFaces:174 | 搜索完成: 处理 4 个文件, 跳过 4 个文件, 找到 0 个匹配结果, 已取消: False
2026-02-14 08:35:02 | INFO     | face_search:searchFaces:70 | 开始搜索人脸: 文件夹=C:\Users\ADMINI~1\AppData\Local\Temp\tmp9wrytvks, 阈值=0.9789600113215813
2026-02-14 08:35:02 | INFO     | face_search:searchFaces:83 | 扫描完成，找到 4 个图片文件
2026-02-14 08:35:02 | ERROR    | face_detection:detectFaces:76 | 处理图片时发生错误: C:\Users\ADMINI~1\AppData\Local\Temp\tmp9wrytvks\corrupted_0.jpg, 错误: cannot identify image file 'C:\\Users\\ADMINI~1\\AppData\\Local\\Temp\\tmp9wrytvks\\corrupted_0.jpg'
Traceback (most recent call last):
  File "D:\AI_workspace\face-search-app\tests\..\backend\face_detection.py", line 49, in detectFaces
    image = face_recognition.load_image_file(image_path)
  File "D:\AI_workspace\face-search-app\backend\venv\Lib\site-packages\face_recognition\api.py", line 86, in load_image_file
    im = PIL.Image.open(file)
  File "D:\AI_workspace\face-search-app\backend\venv\Lib\site-packages\PIL\Image.py", line 3579, in open
    raise UnidentifiedImageError(msg)
PIL.UnidentifiedImageError: cannot identify image file 'C:\\Users\\ADMINI~1\\AppData\\Local\\Temp\\tmp9wrytvks\\corrupted_0.jpg'
2026-02-14 08:35:02 | INFO     | face_detection:detectFaces:57 | 图片中未检测到人脸: C:\Users\ADMINI~1\AppData\Local\Temp\tmp9wrytvks\valid_0.jpg
2026-02-14 08:35:02 | INFO     | face_detection:detectFaces:57 | 图片中未检测到人脸: C:\Users\ADMINI~1\AppData\Local\Temp\tmp9wrytvks\valid_1.jpg
2026-02-14 08:35:02 | INFO     | face_detection:detectFaces:57 | 图片中未检测到人脸: C:\Users\ADMINI~1\AppData\Local\Temp\tmp9wrytvks\valid_2.jpg
2026-02-14 08:35:02 | INFO     | face_search:searchFaces:174 | 搜索完成: 处理 4 个文件, 跳过 4 个文件, 找到 0 个匹配结果, 已取消: False
2026-02-14 08:35:02 | INFO     | face_search:searchFaces:70 | 开始搜索人脸: 文件夹=C:\Users\ADMINI~1\AppData\Local\Temp\tmp_rajcv61, 阈值=3.711650457055899e-99
2026-02-14 08:35:02 | INFO     | face_search:searchFaces:83 | 扫描完成，找到 6 个图片文件
2026-02-14 08:35:02 | ERROR    | face_detection:detectFaces:76 | 处理图片时发生错误: C:\Users\ADMINI~1\AppData\Local\Temp\tmp_rajcv61\corrupted_0.jpg, 错误: cannot identify image file 'C:\\Users\\ADMINI~1\\AppData\\Local\\Temp\\tmp_rajcv61\\corrupted_0.jpg'
Traceback (most recent call last):
  File "D:\AI_workspace\face-search-app\tests\..\backend\face_detection.py", line 49, in detectFaces
    image = face_recognition.load_image_file(image_path)
  File "D:\AI_workspace\face-search-app\backend\venv\Lib\site-packages\face_recognition\api.py", line 86, in load_image_file
    im = PIL.Image.open(file)
  File "D:\AI_workspace\face-search-app\backend\venv\Lib\site-packages\PIL\Image.py", line 3579, in open
    raise UnidentifiedImageError(msg)
PIL.UnidentifiedImageError: cannot identify image file 'C:\\Users\\ADMINI~1\\AppData\\Local\\Temp\\tmp_rajcv61\\corrupted_0.jpg'
2026-02-14 08:35:02 | ERROR    | face_detection:detectFaces:76 | 处理图片时发生错误: C:\Users\ADMINI~1\AppData\Local\Temp\tmp_rajcv61\corrupted_1.jpg, 错误: cannot identify image file 'C:\\Users\\ADMINI~1\\AppData\\Local\\Temp\\tmp_rajcv61\\corrupted_1.jpg'
Traceback (most recent call last):
  File "D:\AI_workspace\face-search-app\tests\..\backend\face_detection.py", line 49, in detectFaces
    image = face_recognition.load_image_file(image_path)
  File "D:\AI_workspace\face-search-app\backend\venv\Lib\site-packages\face_recognition\api.py", line 86, in load_image_file
    im = PIL.Image.open(file)
  File "D:\AI_workspace\face-search-app\backend\venv\Lib\site-packages\PIL\Image.py", line 3579, in open
    raise UnidentifiedImageError(msg)
PIL.UnidentifiedImageError: cannot identify image file 'C:\\Users\\ADMINI~1\\AppData\\Local\\Temp\\tmp_rajcv61\\corrupted_1.jpg'
2026-02-14 08:35:02 | INFO     | face_detection:detectFaces:57 | 图片中未检测到人脸: C:\Users\ADMINI~1\AppData\Local\Temp\tmp_rajcv61\valid_0.jpg
2026-02-14 08:35:02 | INFO     | face_detection:detectFaces:57 | 图片中未检测到人脸: C:\Users\ADMINI~1\AppData\Local\Temp\tmp_rajcv61\valid_1.jpg
2026-02-14 08:35:02 | INFO     | face_detection:detectFaces:57 | 图片中未检测到人脸: C:\Users\ADMINI~1\AppData\Local\Temp\tmp_rajcv61\valid_2.jpg
2026-02-14 08:35:02 | INFO     | face_detection:detectFaces:57 | 图片中未检测到人脸: C:\Users\ADMINI~1\AppData\Local\Temp\tmp_rajcv61\valid_3.jpg
2026-02-14 08:35:02 | INFO     | face_search:searchFaces:174 | 搜索完成: 处理 6 个文件, 跳过 6 个文件, 找到 0 个匹配结果, 已取消: False
2026-02-14 08:35:02 | INFO     | face_search:searchFaces:70 | 开始搜索人脸: 文件夹=C:\Users\ADMINI~1\AppData\Local\Temp\tmpm0iph_zs, 阈值=0.5536736235233689
2026-02-14 08:35:02 | INFO     | face_search:searchFaces:83 | 扫描完成，找到 5 个图片文件
2026-02-14 08:35:02 | ERROR    | face_detection:detectFaces:76 | 处理图片时发生错误: C:\Users\ADMINI~1\AppData\Local\Temp\tmpm0iph_zs\corrupted_0.jpg, 错误: cannot identify image file 'C:\\Users\\ADMINI~1\\AppData\\Local\\Temp\\tmpm0iph_zs\\corrupted_0.jpg'
Traceback (most recent call last):
  File "D:\AI_workspace\face-search-app\tests\..\backend\face_detection.py", line 49, in detectFaces
    image = face_recognition.load_image_file(image_path)
  File "D:\AI_workspace\face-search-app\backend\venv\Lib\site-packages\face_recognition\api.py", line 86, in load_image_file
    im = PIL.Image.open(file)
  File "D:\AI_workspace\face-search-app\backend\venv\Lib\site-packages\PIL\Image.py", line 3579, in open
    raise UnidentifiedImageError(msg)
PIL.UnidentifiedImageError: cannot identify image file 'C:\\Users\\ADMINI~1\\AppData\\Local\\Temp\\tmpm0iph_zs\\corrupted_0.jpg'
2026-02-14 08:35:02 | ERROR    | face_detection:detectFaces:76 | 处理图片时发生错误: C:\Users\ADMINI~1\AppData\Local\Temp\tmpm0iph_zs\corrupted_1.jpg, 错误: cannot identify image file 'C:\\Users\\ADMINI~1\\AppData\\Local\\Temp\\tmpm0iph_zs\\corrupted_1.jpg'
Traceback (most recent call last):
  File "D:\AI_workspace\face-search-app\tests\..\backend\face_detection.py", line 49, in detectFaces
    image = face_recognition.load_image_file(image_path)
  File "D:\AI_workspace\face-search-app\backend\venv\Lib\site-packages\face_recognition\api.py", line 86, in load_image_file
    im = PIL.Image.open(file)
  File "D:\AI_workspace\face-search-app\backend\venv\Lib\site-packages\PIL\Image.py", line 3579, in open
    raise UnidentifiedImageError(msg)
PIL.UnidentifiedImageError: cannot identify image file 'C:\\Users\\ADMINI~1\\AppData\\Local\\Temp\\tmpm0iph_zs\\corrupted_1.jpg'
2026-02-14 08:35:02 | INFO     | face_detection:detectFaces:57 | 图片中未检测到人脸: C:\Users\ADMINI~1\AppData\Local\Temp\tmpm0iph_zs\valid_0.jpg
2026-02-14 08:35:02 | INFO     | face_detection:detectFaces:57 | 图片中未检测到人脸: C:\Users\ADMINI~1\AppData\Local\Temp\tmpm0iph_zs\valid_1.jpg
2026-02-14 08:35:02 | INFO     | face_detection:detectFaces:57 | 图片中未检测到人脸: C:\Users\ADMINI~1\AppData\Local\Temp\tmpm0iph_zs\valid_2.jpg
2026-02-14 08:35:02 | INFO     | face_search:searchFaces:174 | 搜索完成: 处理 5 个文件, 跳过 5 个文件, 找到 0 个匹配结果, 已取消: False
2026-02-14 08:35:02 | INFO     | face_search:searchFaces:70 | 开始搜索人脸: 文件夹=C:\Users\ADMINI~1\AppData\Local\Temp\tmpwmfsvcnh, 阈值=0.8375616414240425
2026-02-14 08:35:02 | INFO     | face_search:searchFaces:83 | 扫描完成，找到 6 个图片文件
2026-02-14 08:35:02 | ERROR    | face_detection:detectFaces:76 | 处理图片时发生错误: C:\Users\ADMINI~1\AppData\Local\Temp\tmpwmfsvcnh\corrupted_0.jpg, 错误: cannot identify image file 'C:\\Users\\ADMINI~1\\AppData\\Local\\Temp\\tmpwmfsvcnh\\corrupted_0.jpg'
Traceback (most recent call last):
  File "D:\AI_workspace\face-search-app\tests\..\backend\face_detection.py", line 49, in detectFaces
    image = face_recognition.load_image_file(image_path)
  File "D:\AI_workspace\face-search-app\backend\venv\Lib\site-packages\face_recognition\api.py", line 86, in load_image_file
    im = PIL.Image.open(file)
  File "D:\AI_workspace\face-search-app\backend\venv\Lib\site-packages\PIL\Image.py", line 3579, in open
    raise UnidentifiedImageError(msg)
PIL.UnidentifiedImageError: cannot identify image file 'C:\\Users\\ADMINI~1\\AppData\\Local\\Temp\\tmpwmfsvcnh\\corrupted_0.jpg'
2026-02-14 08:35:02 | ERROR    | face_detection:detectFaces:76 | 处理图片时发生错误: C:\Users\ADMINI~1\AppData\Local\Temp\tmpwmfsvcnh\corrupted_1.jpg, 错误: cannot identify image file 'C:\\Users\\ADMINI~1\\AppData\\Local\\Temp\\tmpwmfsvcnh\\corrupted_1.jpg'
Traceback (most recent call last):
  File "D:\AI_workspace\face-search-app\tests\..\backend\face_detection.py", line 49, in detectFaces
    image = face_recognition.load_image_file(image_path)
  File "D:\AI_workspace\face-search-app\backend\venv\Lib\site-packages\face_recognition\api.py", line 86, in load_image_file
    im = PIL.Image.open(file)
  File "D:\AI_workspace\face-search-app\backend\venv\Lib\site-packages\PIL\Image.py", line 3579, in open
    raise UnidentifiedImageError(msg)
PIL.UnidentifiedImageError: cannot identify image file 'C:\\Users\\ADMINI~1\\AppData\\Local\\Temp\\tmpwmfsvcnh\\corrupted_1.jpg'
2026-02-14 08:35:02 | ERROR    | face_detection:detectFaces:76 | 处理图片时发生错误: C:\Users\ADMINI~1\AppData\Local\Temp\tmpwmfsvcnh\corrupted_2.jpg, 错误: cannot identify image file 'C:\\Users\\ADMINI~1\\AppData\\Local\\Temp\\tmpwmfsvcnh\\corrupted_2.jpg'
Traceback (most recent call last):
  File "D:\AI_workspace\face-search-app\tests\..\backend\face_detection.py", line 49, in detectFaces
    image = face_recognition.load_image_file(image_path)
  File "D:\AI_workspace\face-search-app\backend\venv\Lib\site-packages\face_recognition\api.py", line 86, in load_image_file
    im = PIL.Image.open(file)
  File "D:\AI_workspace\face-search-app\backend\venv\Lib\site-packages\PIL\Image.py", line 3579, in open
    raise UnidentifiedImageError(msg)
PIL.UnidentifiedImageError: cannot identify image file 'C:\\Users\\ADMINI~1\\AppData\\Local\\Temp\\tmpwmfsvcnh\\corrupted_2.jpg'
2026-02-14 08:35:02 | ERROR    | face_detection:detectFaces:76 | 处理图片时发生错误: C:\Users\ADMINI~1\AppData\Local\Temp\tmpwmfsvcnh\corrupted_3.jpg, 错误: cannot identify image file 'C:\\Users\\ADMINI~1\\AppData\\Local\\Temp\\tmpwmfsvcnh\\corrupted_3.jpg'
Traceback (most recent call last):
  File "D:\AI_workspace\face-search-app\tests\..\backend\face_detection.py", line 49, in detectFaces
    image = face_recognition.load_image_file(image_path)
  File "D:\AI_workspace\face-search-app\backend\venv\Lib\site-packages\face_recognition\api.py", line 86, in load_image_file
    im = PIL.Image.open(file)
  File "D:\AI_workspace\face-search-app\backend\venv\Lib\site-packages\PIL\Image.py", line 3579, in open
    raise UnidentifiedImageError(msg)
PIL.UnidentifiedImageError: cannot identify image file 'C:\\Users\\ADMINI~1\\AppData\\Local\\Temp\\tmpwmfsvcnh\\corrupted_3.jpg'
2026-02-14 08:35:02 | INFO     | face_detection:detectFaces:57 | 图片中未检测到人脸: C:\Users\ADMINI~1\AppData\Local\Temp\tmpwmfsvcnh\valid_0.jpg
2026-02-14 08:35:02 | INFO     | face_detection:detectFaces:57 | 图片中未检测到人脸: C:\Users\ADMINI~1\AppData\Local\Temp\tmpwmfsvcnh\valid_1.jpg
2026-02-14 08:35:02 | INFO     | face_search:searchFaces:174 | 搜索完成: 处理 6 个文件, 跳过 6 个文件, 找到 0 个匹配结果, 已取消: False
2026-02-14 08:35:02 | INFO     | face_search:searchFaces:70 | 开始搜索人脸: 文件夹=C:\Users\ADMINI~1\AppData\Local\Temp\tmpdn752ej8, 阈值=0.4037514856136183
2026-02-14 08:35:02 | INFO     | face_search:searchFaces:83 | 扫描完成，找到 6 个图片文件
2026-02-14 08:35:02 | ERROR    | face_detection:detectFaces:76 | 处理图片时发生错误: C:\Users\ADMINI~1\AppData\Local\Temp\tmpdn752ej8\corrupted_0.jpg, 错误: cannot identify image file 'C:\\Users\\ADMINI~1\\AppData\\Local\\Temp\\tmpdn752ej8\\corrupted_0.jpg'
Traceback (most recent call last):
  File "D:\AI_workspace\face-search-app\tests\..\backend\face_detection.py", line 49, in detectFaces
    image = face_recognition.load_image_file(image_path)
  File "D:\AI_workspace\face-search-app\backend\venv\Lib\site-packages\face_recognition\api.py", line 86, in load_image_file
    im = PIL.Image.open(file)
  File "D:\AI_workspace\face-search-app\backend\venv\Lib\site-packages\PIL\Image.py", line 3579, in open
    raise UnidentifiedImageError(msg)
PIL.UnidentifiedImageError: cannot identify image file 'C:\\Users\\ADMINI~1\\AppData\\Local\\Temp\\tmpdn752ej8\\corrupted_0.jpg'
2026-02-14 08:35:02 | ERROR    | face_detection:detectFaces:76 | 处理图片时发生错误: C:\Users\ADMINI~1\AppData\Local\Temp\tmpdn752ej8\corrupted_1.jpg, 错误: cannot identify image file 'C:\\Users\\ADMINI~1\\AppData\\Local\\Temp\\tmpdn752ej8\\corrupted_1.jpg'
Traceback (most recent call last):
  File "D:\AI_workspace\face-search-app\tests\..\backend\face_detection.py", line 49, in detectFaces
    image = face_recognition.load_image_file(image_path)
  File "D:\AI_workspace\face-search-app\backend\venv\Lib\site-packages\face_recognition\api.py", line 86, in load_image_file
    im = PIL.Image.open(file)
  File "D:\AI_workspace\face-search-app\backend\venv\Lib\site-packages\PIL\Image.py", line 3579, in open
    raise UnidentifiedImageError(msg)
PIL.UnidentifiedImageError: cannot identify image file 'C:\\Users\\ADMINI~1\\AppData\\Local\\Temp\\tmpdn752ej8\\corrupted_1.jpg'
2026-02-14 08:35:02 | ERROR    | face_detection:detectFaces:76 | 处理图片时发生错误: C:\Users\ADMINI~1\AppData\Local\Temp\tmpdn752ej8\corrupted_2.jpg, 错误: cannot identify image file 'C:\\Users\\ADMINI~1\\AppData\\Local\\Temp\\tmpdn752ej8\\corrupted_2.jpg'
Traceback (most recent call last):
  File "D:\AI_workspace\face-search-app\tests\..\backend\face_detection.py", line 49, in detectFaces
    image = face_recognition.load_image_file(image_path)
  File "D:\AI_workspace\face-search-app\backend\venv\Lib\site-packages\face_recognition\api.py", line 86, in load_image_file
    im = PIL.Image.open(file)
  File "D:\AI_workspace\face-search-app\backend\venv\Lib\site-packages\PIL\Image.py", line 3579, in open
    raise UnidentifiedImageError(msg)
PIL.UnidentifiedImageError: cannot identify image file 'C:\\Users\\ADMINI~1\\AppData\\Local\\Temp\\tmpdn752ej8\\corrupted_2.jpg'
2026-02-14 08:35:02 | INFO     | face_detection:detectFaces:57 | 图片中未检测到人脸: C:\Users\ADMINI~1\AppData\Local\Temp\tmpdn752ej8\valid_0.jpg
2026-02-14 08:35:02 | INFO     | face_detection:detectFaces:57 | 图片中未检测到人脸: C:\Users\ADMINI~1\AppData\Local\Temp\tmpdn752ej8\valid_1.jpg
2026-02-14 08:35:02 | INFO     | face_detection:detectFaces:57 | 图片中未检测到人脸: C:\Users\ADMINI~1\AppData\Local\Temp\tmpdn752ej8\valid_2.jpg
2026-02-14 08:35:02 | INFO     | face_search:searchFaces:174 | 搜索完成: 处理 6 个文件, 跳过 6 个文件, 找到 0 个匹配结果, 已取消: False
2026-02-14 08:35:02 | INFO     | face_search:searchFaces:70 | 开始搜索人脸: 文件夹=C:\Users\ADMINI~1\AppData\Local\Temp\tmpja5x6ocm, 阈值=0.9601185106473469
2026-02-14 08:35:02 | INFO     | face_search:searchFaces:83 | 扫描完成，找到 3 个图片文件
2026-02-14 08:35:02 | ERROR    | face_detection:detectFaces:76 | 处理图片时发生错误: C:\Users\ADMINI~1\AppData\Local\Temp\tmpja5x6ocm\corrupted_0.jpg, 错误: cannot identify image file 'C:\\Users\\ADMINI~1\\AppData\\Local\\Temp\\tmpja5x6ocm\\corrupted_0.jpg'
Traceback (most recent call last):
  File "D:\AI_workspace\face-search-app\tests\..\backend\face_detection.py", line 49, in detectFaces
    image = face_recognition.load_image_file(image_path)
  File "D:\AI_workspace\face-search-app\backend\venv\Lib\site-packages\face_recognition\api.py", line 86, in load_image_file
    im = PIL.Image.open(file)
  File "D:\AI_workspace\face-search-app\backend\venv\Lib\site-packages\PIL\Image.py", line 3579, in open
    raise UnidentifiedImageError(msg)
PIL.UnidentifiedImageError: cannot identify image file 'C:\\Users\\ADMINI~1\\AppData\\Local\\Temp\\tmpja5x6ocm\\corrupted_0.jpg'
2026-02-14 08:35:02 | INFO     | face_detection:detectFaces:57 | 图片中未检测到人脸: C:\Users\ADMINI~1\AppData\Local\Temp\tmpja5x6ocm\valid_0.jpg
2026-02-14 08:35:02 | INFO     | face_detection:detectFaces:57 | 图片中未检测到人脸: C:\Users\ADMINI~1\AppData\Local\Temp\tmpja5x6ocm\valid_1.jpg
2026-02-14 08:35:02 | INFO     | face_search:searchFaces:174 | 搜索完成: 处理 3 个文件, 跳过 3 个文件, 找到 0 个匹配结果, 已取消: False
2026-02-14 08:35:02 | INFO     | face_search:searchFaces:70 | 开始搜索人脸: 文件夹=C:\Users\ADMINI~1\AppData\Local\Temp\tmp27a_udv7, 阈值=0.4283874094433783
2026-02-14 08:35:02 | INFO     | face_search:searchFaces:83 | 扫描完成，找到 8 个图片文件
2026-02-14 08:35:02 | ERROR    | face_detection:detectFaces:76 | 处理图片时发生错误: C:\Users\ADMINI~1\AppData\Local\Temp\tmp27a_udv7\corrupted_0.jpg, 错误: cannot identify image file 'C:\\Users\\ADMINI~1\\AppData\\Local\\Temp\\tmp27a_udv7\\corrupted_0.jpg'
Traceback (most recent call last):
  File "D:\AI_workspace\face-search-app\tests\..\backend\face_detection.py", line 49, in detectFaces
    image = face_recognition.load_image_file(image_path)
  File "D:\AI_workspace\face-search-app\backend\venv\Lib\site-packages\face_recognition\api.py", line 86, in load_image_file
    im = PIL.Image.open(file)
  File "D:\AI_workspace\face-search-app\backend\venv\Lib\site-packages\PIL\Image.py", line 3579, in open
    raise UnidentifiedImageError(msg)
PIL.UnidentifiedImageError: cannot identify image file 'C:\\Users\\ADMINI~1\\AppData\\Local\\Temp\\tmp27a_udv7\\corrupted_0.jpg'
2026-02-14 08:35:02 | ERROR    | face_detection:detectFaces:76 | 处理图片时发生错误: C:\Users\ADMINI~1\AppData\Local\Temp\tmp27a_udv7\corrupted_1.jpg, 错误: cannot identify image file 'C:\\Users\\ADMINI~1\\AppData\\Local\\Temp\\tmp27a_udv7\\corrupted_1.jpg'
Traceback (most recent call last):
  File "D:\AI_workspace\face-search-app\tests\..\backend\face_detection.py", line 49, in detectFaces
    image = face_recognition.load_image_file(image_path)
  File "D:\AI_workspace\face-search-app\backend\venv\Lib\site-packages\face_recognition\api.py", line 86, in load_image_file
    im = PIL.Image.open(file)
  File "D:\AI_workspace\face-search-app\backend\venv\Lib\site-packages\PIL\Image.py", line 3579, in open
    raise UnidentifiedImageError(msg)
PIL.UnidentifiedImageError: cannot identify image file 'C:\\Users\\ADMINI~1\\AppData\\Local\\Temp\\tmp27a_udv7\\corrupted_1.jpg'
2026-02-14 08:35:02 | ERROR    | face_detection:detectFaces:76 | 处理图片时发生错误: C:\Users\ADMINI~1\AppData\Local\Temp\tmp27a_udv7\corrupted_2.jpg, 错误: cannot identify image file 'C:\\Users\\ADMINI~1\\AppData\\Local\\Temp\\tmp27a_udv7\\corrupted_2.jpg'
Traceback (most recent call last):
  File "D:\AI_workspace\face-search-app\tests\..\backend\face_detection.py", line 49, in detectFaces
    image = face_recognition.load_image_file(image_path)
  File "D:\AI_workspace\face-search-app\backend\venv\Lib\site-packages\face_recognition\api.py", line 86, in load_image_file
    im = PIL.Image.open(file)
  File "D:\AI_workspace\face-search-app\backend\venv\Lib\site-packages\PIL\Image.py", line 3579, in open
    raise UnidentifiedImageError(msg)
PIL.UnidentifiedImageError: cannot identify image file 'C:\\Users\\ADMINI~1\\AppData\\Local\\Temp\\tmp27a_udv7\\corrupted_2.jpg'
2026-02-14 08:35:02 | INFO     | face_detection:detectFaces:57 | 图片中未检测到人脸: C:\Users\ADMINI~1\AppData\Local\Temp\tmp27a_udv7\valid_0.jpg
2026-02-14 08:35:02 | INFO     | face_detection:detectFaces:57 | 图片中未检测到人脸: C:\Users\ADMINI~1\AppData\Local\Temp\tmp27a_udv7\valid_1.jpg
2026-02-14 08:35:02 | INFO     | face_detection:detectFaces:57 | 图片中未检测到人脸: C:\Users\ADMINI~1\AppData\Local\Temp\tmp27a_udv7\valid_2.jpg
2026-02-14 08:35:02 | INFO     | face_detection:detectFaces:57 | 图片中未检测到人脸: C:\Users\ADMINI~1\AppData\Local\Temp\tmp27a_udv7\valid_3.jpg
2026-02-14 08:35:02 | INFO     | face_detection:detectFaces:57 | 图片中未检测到人脸: C:\Users\ADMINI~1\AppData\Local\Temp\tmp27a_udv7\valid_4.jpg
2026-02-14 08:35:02 | INFO     | face_search:searchFaces:174 | 搜索完成: 处理 8 个文件, 跳过 8 个文件, 找到 0 个匹配结果, 已取消: False
2026-02-14 08:35:02 | INFO     | face_search:searchFaces:70 | 开始搜索人脸: 文件夹=C:\Users\ADMINI~1\AppData\Local\Temp\tmpcc11gm07, 阈值=0.012366024694538517
2026-02-14 08:35:02 | INFO     | face_search:searchFaces:83 | 扫描完成，找到 5 个图片文件
2026-02-14 08:35:02 | ERROR    | face_detection:detectFaces:76 | 处理图片时发生错误: C:\Users\ADMINI~1\AppData\Local\Temp\tmpcc11gm07\corrupted_0.jpg, 错误: cannot identify image file 'C:\\Users\\ADMINI~1\\AppData\\Local\\Temp\\tmpcc11gm07\\corrupted_0.jpg'
Traceback (most recent call last):
  File "D:\AI_workspace\face-search-app\tests\..\backend\face_detection.py", line 49, in detectFaces
    image = face_recognition.load_image_file(image_path)
  File "D:\AI_workspace\face-search-app\backend\venv\Lib\site-packages\face_recognition\api.py", line 86, in load_image_file
    im = PIL.Image.open(file)
  File "D:\AI_workspace\face-search-app\backend\venv\Lib\site-packages\PIL\Image.py", line 3579, in open
    raise UnidentifiedImageError(msg)
PIL.UnidentifiedImageError: cannot identify image file 'C:\\Users\\ADMINI~1\\AppData\\Local\\Temp\\tmpcc11gm07\\corrupted_0.jpg'
2026-02-14 08:35:02 | ERROR    | face_detection:detectFaces:76 | 处理图片时发生错误: C:\Users\ADMINI~1\AppData\Local\Temp\tmpcc11gm07\corrupted_1.jpg, 错误: cannot identify image file 'C:\\Users\\ADMINI~1\\AppData\\Local\\Temp\\tmpcc11gm07\\corrupted_1.jpg'
Traceback (most recent call last):
  File "D:\AI_workspace\face-search-app\tests\..\backend\face_detection.py", line 49, in detectFaces
    image = face_recognition.load_image_file(image_path)
  File "D:\AI_workspace\face-search-app\backend\venv\Lib\site-packages\face_recognition\api.py", line 86, in load_image_file
    im = PIL.Image.open(file)
  File "D:\AI_workspace\face-search-app\backend\venv\Lib\site-packages\PIL\Image.py", line 3579, in open
    raise UnidentifiedImageError(msg)
PIL.UnidentifiedImageError: cannot identify image file 'C:\\Users\\ADMINI~1\\AppData\\Local\\Temp\\tmpcc11gm07\\corrupted_1.jpg'
2026-02-14 08:35:02 | ERROR    | face_detection:detectFaces:76 | 处理图片时发生错误: C:\Users\ADMINI~1\AppData\Local\Temp\tmpcc11gm07\corrupted_2.jpg, 错误: cannot identify image file 'C:\\Users\\ADMINI~1\\AppData\\Local\\Temp\\tmpcc11gm07\\corrupted_2.jpg'
Traceback (most recent call last):
  File "D:\AI_workspace\face-search-app\tests\..\backend\face_detection.py", line 49, in detectFaces
    image = face_recognition.load_image_file(image_path)
  File "D:\AI_workspace\face-search-app\backend\venv\Lib\site-packages\face_recognition\api.py", line 86, in load_image_file
    im = PIL.Image.open(file)
  File "D:\AI_workspace\face-search-app\backend\venv\Lib\site-packages\PIL\Image.py", line 3579, in open
    raise UnidentifiedImageError(msg)
PIL.UnidentifiedImageError: cannot identify image file 'C:\\Users\\ADMINI~1\\AppData\\Local\\Temp\\tmpcc11gm07\\corrupted_2.jpg'
2026-02-14 08:35:02 | ERROR    | face_detection:detectFaces:76 | 处理图片时发生错误: C:\Users\ADMINI~1\AppData\Local\Temp\tmpcc11gm07\corrupted_3.jpg, 错误: cannot identify image file 'C:\\Users\\ADMINI~1\\AppData\\Local\\Temp\\tmpcc11gm07\\corrupted_3.jpg'
Traceback (most recent call last):
  File "D:\AI_workspace\face-search-app\tests\..\backend\face_detection.py", line 49, in detectFaces
    image = face_recognition.load_image_file(image_path)
  File "D:\AI_workspace\face-search-app\backend\venv\Lib\site-packages\face_recognition\api.py", line 86, in load_image_file
    im = PIL.Image.open(file)
  File "D:\AI_workspace\face-search-app\backend\venv\Lib\site-packages\PIL\Image.py", line 3579, in open
    raise UnidentifiedImageError(msg)
PIL.UnidentifiedImageError: cannot identify image file 'C:\\Users\\ADMINI~1\\AppData\\Local\\Temp\\tmpcc11gm07\\corrupted_3.jpg'
2026-02-14 08:35:02 | INFO     | face_detection:detectFaces:57 | 图片中未检测到人脸: C:\Users\ADMINI~1\AppData\Local\Temp\tmpcc11gm07\valid_0.jpg
2026-02-14 08:35:02 | INFO     | face_search:searchFaces:174 | 搜索完成: 处理 5 个文件, 跳过 5 个文件, 找到 0 个匹配结果, 已取消: False
2026-02-14 08:35:03 | INFO     | face_search:searchFaces:70 | 开始搜索人脸: 文件夹=C:\Users\ADMINI~1\AppData\Local\Temp\tmp8al9d6w2, 阈值=0.7516010045270691
2026-02-14 08:35:03 | INFO     | face_search:searchFaces:83 | 扫描完成，找到 10 个图片文件
2026-02-14 08:35:03 | ERROR    | face_detection:detectFaces:76 | 处理图片时发生错误: C:\Users\ADMINI~1\AppData\Local\Temp\tmp8al9d6w2\corrupted_0.jpg, 错误: cannot identify image file 'C:\\Users\\ADMINI~1\\AppData\\Local\\Temp\\tmp8al9d6w2\\corrupted_0.jpg'
Traceback (most recent call last):
  File "D:\AI_workspace\face-search-app\tests\..\backend\face_detection.py", line 49, in detectFaces
    image = face_recognition.load_image_file(image_path)
  File "D:\AI_workspace\face-search-app\backend\venv\Lib\site-packages\face_recognition\api.py", line 86, in load_image_file
    im = PIL.Image.open(file)
  File "D:\AI_workspace\face-search-app\backend\venv\Lib\site-packages\PIL\Image.py", line 3579, in open
    raise UnidentifiedImageError(msg)
PIL.UnidentifiedImageError: cannot identify image file 'C:\\Users\\ADMINI~1\\AppData\\Local\\Temp\\tmp8al9d6w2\\corrupted_0.jpg'
2026-02-14 08:35:03 | ERROR    | face_detection:detectFaces:76 | 处理图片时发生错误: C:\Users\ADMINI~1\AppData\Local\Temp\tmp8al9d6w2\corrupted_1.jpg, 错误: cannot identify image file 'C:\\Users\\ADMINI~1\\AppData\\Local\\Temp\\tmp8al9d6w2\\corrupted_1.jpg'
Traceback (most recent call last):
  File "D:\AI_workspace\face-search-app\tests\..\backend\face_detection.py", line 49, in detectFaces
    image = face_recognition.load_image_file(image_path)
  File "D:\AI_workspace\face-search-app\backend\venv\Lib\site-packages\face_recognition\api.py", line 86, in load_image_file
    im = PIL.Image.open(file)
  File "D:\AI_workspace\face-search-app\backend\venv\Lib\site-packages\PIL\Image.py", line 3579, in open
    raise UnidentifiedImageError(msg)
PIL.UnidentifiedImageError: cannot identify image file 'C:\\Users\\ADMINI~1\\AppData\\Local\\Temp\\tmp8al9d6w2\\corrupted_1.jpg'
2026-02-14 08:35:03 | ERROR    | face_detection:detectFaces:76 | 处理图片时发生错误: C:\Users\ADMINI~1\AppData\Local\Temp\tmp8al9d6w2\corrupted_2.jpg, 错误: cannot identify image file 'C:\\Users\\ADMINI~1\\AppData\\Local\\Temp\\tmp8al9d6w2\\corrupted_2.jpg'
Traceback (most recent call last):
  File "D:\AI_workspace\face-search-app\tests\..\backend\face_detection.py", line 49, in detectFaces
    image = face_recognition.load_image_file(image_path)
  File "D:\AI_workspace\face-search-app\backend\venv\Lib\site-packages\face_recognition\api.py", line 86, in load_image_file
    im = PIL.Image.open(file)
  File "D:\AI_workspace\face-search-app\backend\venv\Lib\site-packages\PIL\Image.py", line 3579, in open
    raise UnidentifiedImageError(msg)
PIL.UnidentifiedImageError: cannot identify image file 'C:\\Users\\ADMINI~1\\AppData\\Local\\Temp\\tmp8al9d6w2\\corrupted_2.jpg'
2026-02-14 08:35:03 | ERROR    | face_detection:detectFaces:76 | 处理图片时发生错误: C:\Users\ADMINI~1\AppData\Local\Temp\tmp8al9d6w2\corrupted_3.jpg, 错误: cannot identify image file 'C:\\Users\\ADMINI~1\\AppData\\Local\\Temp\\tmp8al9d6w2\\corrupted_3.jpg'
Traceback (most recent call last):
  File "D:\AI_workspace\face-search-app\tests\..\backend\face_detection.py", line 49, in detectFaces
    image = face_recognition.load_image_file(image_path)
  File "D:\AI_workspace\face-search-app\backend\venv\Lib\site-packages\face_recognition\api.py", line 86, in load_image_file
    im = PIL.Image.open(file)
  File "D:\AI_workspace\face-search-app\backend\venv\Lib\site-packages\PIL\Image.py", line 3579, in open
    raise UnidentifiedImageError(msg)
PIL.UnidentifiedImageError: cannot identify image file 'C:\\Users\\ADMINI~1\\AppData\\Local\\Temp\\tmp8al9d6w2\\corrupted_3.jpg'
2026-02-14 08:35:03 | ERROR    | face_detection:detectFaces:76 | 处理图片时发生错误: C:\Users\ADMINI~1\AppData\Local\Temp\tmp8al9d6w2\corrupted_4.jpg, 错误: cannot identify image file 'C:\\Users\\ADMINI~1\\AppData\\Local\\Temp\\tmp8al9d6w2\\corrupted_4.jpg'
Traceback (most recent call last):
  File "D:\AI_workspace\face-search-app\tests\..\backend\face_detection.py", line 49, in detectFaces
    image = face_recognition.load_image_file(image_path)
  File "D:\AI_workspace\face-search-app\backend\venv\Lib\site-packages\face_recognition\api.py", line 86, in load_image_file
    im = PIL.Image.open(file)
  File "D:\AI_workspace\face-search-app\backend\venv\Lib\site-packages\PIL\Image.py", line 3579, in open
    raise UnidentifiedImageError(msg)
PIL.UnidentifiedImageError: cannot identify image file 'C:\\Users\\ADMINI~1\\AppData\\Local\\Temp\\tmp8al9d6w2\\corrupted_4.jpg'
2026-02-14 08:35:03 | INFO     | face_detection:detectFaces:57 | 图片中未检测到人脸: C:\Users\ADMINI~1\AppData\Local\Temp\tmp8al9d6w2\valid_0.jpg
2026-02-14 08:35:03 | INFO     | face_detection:detectFaces:57 | 图片中未检测到人脸: C:\Users\ADMINI~1\AppData\Local\Temp\tmp8al9d6w2\valid_1.jpg
2026-02-14 08:35:03 | INFO     | face_detection:detectFaces:57 | 图片中未检测到人脸: C:\Users\ADMINI~1\AppData\Local\Temp\tmp8al9d6w2\valid_2.jpg
2026-02-14 08:35:03 | INFO     | face_detection:detectFaces:57 | 图片中未检测到人脸: C:\Users\ADMINI~1\AppData\Local\Temp\tmp8al9d6w2\valid_3.jpg
2026-02-14 08:35:03 | INFO     | face_detection:detectFaces:57 | 图片中未检测到人脸: C:\Users\ADMINI~1\AppData\Local\Temp\tmp8al9d6w2\valid_4.jpg
2026-02-14 08:35:03 | INFO     | face_search:searchFaces:174 | 搜索完成: 处理 10 个文件, 跳过 10 个文件, 找到 0 个匹配结果, 已取消: False
2026-02-14 08:35:03 | INFO     | face_search:searchFaces:70 | 开始搜索人脸: 文件夹=C:\Users\ADMINI~1\AppData\Local\Temp\tmp0zxz24k3, 阈值=0.7516010045270691
2026-02-14 08:35:03 | INFO     | face_search:searchFaces:83 | 扫描完成，找到 10 个图片文件
2026-02-14 08:35:03 | ERROR    | face_detection:detectFaces:76 | 处理图片时发生错误: C:\Users\ADMINI~1\AppData\Local\Temp\tmp0zxz24k3\corrupted_0.jpg, 错误: cannot identify image file 'C:\\Users\\ADMINI~1\\AppData\\Local\\Temp\\tmp0zxz24k3\\corrupted_0.jpg'
Traceback (most recent call last):
  File "D:\AI_workspace\face-search-app\tests\..\backend\face_detection.py", line 49, in detectFaces
    image = face_recognition.load_image_file(image_path)
  File "D:\AI_workspace\face-search-app\backend\venv\Lib\site-packages\face_recognition\api.py", line 86, in load_image_file
    im = PIL.Image.open(file)
  File "D:\AI_workspace\face-search-app\backend\venv\Lib\site-packages\PIL\Image.py", line 3579, in open
    raise UnidentifiedImageError(msg)
PIL.UnidentifiedImageError: cannot identify image file 'C:\\Users\\ADMINI~1\\AppData\\Local\\Temp\\tmp0zxz24k3\\corrupted_0.jpg'
2026-02-14 08:35:03 | ERROR    | face_detection:detectFaces:76 | 处理图片时发生错误: C:\Users\ADMINI~1\AppData\Local\Temp\tmp0zxz24k3\corrupted_1.jpg, 错误: cannot identify image file 'C:\\Users\\ADMINI~1\\AppData\\Local\\Temp\\tmp0zxz24k3\\corrupted_1.jpg'
Traceback (most recent call last):
  File "D:\AI_workspace\face-search-app\tests\..\backend\face_detection.py", line 49, in detectFaces
    image = face_recognition.load_image_file(image_path)
  File "D:\AI_workspace\face-search-app\backend\venv\Lib\site-packages\face_recognition\api.py", line 86, in load_image_file
    im = PIL.Image.open(file)
  File "D:\AI_workspace\face-search-app\backend\venv\Lib\site-packages\PIL\Image.py", line 3579, in open
    raise UnidentifiedImageError(msg)
PIL.UnidentifiedImageError: cannot identify image file 'C:\\Users\\ADMINI~1\\AppData\\Local\\Temp\\tmp0zxz24k3\\corrupted_1.jpg'
2026-02-14 08:35:03 | ERROR    | face_detection:detectFaces:76 | 处理图片时发生错误: C:\Users\ADMINI~1\AppData\Local\Temp\tmp0zxz24k3\corrupted_2.jpg, 错误: cannot identify image file 'C:\\Users\\ADMINI~1\\AppData\\Local\\Temp\\tmp0zxz24k3\\corrupted_2.jpg'
Traceback (most recent call last):
  File "D:\AI_workspace\face-search-app\tests\..\backend\face_detection.py", line 49, in detectFaces
    image = face_recognition.load_image_file(image_path)
  File "D:\AI_workspace\face-search-app\backend\venv\Lib\site-packages\face_recognition\api.py", line 86, in load_image_file
    im = PIL.Image.open(file)
  File "D:\AI_workspace\face-search-app\backend\venv\Lib\site-packages\PIL\Image.py", line 3579, in open
    raise UnidentifiedImageError(msg)
PIL.UnidentifiedImageError: cannot identify image file 'C:\\Users\\ADMINI~1\\AppData\\Local\\Temp\\tmp0zxz24k3\\corrupted_2.jpg'
2026-02-14 08:35:03 | ERROR    | face_detection:detectFaces:76 | 处理图片时发生错误: C:\Users\ADMINI~1\AppData\Local\Temp\tmp0zxz24k3\corrupted_3.jpg, 错误: cannot identify image file 'C:\\Users\\ADMINI~1\\AppData\\Local\\Temp\\tmp0zxz24k3\\corrupted_3.jpg'
Traceback (most recent call last):
  File "D:\AI_workspace\face-search-app\tests\..\backend\face_detection.py", line 49, in detectFaces
    image = face_recognition.load_image_file(image_path)
  File "D:\AI_workspace\face-search-app\backend\venv\Lib\site-packages\face_recognition\api.py", line 86, in load_image_file
    im = PIL.Image.open(file)
  File "D:\AI_workspace\face-search-app\backend\venv\Lib\site-packages\PIL\Image.py", line 3579, in open
    raise UnidentifiedImageError(msg)
PIL.UnidentifiedImageError: cannot identify image file 'C:\\Users\\ADMINI~1\\AppData\\Local\\Temp\\tmp0zxz24k3\\corrupted_3.jpg'
2026-02-14 08:35:03 | ERROR    | face_detection:detectFaces:76 | 处理图片时发生错误: C:\Users\ADMINI~1\AppData\Local\Temp\tmp0zxz24k3\corrupted_4.jpg, 错误: cannot identify image file 'C:\\Users\\ADMINI~1\\AppData\\Local\\Temp\\tmp0zxz24k3\\corrupted_4.jpg'
Traceback (most recent call last):
  File "D:\AI_workspace\face-search-app\tests\..\backend\face_detection.py", line 49, in detectFaces
    image = face_recognition.load_image_file(image_path)
  File "D:\AI_workspace\face-search-app\backend\venv\Lib\site-packages\face_recognition\api.py", line 86, in load_image_file
    im = PIL.Image.open(file)
  File "D:\AI_workspace\face-search-app\backend\venv\Lib\site-packages\PIL\Image.py", line 3579, in open
    raise UnidentifiedImageError(msg)
PIL.UnidentifiedImageError: cannot identify image file 'C:\\Users\\ADMINI~1\\AppData\\Local\\Temp\\tmp0zxz24k3\\corrupted_4.jpg'
2026-02-14 08:35:03 | INFO     | face_detection:detectFaces:57 | 图片中未检测到人脸: C:\Users\ADMINI~1\AppData\Local\Temp\tmp0zxz24k3\valid_0.jpg
2026-02-14 08:35:03 | INFO     | face_detection:detectFaces:57 | 图片中未检测到人脸: C:\Users\ADMINI~1\AppData\Local\Temp\tmp0zxz24k3\valid_1.jpg
2026-02-14 08:35:03 | INFO     | face_detection:detectFaces:57 | 图片中未检测到人脸: C:\Users\ADMINI~1\AppData\Local\Temp\tmp0zxz24k3\valid_2.jpg
2026-02-14 08:35:03 | INFO     | face_detection:detectFaces:57 | 图片中未检测到人脸: C:\Users\ADMINI~1\AppData\Local\Temp\tmp0zxz24k3\valid_3.jpg
2026-02-14 08:35:03 | INFO     | face_detection:detectFaces:57 | 图片中未检测到人脸: C:\Users\ADMINI~1\AppData\Local\Temp\tmp0zxz24k3\valid_4.jpg
2026-02-14 08:35:03 | INFO     | face_search:searchFaces:174 | 搜索完成: 处理 10 个文件, 跳过 10 个文件, 找到 0 个匹配结果, 已取消: False
2026-02-14 08:35:03 | INFO     | face_search:searchFaces:70 | 开始搜索人脸: 文件夹=C:\Users\ADMINI~1\AppData\Local\Temp\tmp1sk_yx7d, 阈值=0.7516010045270691
2026-02-14 08:35:03 | INFO     | face_search:searchFaces:83 | 扫描完成，找到 10 个图片文件
2026-02-14 08:35:03 | ERROR    | face_detection:detectFaces:76 | 处理图片时发生错误: C:\Users\ADMINI~1\AppData\Local\Temp\tmp1sk_yx7d\corrupted_0.jpg, 错误: cannot identify image file 'C:\\Users\\ADMINI~1\\AppData\\Local\\Temp\\tmp1sk_yx7d\\corrupted_0.jpg'
Traceback (most recent call last):
  File "D:\AI_workspace\face-search-app\tests\..\backend\face_detection.py", line 49, in detectFaces
    image = face_recognition.load_image_file(image_path)
  File "D:\AI_workspace\face-search-app\backend\venv\Lib\site-packages\face_recognition\api.py", line 86, in load_image_file
    im = PIL.Image.open(file)
  File "D:\AI_workspace\face-search-app\backend\venv\Lib\site-packages\PIL\Image.py", line 3579, in open
    raise UnidentifiedImageError(msg)
PIL.UnidentifiedImageError: cannot identify image file 'C:\\Users\\ADMINI~1\\AppData\\Local\\Temp\\tmp1sk_yx7d\\corrupted_0.jpg'
2026-02-14 08:35:03 | ERROR    | face_detection:detectFaces:76 | 处理图片时发生错误: C:\Users\ADMINI~1\AppData\Local\Temp\tmp1sk_yx7d\corrupted_1.jpg, 错误: cannot identify image file 'C:\\Users\\ADMINI~1\\AppData\\Local\\Temp\\tmp1sk_yx7d\\corrupted_1.jpg'
Traceback (most recent call last):
  File "D:\AI_workspace\face-search-app\tests\..\backend\face_detection.py", line 49, in detectFaces
    image = face_recognition.load_image_file(image_path)
  File "D:\AI_workspace\face-search-app\backend\venv\Lib\site-packages\face_recognition\api.py", line 86, in load_image_file
    im = PIL.Image.open(file)
  File "D:\AI_workspace\face-search-app\backend\venv\Lib\site-packages\PIL\Image.py", line 3579, in open
    raise UnidentifiedImageError(msg)
PIL.UnidentifiedImageError: cannot identify image file 'C:\\Users\\ADMINI~1\\AppData\\Local\\Temp\\tmp1sk_yx7d\\corrupted_1.jpg'
2026-02-14 08:35:03 | ERROR    | face_detection:detectFaces:76 | 处理图片时发生错误: C:\Users\ADMINI~1\AppData\Local\Temp\tmp1sk_yx7d\corrupted_2.jpg, 错误: cannot identify image file 'C:\\Users\\ADMINI~1\\AppData\\Local\\Temp\\tmp1sk_yx7d\\corrupted_2.jpg'
Traceback (most recent call last):
  File "D:\AI_workspace\face-search-app\tests\..\backend\face_detection.py", line 49, in detectFaces
    image = face_recognition.load_image_file(image_path)
  File "D:\AI_workspace\face-search-app\backend\venv\Lib\site-packages\face_recognition\api.py", line 86, in load_image_file
    im = PIL.Image.open(file)
  File "D:\AI_workspace\face-search-app\backend\venv\Lib\site-packages\PIL\Image.py", line 3579, in open
    raise UnidentifiedImageError(msg)
PIL.UnidentifiedImageError: cannot identify image file 'C:\\Users\\ADMINI~1\\AppData\\Local\\Temp\\tmp1sk_yx7d\\corrupted_2.jpg'
2026-02-14 08:35:03 | ERROR    | face_detection:detectFaces:76 | 处理图片时发生错误: C:\Users\ADMINI~1\AppData\Local\Temp\tmp1sk_yx7d\corrupted_3.jpg, 错误: cannot identify image file 'C:\\Users\\ADMINI~1\\AppData\\Local\\Temp\\tmp1sk_yx7d\\corrupted_3.jpg'
Traceback (most recent call last):
  File "D:\AI_workspace\face-search-app\tests\..\backend\face_detection.py", line 49, in detectFaces
    image = face_recognition.load_image_file(image_path)
  File "D:\AI_workspace\face-search-app\backend\venv\Lib\site-packages\face_recognition\api.py", line 86, in load_image_file
    im = PIL.Image.open(file)
  File "D:\AI_workspace\face-search-app\backend\venv\Lib\site-packages\PIL\Image.py", line 3579, in open
    raise UnidentifiedImageError(msg)
PIL.UnidentifiedImageError: cannot identify image file 'C:\\Users\\ADMINI~1\\AppData\\Local\\Temp\\tmp1sk_yx7d\\corrupted_3.jpg'
2026-02-14 08:35:03 | ERROR    | face_detection:detectFaces:76 | 处理图片时发生错误: C:\Users\ADMINI~1\AppData\Local\Temp\tmp1sk_yx7d\corrupted_4.jpg, 错误: cannot identify image file 'C:\\Users\\ADMINI~1\\AppData\\Local\\Temp\\tmp1sk_yx7d\\corrupted_4.jpg'
Traceback (most recent call last):
  File "D:\AI_workspace\face-search-app\tests\..\backend\face_detection.py", line 49, in detectFaces
    image = face_recognition.load_image_file(image_path)
  File "D:\AI_workspace\face-search-app\backend\venv\Lib\site-packages\face_recognition\api.py", line 86, in load_image_file
    im = PIL.Image.open(file)
  File "D:\AI_workspace\face-search-app\backend\venv\Lib\site-packages\PIL\Image.py", line 3579, in open
    raise UnidentifiedImageError(msg)
PIL.UnidentifiedImageError: cannot identify image file 'C:\\Users\\ADMINI~1\\AppData\\Local\\Temp\\tmp1sk_yx7d\\corrupted_4.jpg'
2026-02-14 08:35:03 | INFO     | face_detection:detectFaces:57 | 图片中未检测到人脸: C:\Users\ADMINI~1\AppData\Local\Temp\tmp1sk_yx7d\valid_0.jpg
2026-02-14 08:35:03 | INFO     | face_detection:detectFaces:57 | 图片中未检测到人脸: C:\Users\ADMINI~1\AppData\Local\Temp\tmp1sk_yx7d\valid_1.jpg
2026-02-14 08:35:03 | INFO     | face_detection:detectFaces:57 | 图片中未检测到人脸: C:\Users\ADMINI~1\AppData\Local\Temp\tmp1sk_yx7d\valid_2.jpg
2026-02-14 08:35:03 | INFO     | face_detection:detectFaces:57 | 图片中未检测到人脸: C:\Users\ADMINI~1\AppData\Local\Temp\tmp1sk_yx7d\valid_3.jpg
2026-02-14 08:35:03 | INFO     | face_detection:detectFaces:57 | 图片中未检测到人脸: C:\Users\ADMINI~1\AppData\Local\Temp\tmp1sk_yx7d\valid_4.jpg
2026-02-14 08:35:03 | INFO     | face_search:searchFaces:174 | 搜索完成: 处理 10 个文件, 跳过 10 个文件, 找到 0 个匹配结果, 已取消: False
2026-02-14 08:35:03 | INFO     | face_search:searchFaces:70 | 开始搜索人脸: 文件夹=C:\Users\ADMINI~1\AppData\Local\Temp\tmpxps7hly_, 阈值=0.7516010045270691
2026-02-14 08:35:03 | INFO     | face_search:searchFaces:83 | 扫描完成，找到 10 个图片文件
2026-02-14 08:35:03 | ERROR    | face_detection:detectFaces:76 | 处理图片时发生错误: C:\Users\ADMINI~1\AppData\Local\Temp\tmpxps7hly_\corrupted_0.jpg, 错误: cannot identify image file 'C:\\Users\\ADMINI~1\\AppData\\Local\\Temp\\tmpxps7hly_\\corrupted_0.jpg'
Traceback (most recent call last):
  File "D:\AI_workspace\face-search-app\tests\..\backend\face_detection.py", line 49, in detectFaces
    image = face_recognition.load_image_file(image_path)
  File "D:\AI_workspace\face-search-app\backend\venv\Lib\site-packages\face_recognition\api.py", line 86, in load_image_file
    im = PIL.Image.open(file)
  File "D:\AI_workspace\face-search-app\backend\venv\Lib\site-packages\PIL\Image.py", line 3579, in open
    raise UnidentifiedImageError(msg)
PIL.UnidentifiedImageError: cannot identify image file 'C:\\Users\\ADMINI~1\\AppData\\Local\\Temp\\tmpxps7hly_\\corrupted_0.jpg'
2026-02-14 08:35:03 | ERROR    | face_detection:detectFaces:76 | 处理图片时发生错误: C:\Users\ADMINI~1\AppData\Local\Temp\tmpxps7hly_\corrupted_1.jpg, 错误: cannot identify image file 'C:\\Users\\ADMINI~1\\AppData\\Local\\Temp\\tmpxps7hly_\\corrupted_1.jpg'
Traceback (most recent call last):
  File "D:\AI_workspace\face-search-app\tests\..\backend\face_detection.py", line 49, in detectFaces
    image = face_recognition.load_image_file(image_path)
  File "D:\AI_workspace\face-search-app\backend\venv\Lib\site-packages\face_recognition\api.py", line 86, in load_image_file
    im = PIL.Image.open(file)
  File "D:\AI_workspace\face-search-app\backend\venv\Lib\site-packages\PIL\Image.py", line 3579, in open
    raise UnidentifiedImageError(msg)
PIL.UnidentifiedImageError: cannot identify image file 'C:\\Users\\ADMINI~1\\AppData\\Local\\Temp\\tmpxps7hly_\\corrupted_1.jpg'
2026-02-14 08:35:03 | ERROR    | face_detection:detectFaces:76 | 处理图片时发生错误: C:\Users\ADMINI~1\AppData\Local\Temp\tmpxps7hly_\corrupted_2.jpg, 错误: cannot identify image file 'C:\\Users\\ADMINI~1\\AppData\\Local\\Temp\\tmpxps7hly_\\corrupted_2.jpg'
Traceback (most recent call last):
  File "D:\AI_workspace\face-search-app\tests\..\backend\face_detection.py", line 49, in detectFaces
    image = face_recognition.load_image_file(image_path)
  File "D:\AI_workspace\face-search-app\backend\venv\Lib\site-packages\face_recognition\api.py", line 86, in load_image_file
    im = PIL.Image.open(file)
  File "D:\AI_workspace\face-search-app\backend\venv\Lib\site-packages\PIL\Image.py", line 3579, in open
    raise UnidentifiedImageError(msg)
PIL.UnidentifiedImageError: cannot identify image file 'C:\\Users\\ADMINI~1\\AppData\\Local\\Temp\\tmpxps7hly_\\corrupted_2.jpg'
2026-02-14 08:35:03 | ERROR    | face_detection:detectFaces:76 | 处理图片时发生错误: C:\Users\ADMINI~1\AppData\Local\Temp\tmpxps7hly_\corrupted_3.jpg, 错误: cannot identify image file 'C:\\Users\\ADMINI~1\\AppData\\Local\\Temp\\tmpxps7hly_\\corrupted_3.jpg'
Traceback (most recent call last):
  File "D:\AI_workspace\face-search-app\tests\..\backend\face_detection.py", line 49, in detectFaces
    image = face_recognition.load_image_file(image_path)
  File "D:\AI_workspace\face-search-app\backend\venv\Lib\site-packages\face_recognition\api.py", line 86, in load_image_file
    im = PIL.Image.open(file)
  File "D:\AI_workspace\face-search-app\backend\venv\Lib\site-packages\PIL\Image.py", line 3579, in open
    raise UnidentifiedImageError(msg)
PIL.UnidentifiedImageError: cannot identify image file 'C:\\Users\\ADMINI~1\\AppData\\Local\\Temp\\tmpxps7hly_\\corrupted_3.jpg'
2026-02-14 08:35:03 | ERROR    | face_detection:detectFaces:76 | 处理图片时发生错误: C:\Users\ADMINI~1\AppData\Local\Temp\tmpxps7hly_\corrupted_4.jpg, 错误: cannot identify image file 'C:\\Users\\ADMINI~1\\AppData\\Local\\Temp\\tmpxps7hly_\\corrupted_4.jpg'
Traceback (most recent call last):
  File "D:\AI_workspace\face-search-app\tests\..\backend\face_detection.py", line 49, in detectFaces
    image = face_recognition.load_image_file(image_path)
  File "D:\AI_workspace\face-search-app\backend\venv\Lib\site-packages\face_recognition\api.py", line 86, in load_image_file
    im = PIL.Image.open(file)
  File "D:\AI_workspace\face-search-app\backend\venv\Lib\site-packages\PIL\Image.py", line 3579, in open
    raise UnidentifiedImageError(msg)
PIL.UnidentifiedImageError: cannot identify image file 'C:\\Users\\ADMINI~1\\AppData\\Local\\Temp\\tmpxps7hly_\\corrupted_4.jpg'
2026-02-14 08:35:03 | INFO     | face_detection:detectFaces:57 | 图片中未检测到人脸: C:\Users\ADMINI~1\AppData\Local\Temp\tmpxps7hly_\valid_0.jpg
2026-02-14 08:35:03 | INFO     | face_detection:detectFaces:57 | 图片中未检测到人脸: C:\Users\ADMINI~1\AppData\Local\Temp\tmpxps7hly_\valid_1.jpg
2026-02-14 08:35:03 | INFO     | face_detection:detectFaces:57 | 图片中未检测到人脸: C:\Users\ADMINI~1\AppData\Local\Temp\tmpxps7hly_\valid_2.jpg
2026-02-14 08:35:03 | INFO     | face_detection:detectFaces:57 | 图片中未检测到人脸: C:\Users\ADMINI~1\AppData\Local\Temp\tmpxps7hly_\valid_3.jpg
2026-02-14 08:35:03 | INFO     | face_detection:detectFaces:57 | 图片中未检测到人脸: C:\Users\ADMINI~1\AppData\Local\Temp\tmpxps7hly_\valid_4.jpg
2026-02-14 08:35:03 | INFO     | face_search:searchFaces:174 | 搜索完成: 处理 10 个文件, 跳过 10 个文件, 找到 0 个匹配结果, 已取消: False
2026-02-14 08:35:03 | INFO     | face_search:searchFaces:70 | 开始搜索人脸: 文件夹=C:\Users\ADMINI~1\AppData\Local\Temp\tmp2ijbhv0t, 阈值=0.7516010045270691
2026-02-14 08:35:03 | INFO     | face_search:searchFaces:83 | 扫描完成，找到 10 个图片文件
2026-02-14 08:35:03 | ERROR    | face_detection:detectFaces:76 | 处理图片时发生错误: C:\Users\ADMINI~1\AppData\Local\Temp\tmp2ijbhv0t\corrupted_0.jpg, 错误: cannot identify image file 'C:\\Users\\ADMINI~1\\AppData\\Local\\Temp\\tmp2ijbhv0t\\corrupted_0.jpg'
Traceback (most recent call last):
  File "D:\AI_workspace\face-search-app\tests\..\backend\face_detection.py", line 49, in detectFaces
    image = face_recognition.load_image_file(image_path)
  File "D:\AI_workspace\face-search-app\backend\venv\Lib\site-packages\face_recognition\api.py", line 86, in load_image_file
    im = PIL.Image.open(file)
  File "D:\AI_workspace\face-search-app\backend\venv\Lib\site-packages\PIL\Image.py", line 3579, in open
    raise UnidentifiedImageError(msg)
PIL.UnidentifiedImageError: cannot identify image file 'C:\\Users\\ADMINI~1\\AppData\\Local\\Temp\\tmp2ijbhv0t\\corrupted_0.jpg'
2026-02-14 08:35:03 | ERROR    | face_detection:detectFaces:76 | 处理图片时发生错误: C:\Users\ADMINI~1\AppData\Local\Temp\tmp2ijbhv0t\corrupted_1.jpg, 错误: cannot identify image file 'C:\\Users\\ADMINI~1\\AppData\\Local\\Temp\\tmp2ijbhv0t\\corrupted_1.jpg'
Traceback (most recent call last):
  File "D:\AI_workspace\face-search-app\tests\..\backend\face_detection.py", line 49, in detectFaces
    image = face_recognition.load_image_file(image_path)
  File "D:\AI_workspace\face-search-app\backend\venv\Lib\site-packages\face_recognition\api.py", line 86, in load_image_file
    im = PIL.Image.open(file)
  File "D:\AI_workspace\face-search-app\backend\venv\Lib\site-packages\PIL\Image.py", line 3579, in open
    raise UnidentifiedImageError(msg)
PIL.UnidentifiedImageError: cannot identify image file 'C:\\Users\\ADMINI~1\\AppData\\Local\\Temp\\tmp2ijbhv0t\\corrupted_1.jpg'
2026-02-14 08:35:03 | ERROR    | face_detection:detectFaces:76 | 处理图片时发生错误: C:\Users\ADMINI~1\AppData\Local\Temp\tmp2ijbhv0t\corrupted_2.jpg, 错误: cannot identify image file 'C:\\Users\\ADMINI~1\\AppData\\Local\\Temp\\tmp2ijbhv0t\\corrupted_2.jpg'
Traceback (most recent call last):
  File "D:\AI_workspace\face-search-app\tests\..\backend\face_detection.py", line 49, in detectFaces
    image = face_recognition.load_image_file(image_path)
  File "D:\AI_workspace\face-search-app\backend\venv\Lib\site-packages\face_recognition\api.py", line 86, in load_image_file
    im = PIL.Image.open(file)
  File "D:\AI_workspace\face-search-app\backend\venv\Lib\site-packages\PIL\Image.py", line 3579, in open
    raise UnidentifiedImageError(msg)
PIL.UnidentifiedImageError: cannot identify image file 'C:\\Users\\ADMINI~1\\AppData\\Local\\Temp\\tmp2ijbhv0t\\corrupted_2.jpg'
2026-02-14 08:35:03 | ERROR    | face_detection:detectFaces:76 | 处理图片时发生错误: C:\Users\ADMINI~1\AppData\Local\Temp\tmp2ijbhv0t\corrupted_3.jpg, 错误: cannot identify image file 'C:\\Users\\ADMINI~1\\AppData\\Local\\Temp\\tmp2ijbhv0t\\corrupted_3.jpg'
Traceback (most recent call last):
  File "D:\AI_workspace\face-search-app\tests\..\backend\face_detection.py", line 49, in detectFaces
    image = face_recognition.load_image_file(image_path)
  File "D:\AI_workspace\face-search-app\backend\venv\Lib\site-packages\face_recognition\api.py", line 86, in load_image_file
    im = PIL.Image.open(file)
  File "D:\AI_workspace\face-search-app\backend\venv\Lib\site-packages\PIL\Image.py", line 3579, in open
    raise UnidentifiedImageError(msg)
PIL.UnidentifiedImageError: cannot identify image file 'C:\\Users\\ADMINI~1\\AppData\\Local\\Temp\\tmp2ijbhv0t\\corrupted_3.jpg'
2026-02-14 08:35:03 | ERROR    | face_detection:detectFaces:76 | 处理图片时发生错误: C:\Users\ADMINI~1\AppData\Local\Temp\tmp2ijbhv0t\corrupted_4.jpg, 错误: cannot identify image file 'C:\\Users\\ADMINI~1\\AppData\\Local\\Temp\\tmp2ijbhv0t\\corrupted_4.jpg'
Traceback (most recent call last):
  File "D:\AI_workspace\face-search-app\tests\..\backend\face_detection.py", line 49, in detectFaces
    image = face_recognition.load_image_file(image_path)
  File "D:\AI_workspace\face-search-app\backend\venv\Lib\site-packages\face_recognition\api.py", line 86, in load_image_file
    im = PIL.Image.open(file)
  File "D:\AI_workspace\face-search-app\backend\venv\Lib\site-packages\PIL\Image.py", line 3579, in open
    raise UnidentifiedImageError(msg)
PIL.UnidentifiedImageError: cannot identify image file 'C:\\Users\\ADMINI~1\\AppData\\Local\\Temp\\tmp2ijbhv0t\\corrupted_4.jpg'
2026-02-14 08:35:03 | INFO     | face_detection:detectFaces:57 | 图片中未检测到人脸: C:\Users\ADMINI~1\AppData\Local\Temp\tmp2ijbhv0t\valid_0.jpg
2026-02-14 08:35:03 | INFO     | face_detection:detectFaces:57 | 图片中未检测到人脸: C:\Users\ADMINI~1\AppData\Local\Temp\tmp2ijbhv0t\valid_1.jpg
2026-02-14 08:35:03 | INFO     | face_detection:detectFaces:57 | 图片中未检测到人脸: C:\Users\ADMINI~1\AppData\Local\Temp\tmp2ijbhv0t\valid_2.jpg
2026-02-14 08:35:03 | INFO     | face_detection:detectFaces:57 | 图片中未检测到人脸: C:\Users\ADMINI~1\AppData\Local\Temp\tmp2ijbhv0t\valid_3.jpg
2026-02-14 08:35:03 | INFO     | face_detection:detectFaces:57 | 图片中未检测到人脸: C:\Users\ADMINI~1\AppData\Local\Temp\tmp2ijbhv0t\valid_4.jpg
2026-02-14 08:35:03 | INFO     | face_search:searchFaces:174 | 搜索完成: 处理 10 个文件, 跳过 10 个文件, 找到 0 个匹配结果, 已取消: False
2026-02-14 08:35:04 | INFO     | face_search:searchFaces:70 | 开始搜索人脸: 文件夹=C:\Users\ADMINI~1\AppData\Local\Temp\tmpp78uvph9, 阈值=0.0
2026-02-14 08:35:04 | INFO     | face_search:searchFaces:83 | 扫描完成，找到 3 个图片文件
2026-02-14 08:35:04 | ERROR    | face_detection:detectFaces:76 | 处理图片时发生错误: C:\Users\ADMINI~1\AppData\Local\Temp\tmpp78uvph9\corrupted_0.png, 错误: cannot identify image file 'C:\\Users\\ADMINI~1\\AppData\\Local\\Temp\\tmpp78uvph9\\corrupted_0.png'
Traceback (most recent call last):
  File "D:\AI_workspace\face-search-app\tests\..\backend\face_detection.py", line 49, in detectFaces
    image = face_recognition.load_image_file(image_path)
  File "D:\AI_workspace\face-search-app\backend\venv\Lib\site-packages\face_recognition\api.py", line 86, in load_image_file
    im = PIL.Image.open(file)
  File "D:\AI_workspace\face-search-app\backend\venv\Lib\site-packages\PIL\Image.py", line 3579, in open
    raise UnidentifiedImageError(msg)
PIL.UnidentifiedImageError: cannot identify image file 'C:\\Users\\ADMINI~1\\AppData\\Local\\Temp\\tmpp78uvph9\\corrupted_0.png'
2026-02-14 08:35:04 | ERROR    | face_detection:detectFaces:76 | 处理图片时发生错误: C:\Users\ADMINI~1\AppData\Local\Temp\tmpp78uvph9\corrupted_1.png, 错误: cannot identify image file 'C:\\Users\\ADMINI~1\\AppData\\Local\\Temp\\tmpp78uvph9\\corrupted_1.png'
Traceback (most recent call last):
  File "D:\AI_workspace\face-search-app\tests\..\backend\face_detection.py", line 49, in detectFaces
    image = face_recognition.load_image_file(image_path)
  File "D:\AI_workspace\face-search-app\backend\venv\Lib\site-packages\face_recognition\api.py", line 86, in load_image_file
    im = PIL.Image.open(file)
  File "D:\AI_workspace\face-search-app\backend\venv\Lib\site-packages\PIL\Image.py", line 3579, in open
    raise UnidentifiedImageError(msg)
PIL.UnidentifiedImageError: cannot identify image file 'C:\\Users\\ADMINI~1\\AppData\\Local\\Temp\\tmpp78uvph9\\corrupted_1.png'
2026-02-14 08:35:04 | ERROR    | face_detection:detectFaces:76 | 处理图片时发生错误: C:\Users\ADMINI~1\AppData\Local\Temp\tmpp78uvph9\corrupted_2.png, 错误: cannot identify image file 'C:\\Users\\ADMINI~1\\AppData\\Local\\Temp\\tmpp78uvph9\\corrupted_2.png'
Traceback (most recent call last):
  File "D:\AI_workspace\face-search-app\tests\..\backend\face_detection.py", line 49, in detectFaces
    image = face_recognition.load_image_file(image_path)
  File "D:\AI_workspace\face-search-app\backend\venv\Lib\site-packages\face_recognition\api.py", line 86, in load_image_file
    im = PIL.Image.open(file)
  File "D:\AI_workspace\face-search-app\backend\venv\Lib\site-packages\PIL\Image.py", line 3579, in open
    raise UnidentifiedImageError(msg)
PIL.UnidentifiedImageError: cannot identify image file 'C:\\Users\\ADMINI~1\\AppData\\Local\\Temp\\tmpp78uvph9\\corrupted_2.png'
2026-02-14 08:35:04 | INFO     | face_search:searchFaces:174 | 搜索完成: 处理 3 个文件, 跳过 3 个文件, 找到 0 个匹配结果, 已取消: False
2026-02-14 08:35:04 | INFO     | face_search:searchFaces:70 | 开始搜索人脸: 文件夹=C:\Users\ADMINI~1\AppData\Local\Temp\tmpuw2aynfd, 阈值=0.0
2026-02-14 08:35:04 | INFO     | face_search:searchFaces:83 | 扫描完成，找到 3 个图片文件
2026-02-14 08:35:04 | ERROR    | face_detection:detectFaces:76 | 处理图片时发生错误: C:\Users\ADMINI~1\AppData\Local\Temp\tmpuw2aynfd\corrupted_0.png, 错误: cannot identify image file 'C:\\Users\\ADMINI~1\\AppData\\Local\\Temp\\tmpuw2aynfd\\corrupted_0.png'
Traceback (most recent call last):
  File "D:\AI_workspace\face-search-app\tests\..\backend\face_detection.py", line 49, in detectFaces
    image = face_recognition.load_image_file(image_path)
  File "D:\AI_workspace\face-search-app\backend\venv\Lib\site-packages\face_recognition\api.py", line 86, in load_image_file
    im = PIL.Image.open(file)
  File "D:\AI_workspace\face-search-app\backend\venv\Lib\site-packages\PIL\Image.py", line 3579, in open
    raise UnidentifiedImageError(msg)
PIL.UnidentifiedImageError: cannot identify image file 'C:\\Users\\ADMINI~1\\AppData\\Local\\Temp\\tmpuw2aynfd\\corrupted_0.png'
2026-02-14 08:35:04 | ERROR    | face_detection:detectFaces:76 | 处理图片时发生错误: C:\Users\ADMINI~1\AppData\Local\Temp\tmpuw2aynfd\corrupted_1.png, 错误: cannot identify image file 'C:\\Users\\ADMINI~1\\AppData\\Local\\Temp\\tmpuw2aynfd\\corrupted_1.png'
Traceback (most recent call last):
  File "D:\AI_workspace\face-search-app\tests\..\backend\face_detection.py", line 49, in detectFaces
    image = face_recognition.load_image_file(image_path)
  File "D:\AI_workspace\face-search-app\backend\venv\Lib\site-packages\face_recognition\api.py", line 86, in load_image_file
    im = PIL.Image.open(file)
  File "D:\AI_workspace\face-search-app\backend\venv\Lib\site-packages\PIL\Image.py", line 3579, in open
    raise UnidentifiedImageError(msg)
PIL.UnidentifiedImageError: cannot identify image file 'C:\\Users\\ADMINI~1\\AppData\\Local\\Temp\\tmpuw2aynfd\\corrupted_1.png'
2026-02-14 08:35:04 | ERROR    | face_detection:detectFaces:76 | 处理图片时发生错误: C:\Users\ADMINI~1\AppData\Local\Temp\tmpuw2aynfd\corrupted_2.png, 错误: cannot identify image file 'C:\\Users\\ADMINI~1\\AppData\\Local\\Temp\\tmpuw2aynfd\\corrupted_2.png'
Traceback (most recent call last):
  File "D:\AI_workspace\face-search-app\tests\..\backend\face_detection.py", line 49, in detectFaces
    image = face_recognition.load_image_file(image_path)
  File "D:\AI_workspace\face-search-app\backend\venv\Lib\site-packages\face_recognition\api.py", line 86, in load_image_file
    im = PIL.Image.open(file)
  File "D:\AI_workspace\face-search-app\backend\venv\Lib\site-packages\PIL\Image.py", line 3579, in open
    raise UnidentifiedImageError(msg)
PIL.UnidentifiedImageError: cannot identify image file 'C:\\Users\\ADMINI~1\\AppData\\Local\\Temp\\tmpuw2aynfd\\corrupted_2.png'
2026-02-14 08:35:04 | INFO     | face_search:searchFaces:174 | 搜索完成: 处理 3 个文件, 跳过 3 个文件, 找到 0 个匹配结果, 已取消: False
2026-02-14 08:35:04 | INFO     | face_search:searchFaces:70 | 开始搜索人脸: 文件夹=C:\Users\ADMINI~1\AppData\Local\Temp\tmpu2o_i63u, 阈值=2.2250738585e-313
2026-02-14 08:35:04 | INFO     | face_search:searchFaces:83 | 扫描完成，找到 3 个图片文件
2026-02-14 08:35:04 | ERROR    | face_detection:detectFaces:76 | 处理图片时发生错误: C:\Users\ADMINI~1\AppData\Local\Temp\tmpu2o_i63u\corrupted_0.png, 错误: cannot identify image file 'C:\\Users\\ADMINI~1\\AppData\\Local\\Temp\\tmpu2o_i63u\\corrupted_0.png'
Traceback (most recent call last):
  File "D:\AI_workspace\face-search-app\tests\..\backend\face_detection.py", line 49, in detectFaces
    image = face_recognition.load_image_file(image_path)
  File "D:\AI_workspace\face-search-app\backend\venv\Lib\site-packages\face_recognition\api.py", line 86, in load_image_file
    im = PIL.Image.open(file)
  File "D:\AI_workspace\face-search-app\backend\venv\Lib\site-packages\PIL\Image.py", line 3579, in open
    raise UnidentifiedImageError(msg)
PIL.UnidentifiedImageError: cannot identify image file 'C:\\Users\\ADMINI~1\\AppData\\Local\\Temp\\tmpu2o_i63u\\corrupted_0.png'
2026-02-14 08:35:04 | ERROR    | face_detection:detectFaces:76 | 处理图片时发生错误: C:\Users\ADMINI~1\AppData\Local\Temp\tmpu2o_i63u\corrupted_1.png, 错误: cannot identify image file 'C:\\Users\\ADMINI~1\\AppData\\Local\\Temp\\tmpu2o_i63u\\corrupted_1.png'
Traceback (most recent call last):
  File "D:\AI_workspace\face-search-app\tests\..\backend\face_detection.py", line 49, in detectFaces
    image = face_recognition.load_image_file(image_path)
  File "D:\AI_workspace\face-search-app\backend\venv\Lib\site-packages\face_recognition\api.py", line 86, in load_image_file
    im = PIL.Image.open(file)
  File "D:\AI_workspace\face-search-app\backend\venv\Lib\site-packages\PIL\Image.py", line 3579, in open
    raise UnidentifiedImageError(msg)
PIL.UnidentifiedImageError: cannot identify image file 'C:\\Users\\ADMINI~1\\AppData\\Local\\Temp\\tmpu2o_i63u\\corrupted_1.png'
2026-02-14 08:35:04 | ERROR    | face_detection:detectFaces:76 | 处理图片时发生错误: C:\Users\ADMINI~1\AppData\Local\Temp\tmpu2o_i63u\corrupted_2.png, 错误: cannot identify image file 'C:\\Users\\ADMINI~1\\AppData\\Local\\Temp\\tmpu2o_i63u\\corrupted_2.png'
Traceback (most recent call last):
  File "D:\AI_workspace\face-search-app\tests\..\backend\face_detection.py", line 49, in detectFaces
    image = face_recognition.load_image_file(image_path)
  File "D:\AI_workspace\face-search-app\backend\venv\Lib\site-packages\face_recognition\api.py", line 86, in load_image_file
    im = PIL.Image.open(file)
  File "D:\AI_workspace\face-search-app\backend\venv\Lib\site-packages\PIL\Image.py", line 3579, in open
    raise UnidentifiedImageError(msg)
PIL.UnidentifiedImageError: cannot identify image file 'C:\\Users\\ADMINI~1\\AppData\\Local\\Temp\\tmpu2o_i63u\\corrupted_2.png'
2026-02-14 08:35:04 | INFO     | face_search:searchFaces:174 | 搜索完成: 处理 3 个文件, 跳过 3 个文件, 找到 0 个匹配结果, 已取消: False
2026-02-14 08:35:04 | INFO     | face_search:searchFaces:70 | 开始搜索人脸: 文件夹=C:\Users\ADMINI~1\AppData\Local\Temp\tmp6krld1b_, 阈值=1.9056446927502764e-161
2026-02-14 08:35:04 | INFO     | face_search:searchFaces:83 | 扫描完成，找到 3 个图片文件
2026-02-14 08:35:04 | ERROR    | face_detection:detectFaces:76 | 处理图片时发生错误: C:\Users\ADMINI~1\AppData\Local\Temp\tmp6krld1b_\corrupted_0.png, 错误: cannot identify image file 'C:\\Users\\ADMINI~1\\AppData\\Local\\Temp\\tmp6krld1b_\\corrupted_0.png'
Traceback (most recent call last):
  File "D:\AI_workspace\face-search-app\tests\..\backend\face_detection.py", line 49, in detectFaces
    image = face_recognition.load_image_file(image_path)
  File "D:\AI_workspace\face-search-app\backend\venv\Lib\site-packages\face_recognition\api.py", line 86, in load_image_file
    im = PIL.Image.open(file)
  File "D:\AI_workspace\face-search-app\backend\venv\Lib\site-packages\PIL\Image.py", line 3579, in open
    raise UnidentifiedImageError(msg)
PIL.UnidentifiedImageError: cannot identify image file 'C:\\Users\\ADMINI~1\\AppData\\Local\\Temp\\tmp6krld1b_\\corrupted_0.png'
2026-02-14 08:35:04 | ERROR    | face_detection:detectFaces:76 | 处理图片时发生错误: C:\Users\ADMINI~1\AppData\Local\Temp\tmp6krld1b_\corrupted_1.png, 错误: cannot identify image file 'C:\\Users\\ADMINI~1\\AppData\\Local\\Temp\\tmp6krld1b_\\corrupted_1.png'
Traceback (most recent call last):
  File "D:\AI_workspace\face-search-app\tests\..\backend\face_detection.py", line 49, in detectFaces
    image = face_recognition.load_image_file(image_path)
  File "D:\AI_workspace\face-search-app\backend\venv\Lib\site-packages\face_recognition\api.py", line 86, in load_image_file
    im = PIL.Image.open(file)
  File "D:\AI_workspace\face-search-app\backend\venv\Lib\site-packages\PIL\Image.py", line 3579, in open
    raise UnidentifiedImageError(msg)
PIL.UnidentifiedImageError: cannot identify image file 'C:\\Users\\ADMINI~1\\AppData\\Local\\Temp\\tmp6krld1b_\\corrupted_1.png'
2026-02-14 08:35:04 | ERROR    | face_detection:detectFaces:76 | 处理图片时发生错误: C:\Users\ADMINI~1\AppData\Local\Temp\tmp6krld1b_\corrupted_2.png, 错误: cannot identify image file 'C:\\Users\\ADMINI~1\\AppData\\Local\\Temp\\tmp6krld1b_\\corrupted_2.png'
Traceback (most recent call last):
  File "D:\AI_workspace\face-search-app\tests\..\backend\face_detection.py", line 49, in detectFaces
    image = face_recognition.load_image_file(image_path)
  File "D:\AI_workspace\face-search-app\backend\venv\Lib\site-packages\face_recognition\api.py", line 86, in load_image_file
    im = PIL.Image.open(file)
  File "D:\AI_workspace\face-search-app\backend\venv\Lib\site-packages\PIL\Image.py", line 3579, in open
    raise UnidentifiedImageError(msg)
PIL.UnidentifiedImageError: cannot identify image file 'C:\\Users\\ADMINI~1\\AppData\\Local\\Temp\\tmp6krld1b_\\corrupted_2.png'
2026-02-14 08:35:04 | INFO     | face_search:searchFaces:174 | 搜索完成: 处理 3 个文件, 跳过 3 个文件, 找到 0 个匹配结果, 已取消: False
2026-02-14 08:35:04 | INFO     | face_search:searchFaces:70 | 开始搜索人脸: 文件夹=C:\Users\ADMINI~1\AppData\Local\Temp\tmphl2ukag7, 阈值=0.7576903444097083
2026-02-14 08:35:04 | INFO     | face_search:searchFaces:83 | 扫描完成，找到 3 个图片文件
2026-02-14 08:35:04 | ERROR    | face_detection:detectFaces:76 | 处理图片时发生错误: C:\Users\ADMINI~1\AppData\Local\Temp\tmphl2ukag7\corrupted_0.png, 错误: cannot identify image file 'C:\\Users\\ADMINI~1\\AppData\\Local\\Temp\\tmphl2ukag7\\corrupted_0.png'
Traceback (most recent call last):
  File "D:\AI_workspace\face-search-app\tests\..\backend\face_detection.py", line 49, in detectFaces
    image = face_recognition.load_image_file(image_path)
  File "D:\AI_workspace\face-search-app\backend\venv\Lib\site-packages\face_recognition\api.py", line 86, in load_image_file
    im = PIL.Image.open(file)
  File "D:\AI_workspace\face-search-app\backend\venv\Lib\site-packages\PIL\Image.py", line 3579, in open
    raise UnidentifiedImageError(msg)
PIL.UnidentifiedImageError: cannot identify image file 'C:\\Users\\ADMINI~1\\AppData\\Local\\Temp\\tmphl2ukag7\\corrupted_0.png'
2026-02-14 08:35:04 | ERROR    | face_detection:detectFaces:76 | 处理图片时发生错误: C:\Users\ADMINI~1\AppData\Local\Temp\tmphl2ukag7\corrupted_1.png, 错误: cannot identify image file 'C:\\Users\\ADMINI~1\\AppData\\Local\\Temp\\tmphl2ukag7\\corrupted_1.png'
Traceback (most recent call last):
  File "D:\AI_workspace\face-search-app\tests\..\backend\face_detection.py", line 49, in detectFaces
    image = face_recognition.load_image_file(image_path)
  File "D:\AI_workspace\face-search-app\backend\venv\Lib\site-packages\face_recognition\api.py", line 86, in load_image_file
    im = PIL.Image.open(file)
  File "D:\AI_workspace\face-search-app\backend\venv\Lib\site-packages\PIL\Image.py", line 3579, in open
    raise UnidentifiedImageError(msg)
PIL.UnidentifiedImageError: cannot identify image file 'C:\\Users\\ADMINI~1\\AppData\\Local\\Temp\\tmphl2ukag7\\corrupted_1.png'
2026-02-14 08:35:04 | ERROR    | face_detection:detectFaces:76 | 处理图片时发生错误: C:\Users\ADMINI~1\AppData\Local\Temp\tmphl2ukag7\corrupted_2.png, 错误: cannot identify image file 'C:\\Users\\ADMINI~1\\AppData\\Local\\Temp\\tmphl2ukag7\\corrupted_2.png'
Traceback (most recent call last):
  File "D:\AI_workspace\face-search-app\tests\..\backend\face_detection.py", line 49, in detectFaces
    image = face_recognition.load_image_file(image_path)
  File "D:\AI_workspace\face-search-app\backend\venv\Lib\site-packages\face_recognition\api.py", line 86, in load_image_file
    im = PIL.Image.open(file)
  File "D:\AI_workspace\face-search-app\backend\venv\Lib\site-packages\PIL\Image.py", line 3579, in open
    raise UnidentifiedImageError(msg)
PIL.UnidentifiedImageError: cannot identify image file 'C:\\Users\\ADMINI~1\\AppData\\Local\\Temp\\tmphl2ukag7\\corrupted_2.png'
2026-02-14 08:35:04 | INFO     | face_search:searchFaces:174 | 搜索完成: 处理 3 个文件, 跳过 3 个文件, 找到 0 个匹配结果, 已取消: False
2026-02-14 08:35:04 | INFO     | face_search:searchFaces:70 | 开始搜索人脸: 文件夹=C:\Users\ADMINI~1\AppData\Local\Temp\tmp_a2_o9rw, 阈值=0.3171749493925358
2026-02-14 08:35:04 | INFO     | face_search:searchFaces:83 | 扫描完成，找到 3 个图片文件
2026-02-14 08:35:04 | ERROR    | face_detection:detectFaces:76 | 处理图片时发生错误: C:\Users\ADMINI~1\AppData\Local\Temp\tmp_a2_o9rw\corrupted_0.png, 错误: cannot identify image file 'C:\\Users\\ADMINI~1\\AppData\\Local\\Temp\\tmp_a2_o9rw\\corrupted_0.png'
Traceback (most recent call last):
  File "D:\AI_workspace\face-search-app\tests\..\backend\face_detection.py", line 49, in detectFaces
    image = face_recognition.load_image_file(image_path)
  File "D:\AI_workspace\face-search-app\backend\venv\Lib\site-packages\face_recognition\api.py", line 86, in load_image_file
    im = PIL.Image.open(file)
  File "D:\AI_workspace\face-search-app\backend\venv\Lib\site-packages\PIL\Image.py", line 3579, in open
    raise UnidentifiedImageError(msg)
PIL.UnidentifiedImageError: cannot identify image file 'C:\\Users\\ADMINI~1\\AppData\\Local\\Temp\\tmp_a2_o9rw\\corrupted_0.png'
2026-02-14 08:35:04 | ERROR    | face_detection:detectFaces:76 | 处理图片时发生错误: C:\Users\ADMINI~1\AppData\Local\Temp\tmp_a2_o9rw\corrupted_1.png, 错误: cannot identify image file 'C:\\Users\\ADMINI~1\\AppData\\Local\\Temp\\tmp_a2_o9rw\\corrupted_1.png'
Traceback (most recent call last):
  File "D:\AI_workspace\face-search-app\tests\..\backend\face_detection.py", line 49, in detectFaces
    image = face_recognition.load_image_file(image_path)
  File "D:\AI_workspace\face-search-app\backend\venv\Lib\site-packages\face_recognition\api.py", line 86, in load_image_file
    im = PIL.Image.open(file)
  File "D:\AI_workspace\face-search-app\backend\venv\Lib\site-packages\PIL\Image.py", line 3579, in open
    raise UnidentifiedImageError(msg)
PIL.UnidentifiedImageError: cannot identify image file 'C:\\Users\\ADMINI~1\\AppData\\Local\\Temp\\tmp_a2_o9rw\\corrupted_1.png'
2026-02-14 08:35:04 | ERROR    | face_detection:detectFaces:76 | 处理图片时发生错误: C:\Users\ADMINI~1\AppData\Local\Temp\tmp_a2_o9rw\corrupted_2.png, 错误: cannot identify image file 'C:\\Users\\ADMINI~1\\AppData\\Local\\Temp\\tmp_a2_o9rw\\corrupted_2.png'
Traceback (most recent call last):
  File "D:\AI_workspace\face-search-app\tests\..\backend\face_detection.py", line 49, in detectFaces
    image = face_recognition.load_image_file(image_path)
  File "D:\AI_workspace\face-search-app\backend\venv\Lib\site-packages\face_recognition\api.py", line 86, in load_image_file
    im = PIL.Image.open(file)
  File "D:\AI_workspace\face-search-app\backend\venv\Lib\site-packages\PIL\Image.py", line 3579, in open
    raise UnidentifiedImageError(msg)
PIL.UnidentifiedImageError: cannot identify image file 'C:\\Users\\ADMINI~1\\AppData\\Local\\Temp\\tmp_a2_o9rw\\corrupted_2.png'
2026-02-14 08:35:04 | INFO     | face_search:searchFaces:174 | 搜索完成: 处理 3 个文件, 跳过 3 个文件, 找到 0 个匹配结果, 已取消: False
2026-02-14 08:35:04 | INFO     | face_search:searchFaces:70 | 开始搜索人脸: 文件夹=C:\Users\ADMINI~1\AppData\Local\Temp\tmp6p1nrj60, 阈值=0.8754852916248002
2026-02-14 08:35:04 | INFO     | face_search:searchFaces:83 | 扫描完成，找到 3 个图片文件
2026-02-14 08:35:04 | ERROR    | face_detection:detectFaces:76 | 处理图片时发生错误: C:\Users\ADMINI~1\AppData\Local\Temp\tmp6p1nrj60\corrupted_0.png, 错误: cannot identify image file 'C:\\Users\\ADMINI~1\\AppData\\Local\\Temp\\tmp6p1nrj60\\corrupted_0.png'
Traceback (most recent call last):
  File "D:\AI_workspace\face-search-app\tests\..\backend\face_detection.py", line 49, in detectFaces
    image = face_recognition.load_image_file(image_path)
  File "D:\AI_workspace\face-search-app\backend\venv\Lib\site-packages\face_recognition\api.py", line 86, in load_image_file
    im = PIL.Image.open(file)
  File "D:\AI_workspace\face-search-app\backend\venv\Lib\site-packages\PIL\Image.py", line 3579, in open
    raise UnidentifiedImageError(msg)
PIL.UnidentifiedImageError: cannot identify image file 'C:\\Users\\ADMINI~1\\AppData\\Local\\Temp\\tmp6p1nrj60\\corrupted_0.png'
2026-02-14 08:35:04 | ERROR    | face_detection:detectFaces:76 | 处理图片时发生错误: C:\Users\ADMINI~1\AppData\Local\Temp\tmp6p1nrj60\corrupted_1.png, 错误: cannot identify image file 'C:\\Users\\ADMINI~1\\AppData\\Local\\Temp\\tmp6p1nrj60\\corrupted_1.png'
Traceback (most recent call last):
  File "D:\AI_workspace\face-search-app\tests\..\backend\face_detection.py", line 49, in detectFaces
    image = face_recognition.load_image_file(image_path)
  File "D:\AI_workspace\face-search-app\backend\venv\Lib\site-packages\face_recognition\api.py", line 86, in load_image_file
    im = PIL.Image.open(file)
  File "D:\AI_workspace\face-search-app\backend\venv\Lib\site-packages\PIL\Image.py", line 3579, in open
    raise UnidentifiedImageError(msg)
PIL.UnidentifiedImageError: cannot identify image file 'C:\\Users\\ADMINI~1\\AppData\\Local\\Temp\\tmp6p1nrj60\\corrupted_1.png'
2026-02-14 08:35:04 | ERROR    | face_detection:detectFaces:76 | 处理图片时发生错误: C:\Users\ADMINI~1\AppData\Local\Temp\tmp6p1nrj60\corrupted_2.png, 错误: cannot identify image file 'C:\\Users\\ADMINI~1\\AppData\\Local\\Temp\\tmp6p1nrj60\\corrupted_2.png'
Traceback (most recent call last):
  File "D:\AI_workspace\face-search-app\tests\..\backend\face_detection.py", line 49, in detectFaces
    image = face_recognition.load_image_file(image_path)
  File "D:\AI_workspace\face-search-app\backend\venv\Lib\site-packages\face_recognition\api.py", line 86, in load_image_file
    im = PIL.Image.open(file)
  File "D:\AI_workspace\face-search-app\backend\venv\Lib\site-packages\PIL\Image.py", line 3579, in open
    raise UnidentifiedImageError(msg)
PIL.UnidentifiedImageError: cannot identify image file 'C:\\Users\\ADMINI~1\\AppData\\Local\\Temp\\tmp6p1nrj60\\corrupted_2.png'
2026-02-14 08:35:04 | INFO     | face_search:searchFaces:174 | 搜索完成: 处理 3 个文件, 跳过 3 个文件, 找到 0 个匹配结果, 已取消: False
2026-02-14 08:35:04 | INFO     | face_search:searchFaces:70 | 开始搜索人脸: 文件夹=C:\Users\ADMINI~1\AppData\Local\Temp\tmpjrbt5slz, 阈值=4.022442912863545e-248
2026-02-14 08:35:04 | INFO     | face_search:searchFaces:83 | 扫描完成，找到 3 个图片文件
2026-02-14 08:35:04 | ERROR    | face_detection:detectFaces:76 | 处理图片时发生错误: C:\Users\ADMINI~1\AppData\Local\Temp\tmpjrbt5slz\corrupted_0.png, 错误: cannot identify image file 'C:\\Users\\ADMINI~1\\AppData\\Local\\Temp\\tmpjrbt5slz\\corrupted_0.png'
Traceback (most recent call last):
  File "D:\AI_workspace\face-search-app\tests\..\backend\face_detection.py", line 49, in detectFaces
    image = face_recognition.load_image_file(image_path)
  File "D:\AI_workspace\face-search-app\backend\venv\Lib\site-packages\face_recognition\api.py", line 86, in load_image_file
    im = PIL.Image.open(file)
  File "D:\AI_workspace\face-search-app\backend\venv\Lib\site-packages\PIL\Image.py", line 3579, in open
    raise UnidentifiedImageError(msg)
PIL.UnidentifiedImageError: cannot identify image file 'C:\\Users\\ADMINI~1\\AppData\\Local\\Temp\\tmpjrbt5slz\\corrupted_0.png'
2026-02-14 08:35:04 | ERROR    | face_detection:detectFaces:76 | 处理图片时发生错误: C:\Users\ADMINI~1\AppData\Local\Temp\tmpjrbt5slz\corrupted_1.png, 错误: cannot identify image file 'C:\\Users\\ADMINI~1\\AppData\\Local\\Temp\\tmpjrbt5slz\\corrupted_1.png'
Traceback (most recent call last):
  File "D:\AI_workspace\face-search-app\tests\..\backend\face_detection.py", line 49, in detectFaces
    image = face_recognition.load_image_file(image_path)
  File "D:\AI_workspace\face-search-app\backend\venv\Lib\site-packages\face_recognition\api.py", line 86, in load_image_file
    im = PIL.Image.open(file)
  File "D:\AI_workspace\face-search-app\backend\venv\Lib\site-packages\PIL\Image.py", line 3579, in open
    raise UnidentifiedImageError(msg)
PIL.UnidentifiedImageError: cannot identify image file 'C:\\Users\\ADMINI~1\\AppData\\Local\\Temp\\tmpjrbt5slz\\corrupted_1.png'
2026-02-14 08:35:04 | ERROR    | face_detection:detectFaces:76 | 处理图片时发生错误: C:\Users\ADMINI~1\AppData\Local\Temp\tmpjrbt5slz\corrupted_2.png, 错误: cannot identify image file 'C:\\Users\\ADMINI~1\\AppData\\Local\\Temp\\tmpjrbt5slz\\corrupted_2.png'
Traceback (most recent call last):
  File "D:\AI_workspace\face-search-app\tests\..\backend\face_detection.py", line 49, in detectFaces
    image = face_recognition.load_image_file(image_path)
  File "D:\AI_workspace\face-search-app\backend\venv\Lib\site-packages\face_recognition\api.py", line 86, in load_image_file
    im = PIL.Image.open(file)
  File "D:\AI_workspace\face-search-app\backend\venv\Lib\site-packages\PIL\Image.py", line 3579, in open
    raise UnidentifiedImageError(msg)
PIL.UnidentifiedImageError: cannot identify image file 'C:\\Users\\ADMINI~1\\AppData\\Local\\Temp\\tmpjrbt5slz\\corrupted_2.png'
2026-02-14 08:35:04 | INFO     | face_search:searchFaces:174 | 搜索完成: 处理 3 个文件, 跳过 3 个文件, 找到 0 个匹配结果, 已取消: False
2026-02-14 08:35:04 | INFO     | face_search:searchFaces:70 | 开始搜索人脸: 文件夹=C:\Users\ADMINI~1\AppData\Local\Temp\tmpn9edr88q, 阈值=0.10505523269641961
2026-02-14 08:35:04 | INFO     | face_search:searchFaces:83 | 扫描完成，找到 3 个图片文件
2026-02-14 08:35:04 | ERROR    | face_detection:detectFaces:76 | 处理图片时发生错误: C:\Users\ADMINI~1\AppData\Local\Temp\tmpn9edr88q\corrupted_0.png, 错误: cannot identify image file 'C:\\Users\\ADMINI~1\\AppData\\Local\\Temp\\tmpn9edr88q\\corrupted_0.png'
Traceback (most recent call last):
  File "D:\AI_workspace\face-search-app\tests\..\backend\face_detection.py", line 49, in detectFaces
    image = face_recognition.load_image_file(image_path)
  File "D:\AI_workspace\face-search-app\backend\venv\Lib\site-packages\face_recognition\api.py", line 86, in load_image_file
    im = PIL.Image.open(file)
  File "D:\AI_workspace\face-search-app\backend\venv\Lib\site-packages\PIL\Image.py", line 3579, in open
    raise UnidentifiedImageError(msg)
PIL.UnidentifiedImageError: cannot identify image file 'C:\\Users\\ADMINI~1\\AppData\\Local\\Temp\\tmpn9edr88q\\corrupted_0.png'
2026-02-14 08:35:04 | ERROR    | face_detection:detectFaces:76 | 处理图片时发生错误: C:\Users\ADMINI~1\AppData\Local\Temp\tmpn9edr88q\corrupted_1.png, 错误: cannot identify image file 'C:\\Users\\ADMINI~1\\AppData\\Local\\Temp\\tmpn9edr88q\\corrupted_1.png'
Traceback (most recent call last):
  File "D:\AI_workspace\face-search-app\tests\..\backend\face_detection.py", line 49, in detectFaces
    image = face_recognition.load_image_file(image_path)
  File "D:\AI_workspace\face-search-app\backend\venv\Lib\site-packages\face_recognition\api.py", line 86, in load_image_file
    im = PIL.Image.open(file)
  File "D:\AI_workspace\face-search-app\backend\venv\Lib\site-packages\PIL\Image.py", line 3579, in open
    raise UnidentifiedImageError(msg)
PIL.UnidentifiedImageError: cannot identify image file 'C:\\Users\\ADMINI~1\\AppData\\Local\\Temp\\tmpn9edr88q\\corrupted_1.png'
2026-02-14 08:35:04 | ERROR    | face_detection:detectFaces:76 | 处理图片时发生错误: C:\Users\ADMINI~1\AppData\Local\Temp\tmpn9edr88q\corrupted_2.png, 错误: cannot identify image file 'C:\\Users\\ADMINI~1\\AppData\\Local\\Temp\\tmpn9edr88q\\corrupted_2.png'
Traceback (most recent call last):
  File "D:\AI_workspace\face-search-app\tests\..\backend\face_detection.py", line 49, in detectFaces
    image = face_recognition.load_image_file(image_path)
  File "D:\AI_workspace\face-search-app\backend\venv\Lib\site-packages\face_recognition\api.py", line 86, in load_image_file
    im = PIL.Image.open(file)
  File "D:\AI_workspace\face-search-app\backend\venv\Lib\site-packages\PIL\Image.py", line 3579, in open
    raise UnidentifiedImageError(msg)
PIL.UnidentifiedImageError: cannot identify image file 'C:\\Users\\ADMINI~1\\AppData\\Local\\Temp\\tmpn9edr88q\\corrupted_2.png'
2026-02-14 08:35:04 | INFO     | face_search:searchFaces:174 | 搜索完成: 处理 3 个文件, 跳过 3 个文件, 找到 0 个匹配结果, 已取消: False
2026-02-14 08:35:04 | INFO     | face_search:searchFaces:70 | 开始搜索人脸: 文件夹=C:\Users\ADMINI~1\AppData\Local\Temp\tmpcmhvg4en, 阈值=0.6904932570646022
2026-02-14 08:35:04 | INFO     | face_search:searchFaces:83 | 扫描完成，找到 3 个图片文件
2026-02-14 08:35:04 | ERROR    | face_detection:detectFaces:76 | 处理图片时发生错误: C:\Users\ADMINI~1\AppData\Local\Temp\tmpcmhvg4en\corrupted_0.png, 错误: cannot identify image file 'C:\\Users\\ADMINI~1\\AppData\\Local\\Temp\\tmpcmhvg4en\\corrupted_0.png'
Traceback (most recent call last):
  File "D:\AI_workspace\face-search-app\tests\..\backend\face_detection.py", line 49, in detectFaces
    image = face_recognition.load_image_file(image_path)
  File "D:\AI_workspace\face-search-app\backend\venv\Lib\site-packages\face_recognition\api.py", line 86, in load_image_file
    im = PIL.Image.open(file)
  File "D:\AI_workspace\face-search-app\backend\venv\Lib\site-packages\PIL\Image.py", line 3579, in open
    raise UnidentifiedImageError(msg)
PIL.UnidentifiedImageError: cannot identify image file 'C:\\Users\\ADMINI~1\\AppData\\Local\\Temp\\tmpcmhvg4en\\corrupted_0.png'
2026-02-14 08:35:04 | ERROR    | face_detection:detectFaces:76 | 处理图片时发生错误: C:\Users\ADMINI~1\AppData\Local\Temp\tmpcmhvg4en\corrupted_1.png, 错误: cannot identify image file 'C:\\Users\\ADMINI~1\\AppData\\Local\\Temp\\tmpcmhvg4en\\corrupted_1.png'
Traceback (most recent call last):
  File "D:\AI_workspace\face-search-app\tests\..\backend\face_detection.py", line 49, in detectFaces
    image = face_recognition.load_image_file(image_path)
  File "D:\AI_workspace\face-search-app\backend\venv\Lib\site-packages\face_recognition\api.py", line 86, in load_image_file
    im = PIL.Image.open(file)
  File "D:\AI_workspace\face-search-app\backend\venv\Lib\site-packages\PIL\Image.py", line 3579, in open
    raise UnidentifiedImageError(msg)
PIL.UnidentifiedImageError: cannot identify image file 'C:\\Users\\ADMINI~1\\AppData\\Local\\Temp\\tmpcmhvg4en\\corrupted_1.png'
2026-02-14 08:35:04 | ERROR    | face_detection:detectFaces:76 | 处理图片时发生错误: C:\Users\ADMINI~1\AppData\Local\Temp\tmpcmhvg4en\corrupted_2.png, 错误: cannot identify image file 'C:\\Users\\ADMINI~1\\AppData\\Local\\Temp\\tmpcmhvg4en\\corrupted_2.png'
Traceback (most recent call last):
  File "D:\AI_workspace\face-search-app\tests\..\backend\face_detection.py", line 49, in detectFaces
    image = face_recognition.load_image_file(image_path)
  File "D:\AI_workspace\face-search-app\backend\venv\Lib\site-packages\face_recognition\api.py", line 86, in load_image_file
    im = PIL.Image.open(file)
  File "D:\AI_workspace\face-search-app\backend\venv\Lib\site-packages\PIL\Image.py", line 3579, in open
    raise UnidentifiedImageError(msg)
PIL.UnidentifiedImageError: cannot identify image file 'C:\\Users\\ADMINI~1\\AppData\\Local\\Temp\\tmpcmhvg4en\\corrupted_2.png'
2026-02-14 08:35:04 | INFO     | face_search:searchFaces:174 | 搜索完成: 处理 3 个文件, 跳过 3 个文件, 找到 0 个匹配结果, 已取消: False
2026-02-14 08:35:04 | INFO     | face_search:searchFaces:70 | 开始搜索人脸: 文件夹=C:\Users\ADMINI~1\AppData\Local\Temp\tmp2udl3y66, 阈值=0.0
2026-02-14 08:35:04 | INFO     | face_search:searchFaces:83 | 扫描完成，找到 1 个图片文件
2026-02-14 08:35:04 | INFO     | face_detection:detectFaces:57 | 图片中未检测到人脸: C:\Users\ADMINI~1\AppData\Local\Temp\tmp2udl3y66\image_0.jpg
2026-02-14 08:35:04 | INFO     | face_search:searchFaces:174 | 搜索完成: 处理 1 个文件, 跳过 1 个文件, 找到 0 个匹配结果, 已取消: False
2026-02-14 08:35:04 | INFO     | face_search:searchFaces:70 | 开始搜索人脸: 文件夹=C:\Users\ADMINI~1\AppData\Local\Temp\tmp2udl3y66, 阈值=0.0
2026-02-14 08:35:04 | INFO     | face_search:searchFaces:83 | 扫描完成，找到 1 个图片文件
2026-02-14 08:35:04 | INFO     | face_detection:detectFaces:57 | 图片中未检测到人脸: C:\Users\ADMINI~1\AppData\Local\Temp\tmp2udl3y66\image_0.jpg
2026-02-14 08:35:04 | INFO     | face_search:searchFaces:174 | 搜索完成: 处理 1 个文件, 跳过 1 个文件, 找到 0 个匹配结果, 已取消: False
2026-02-14 08:35:04 | INFO     | face_search:searchFaces:70 | 开始搜索人脸: 文件夹=C:\Users\ADMINI~1\AppData\Local\Temp\tmpp7ehykju, 阈值=0.0
2026-02-14 08:35:04 | INFO     | face_search:searchFaces:83 | 扫描完成，找到 4 个图片文件
2026-02-14 08:35:04 | INFO     | face_detection:detectFaces:57 | 图片中未检测到人脸: C:\Users\ADMINI~1\AppData\Local\Temp\tmpp7ehykju\image_0.jpg
2026-02-14 08:35:04 | INFO     | face_detection:detectFaces:57 | 图片中未检测到人脸: C:\Users\ADMINI~1\AppData\Local\Temp\tmpp7ehykju\image_1.jpg
2026-02-14 08:35:04 | INFO     | face_detection:detectFaces:57 | 图片中未检测到人脸: C:\Users\ADMINI~1\AppData\Local\Temp\tmpp7ehykju\image_2.jpg
2026-02-14 08:35:04 | INFO     | face_detection:detectFaces:57 | 图片中未检测到人脸: C:\Users\ADMINI~1\AppData\Local\Temp\tmpp7ehykju\image_3.jpg
2026-02-14 08:35:04 | INFO     | face_search:searchFaces:174 | 搜索完成: 处理 4 个文件, 跳过 4 个文件, 找到 0 个匹配结果, 已取消: False
2026-02-14 08:35:04 | INFO     | face_search:searchFaces:70 | 开始搜索人脸: 文件夹=C:\Users\ADMINI~1\AppData\Local\Temp\tmpp7ehykju, 阈值=0.0
2026-02-14 08:35:04 | INFO     | face_search:searchFaces:83 | 扫描完成，找到 4 个图片文件
2026-02-14 08:35:04 | INFO     | face_detection:detectFaces:57 | 图片中未检测到人脸: C:\Users\ADMINI~1\AppData\Local\Temp\tmpp7ehykju\image_0.jpg
2026-02-14 08:35:04 | INFO     | face_detection:detectFaces:57 | 图片中未检测到人脸: C:\Users\ADMINI~1\AppData\Local\Temp\tmpp7ehykju\image_1.jpg
2026-02-14 08:35:04 | INFO     | face_detection:detectFaces:57 | 图片中未检测到人脸: C:\Users\ADMINI~1\AppData\Local\Temp\tmpp7ehykju\image_2.jpg
2026-02-14 08:35:04 | INFO     | face_detection:detectFaces:57 | 图片中未检测到人脸: C:\Users\ADMINI~1\AppData\Local\Temp\tmpp7ehykju\image_3.jpg
2026-02-14 08:35:04 | INFO     | face_search:searchFaces:174 | 搜索完成: 处理 4 个文件, 跳过 4 个文件, 找到 0 个匹配结果, 已取消: False
2026-02-14 08:35:04 | INFO     | face_search:searchFaces:70 | 开始搜索人脸: 文件夹=C:\Users\ADMINI~1\AppData\Local\Temp\tmppv0d8dn8, 阈值=0.9280823320269092
2026-02-14 08:35:04 | INFO     | face_search:searchFaces:83 | 扫描完成，找到 4 个图片文件
2026-02-14 08:35:04 | INFO     | face_detection:detectFaces:57 | 图片中未检测到人脸: C:\Users\ADMINI~1\AppData\Local\Temp\tmppv0d8dn8\image_0.jpg
2026-02-14 08:35:04 | INFO     | face_detection:detectFaces:57 | 图片中未检测到人脸: C:\Users\ADMINI~1\AppData\Local\Temp\tmppv0d8dn8\image_1.jpg
2026-02-14 08:35:04 | INFO     | face_detection:detectFaces:57 | 图片中未检测到人脸: C:\Users\ADMINI~1\AppData\Local\Temp\tmppv0d8dn8\image_2.jpg
2026-02-14 08:35:04 | INFO     | face_detection:detectFaces:57 | 图片中未检测到人脸: C:\Users\ADMINI~1\AppData\Local\Temp\tmppv0d8dn8\image_3.jpg
2026-02-14 08:35:04 | INFO     | face_search:searchFaces:174 | 搜索完成: 处理 4 个文件, 跳过 4 个文件, 找到 0 个匹配结果, 已取消: False
2026-02-14 08:35:04 | INFO     | face_search:searchFaces:70 | 开始搜索人脸: 文件夹=C:\Users\ADMINI~1\AppData\Local\Temp\tmppv0d8dn8, 阈值=0.9280823320269092
2026-02-14 08:35:04 | INFO     | face_search:searchFaces:83 | 扫描完成，找到 4 个图片文件
2026-02-14 08:35:04 | INFO     | face_detection:detectFaces:57 | 图片中未检测到人脸: C:\Users\ADMINI~1\AppData\Local\Temp\tmppv0d8dn8\image_0.jpg
2026-02-14 08:35:04 | INFO     | face_detection:detectFaces:57 | 图片中未检测到人脸: C:\Users\ADMINI~1\AppData\Local\Temp\tmppv0d8dn8\image_1.jpg
2026-02-14 08:35:04 | INFO     | face_detection:detectFaces:57 | 图片中未检测到人脸: C:\Users\ADMINI~1\AppData\Local\Temp\tmppv0d8dn8\image_2.jpg
2026-02-14 08:35:04 | INFO     | face_detection:detectFaces:57 | 图片中未检测到人脸: C:\Users\ADMINI~1\AppData\Local\Temp\tmppv0d8dn8\image_3.jpg
2026-02-14 08:35:04 | INFO     | face_search:searchFaces:174 | 搜索完成: 处理 4 个文件, 跳过 4 个文件, 找到 0 个匹配结果, 已取消: False
2026-02-14 08:35:04 | INFO     | face_search:searchFaces:70 | 开始搜索人脸: 文件夹=C:\Users\ADMINI~1\AppData\Local\Temp\tmp1vkd9emg, 阈值=0.8031542572572714
2026-02-14 08:35:04 | INFO     | face_search:searchFaces:83 | 扫描完成，找到 5 个图片文件
2026-02-14 08:35:04 | INFO     | face_detection:detectFaces:57 | 图片中未检测到人脸: C:\Users\ADMINI~1\AppData\Local\Temp\tmp1vkd9emg\image_0.jpg
2026-02-14 08:35:04 | INFO     | face_detection:detectFaces:57 | 图片中未检测到人脸: C:\Users\ADMINI~1\AppData\Local\Temp\tmp1vkd9emg\image_1.jpg
2026-02-14 08:35:05 | INFO     | face_detection:detectFaces:57 | 图片中未检测到人脸: C:\Users\ADMINI~1\AppData\Local\Temp\tmp1vkd9emg\image_2.jpg
2026-02-14 08:35:05 | INFO     | face_detection:detectFaces:57 | 图片中未检测到人脸: C:\Users\ADMINI~1\AppData\Local\Temp\tmp1vkd9emg\image_3.jpg
2026-02-14 08:35:05 | INFO     | face_detection:detectFaces:57 | 图片中未检测到人脸: C:\Users\ADMINI~1\AppData\Local\Temp\tmp1vkd9emg\image_4.jpg
2026-02-14 08:35:05 | INFO     | face_search:searchFaces:174 | 搜索完成: 处理 5 个文件, 跳过 5 个文件, 找到 0 个匹配结果, 已取消: False
2026-02-14 08:35:05 | INFO     | face_search:searchFaces:70 | 开始搜索人脸: 文件夹=C:\Users\ADMINI~1\AppData\Local\Temp\tmp1vkd9emg, 阈值=0.8031542572572714
2026-02-14 08:35:05 | INFO     | face_search:searchFaces:83 | 扫描完成，找到 5 个图片文件
2026-02-14 08:35:05 | INFO     | face_detection:detectFaces:57 | 图片中未检测到人脸: C:\Users\ADMINI~1\AppData\Local\Temp\tmp1vkd9emg\image_0.jpg
2026-02-14 08:35:05 | INFO     | face_detection:detectFaces:57 | 图片中未检测到人脸: C:\Users\ADMINI~1\AppData\Local\Temp\tmp1vkd9emg\image_1.jpg
2026-02-14 08:35:05 | INFO     | face_detection:detectFaces:57 | 图片中未检测到人脸: C:\Users\ADMINI~1\AppData\Local\Temp\tmp1vkd9emg\image_2.jpg
2026-02-14 08:35:05 | INFO     | face_detection:detectFaces:57 | 图片中未检测到人脸: C:\Users\ADMINI~1\AppData\Local\Temp\tmp1vkd9emg\image_3.jpg
2026-02-14 08:35:05 | INFO     | face_detection:detectFaces:57 | 图片中未检测到人脸: C:\Users\ADMINI~1\AppData\Local\Temp\tmp1vkd9emg\image_4.jpg
2026-02-14 08:35:05 | INFO     | face_search:searchFaces:174 | 搜索完成: 处理 5 个文件, 跳过 5 个文件, 找到 0 个匹配结果, 已取消: False
2026-02-14 08:35:05 | INFO     | face_search:searchFaces:70 | 开始搜索人脸: 文件夹=C:\Users\ADMINI~1\AppData\Local\Temp\tmp3n_331hu, 阈值=0.6159246221294462
2026-02-14 08:35:05 | INFO     | face_search:searchFaces:83 | 扫描完成，找到 5 个图片文件
2026-02-14 08:35:05 | INFO     | face_detection:detectFaces:57 | 图片中未检测到人脸: C:\Users\ADMINI~1\AppData\Local\Temp\tmp3n_331hu\image_0.jpg
2026-02-14 08:35:05 | INFO     | face_detection:detectFaces:57 | 图片中未检测到人脸: C:\Users\ADMINI~1\AppData\Local\Temp\tmp3n_331hu\image_1.jpg
2026-02-14 08:35:05 | INFO     | face_detection:detectFaces:57 | 图片中未检测到人脸: C:\Users\ADMINI~1\AppData\Local\Temp\tmp3n_331hu\image_2.jpg
2026-02-14 08:35:05 | INFO     | face_detection:detectFaces:57 | 图片中未检测到人脸: C:\Users\ADMINI~1\AppData\Local\Temp\tmp3n_331hu\image_3.jpg
2026-02-14 08:35:05 | INFO     | face_detection:detectFaces:57 | 图片中未检测到人脸: C:\Users\ADMINI~1\AppData\Local\Temp\tmp3n_331hu\image_4.jpg
2026-02-14 08:35:05 | INFO     | face_search:searchFaces:174 | 搜索完成: 处理 5 个文件, 跳过 5 个文件, 找到 0 个匹配结果, 已取消: False
2026-02-14 08:35:05 | INFO     | face_search:searchFaces:70 | 开始搜索人脸: 文件夹=C:\Users\ADMINI~1\AppData\Local\Temp\tmp3n_331hu, 阈值=0.6159246221294462
2026-02-14 08:35:05 | INFO     | face_search:searchFaces:83 | 扫描完成，找到 5 个图片文件
2026-02-14 08:35:05 | INFO     | face_detection:detectFaces:57 | 图片中未检测到人脸: C:\Users\ADMINI~1\AppData\Local\Temp\tmp3n_331hu\image_0.jpg
2026-02-14 08:35:05 | INFO     | face_detection:detectFaces:57 | 图片中未检测到人脸: C:\Users\ADMINI~1\AppData\Local\Temp\tmp3n_331hu\image_1.jpg
2026-02-14 08:35:05 | INFO     | face_detection:detectFaces:57 | 图片中未检测到人脸: C:\Users\ADMINI~1\AppData\Local\Temp\tmp3n_331hu\image_2.jpg
2026-02-14 08:35:05 | INFO     | face_detection:detectFaces:57 | 图片中未检测到人脸: C:\Users\ADMINI~1\AppData\Local\Temp\tmp3n_331hu\image_3.jpg
2026-02-14 08:35:05 | INFO     | face_detection:detectFaces:57 | 图片中未检测到人脸: C:\Users\ADMINI~1\AppData\Local\Temp\tmp3n_331hu\image_4.jpg
2026-02-14 08:35:05 | INFO     | face_search:searchFaces:174 | 搜索完成: 处理 5 个文件, 跳过 5 个文件, 找到 0 个匹配结果, 已取消: False
2026-02-14 08:35:05 | INFO     | face_search:searchFaces:70 | 开始搜索人脸: 文件夹=C:\Users\ADMINI~1\AppData\Local\Temp\tmp2i3o0evh, 阈值=0.3141756056595966
2026-02-14 08:35:05 | INFO     | face_search:searchFaces:83 | 扫描完成，找到 1 个图片文件
2026-02-14 08:35:05 | INFO     | face_detection:detectFaces:57 | 图片中未检测到人脸: C:\Users\ADMINI~1\AppData\Local\Temp\tmp2i3o0evh\image_0.jpg
2026-02-14 08:35:05 | INFO     | face_search:searchFaces:174 | 搜索完成: 处理 1 个文件, 跳过 1 个文件, 找到 0 个匹配结果, 已取消: False
2026-02-14 08:35:05 | INFO     | face_search:searchFaces:70 | 开始搜索人脸: 文件夹=C:\Users\ADMINI~1\AppData\Local\Temp\tmp2i3o0evh, 阈值=0.3141756056595966
2026-02-14 08:35:05 | INFO     | face_search:searchFaces:83 | 扫描完成，找到 1 个图片文件
2026-02-14 08:35:05 | INFO     | face_detection:detectFaces:57 | 图片中未检测到人脸: C:\Users\ADMINI~1\AppData\Local\Temp\tmp2i3o0evh\image_0.jpg
2026-02-14 08:35:05 | INFO     | face_search:searchFaces:174 | 搜索完成: 处理 1 个文件, 跳过 1 个文件, 找到 0 个匹配结果, 已取消: False
2026-02-14 08:35:05 | INFO     | face_search:searchFaces:70 | 开始搜索人脸: 文件夹=C:\Users\ADMINI~1\AppData\Local\Temp\tmp82zw1306, 阈值=1.5984920583867768e-234
2026-02-14 08:35:05 | INFO     | face_search:searchFaces:83 | 扫描完成，找到 3 个图片文件
2026-02-14 08:35:05 | INFO     | face_detection:detectFaces:57 | 图片中未检测到人脸: C:\Users\ADMINI~1\AppData\Local\Temp\tmp82zw1306\image_0.jpg
2026-02-14 08:35:05 | INFO     | face_detection:detectFaces:57 | 图片中未检测到人脸: C:\Users\ADMINI~1\AppData\Local\Temp\tmp82zw1306\image_1.jpg
2026-02-14 08:35:05 | INFO     | face_detection:detectFaces:57 | 图片中未检测到人脸: C:\Users\ADMINI~1\AppData\Local\Temp\tmp82zw1306\image_2.jpg
2026-02-14 08:35:05 | INFO     | face_search:searchFaces:174 | 搜索完成: 处理 3 个文件, 跳过 3 个文件, 找到 0 个匹配结果, 已取消: False
2026-02-14 08:35:05 | INFO     | face_search:searchFaces:70 | 开始搜索人脸: 文件夹=C:\Users\ADMINI~1\AppData\Local\Temp\tmp82zw1306, 阈值=1.5984920583867768e-234
2026-02-14 08:35:05 | INFO     | face_search:searchFaces:83 | 扫描完成，找到 3 个图片文件
2026-02-14 08:35:05 | INFO     | face_detection:detectFaces:57 | 图片中未检测到人脸: C:\Users\ADMINI~1\AppData\Local\Temp\tmp82zw1306\image_0.jpg
2026-02-14 08:35:05 | INFO     | face_detection:detectFaces:57 | 图片中未检测到人脸: C:\Users\ADMINI~1\AppData\Local\Temp\tmp82zw1306\image_1.jpg
2026-02-14 08:35:05 | INFO     | face_detection:detectFaces:57 | 图片中未检测到人脸: C:\Users\ADMINI~1\AppData\Local\Temp\tmp82zw1306\image_2.jpg
2026-02-14 08:35:05 | INFO     | face_search:searchFaces:174 | 搜索完成: 处理 3 个文件, 跳过 3 个文件, 找到 0 个匹配结果, 已取消: False
2026-02-14 08:35:05 | INFO     | face_search:searchFaces:70 | 开始搜索人脸: 文件夹=C:\Users\ADMINI~1\AppData\Local\Temp\tmpuvx4tlxe, 阈值=0.4303642530495918
2026-02-14 08:35:05 | INFO     | face_search:searchFaces:83 | 扫描完成，找到 1 个图片文件
2026-02-14 08:35:05 | INFO     | face_detection:detectFaces:57 | 图片中未检测到人脸: C:\Users\ADMINI~1\AppData\Local\Temp\tmpuvx4tlxe\image_0.jpg
2026-02-14 08:35:05 | INFO     | face_search:searchFaces:174 | 搜索完成: 处理 1 个文件, 跳过 1 个文件, 找到 0 个匹配结果, 已取消: False
2026-02-14 08:35:05 | INFO     | face_search:searchFaces:70 | 开始搜索人脸: 文件夹=C:\Users\ADMINI~1\AppData\Local\Temp\tmpuvx4tlxe, 阈值=0.4303642530495918
2026-02-14 08:35:05 | INFO     | face_search:searchFaces:83 | 扫描完成，找到 1 个图片文件
2026-02-14 08:35:05 | INFO     | face_detection:detectFaces:57 | 图片中未检测到人脸: C:\Users\ADMINI~1\AppData\Local\Temp\tmpuvx4tlxe\image_0.jpg
2026-02-14 08:35:05 | INFO     | face_search:searchFaces:174 | 搜索完成: 处理 1 个文件, 跳过 1 个文件, 找到 0 个匹配结果, 已取消: False
2026-02-14 08:35:05 | INFO     | face_search:searchFaces:70 | 开始搜索人脸: 文件夹=C:\Users\ADMINI~1\AppData\Local\Temp\tmphq1b7dqb, 阈值=0.8465086357914429
2026-02-14 08:35:05 | INFO     | face_search:searchFaces:83 | 扫描完成，找到 5 个图片文件
2026-02-14 08:35:05 | INFO     | face_detection:detectFaces:57 | 图片中未检测到人脸: C:\Users\ADMINI~1\AppData\Local\Temp\tmphq1b7dqb\image_0.jpg
2026-02-14 08:35:05 | INFO     | face_detection:detectFaces:57 | 图片中未检测到人脸: C:\Users\ADMINI~1\AppData\Local\Temp\tmphq1b7dqb\image_1.jpg
2026-02-14 08:35:05 | INFO     | face_detection:detectFaces:57 | 图片中未检测到人脸: C:\Users\ADMINI~1\AppData\Local\Temp\tmphq1b7dqb\image_2.jpg
2026-02-14 08:35:05 | INFO     | face_detection:detectFaces:57 | 图片中未检测到人脸: C:\Users\ADMINI~1\AppData\Local\Temp\tmphq1b7dqb\image_3.jpg
2026-02-14 08:35:05 | INFO     | face_detection:detectFaces:57 | 图片中未检测到人脸: C:\Users\ADMINI~1\AppData\Local\Temp\tmphq1b7dqb\image_4.jpg
2026-02-14 08:35:05 | INFO     | face_search:searchFaces:174 | 搜索完成: 处理 5 个文件, 跳过 5 个文件, 找到 0 个匹配结果, 已取消: False
2026-02-14 08:35:05 | INFO     | face_search:searchFaces:70 | 开始搜索人脸: 文件夹=C:\Users\ADMINI~1\AppData\Local\Temp\tmphq1b7dqb, 阈值=0.8465086357914429
2026-02-14 08:35:05 | INFO     | face_search:searchFaces:83 | 扫描完成，找到 5 个图片文件
2026-02-14 08:35:05 | INFO     | face_detection:detectFaces:57 | 图片中未检测到人脸: C:\Users\ADMINI~1\AppData\Local\Temp\tmphq1b7dqb\image_0.jpg
2026-02-14 08:35:05 | INFO     | face_detection:detectFaces:57 | 图片中未检测到人脸: C:\Users\ADMINI~1\AppData\Local\Temp\tmphq1b7dqb\image_1.jpg
2026-02-14 08:35:05 | INFO     | face_detection:detectFaces:57 | 图片中未检测到人脸: C:\Users\ADMINI~1\AppData\Local\Temp\tmphq1b7dqb\image_2.jpg
2026-02-14 08:35:05 | INFO     | face_detection:detectFaces:57 | 图片中未检测到人脸: C:\Users\ADMINI~1\AppData\Local\Temp\tmphq1b7dqb\image_3.jpg
2026-02-14 08:35:05 | INFO     | face_detection:detectFaces:57 | 图片中未检测到人脸: C:\Users\ADMINI~1\AppData\Local\Temp\tmphq1b7dqb\image_4.jpg
2026-02-14 08:35:05 | INFO     | face_search:searchFaces:174 | 搜索完成: 处理 5 个文件, 跳过 5 个文件, 找到 0 个匹配结果, 已取消: False
2026-02-14 08:35:05 | INFO     | face_search:searchFaces:70 | 开始搜索人脸: 文件夹=C:\Users\ADMINI~1\AppData\Local\Temp\tmpui1qz1a2, 阈值=0.0
2026-02-14 08:35:05 | INFO     | face_search:searchFaces:83 | 扫描完成，找到 3 个图片文件
2026-02-14 08:35:05 | INFO     | face_detection:detectFaces:57 | 图片中未检测到人脸: C:\Users\ADMINI~1\AppData\Local\Temp\tmpui1qz1a2\image_0.jpg
2026-02-14 08:35:05 | INFO     | face_detection:detectFaces:57 | 图片中未检测到人脸: C:\Users\ADMINI~1\AppData\Local\Temp\tmpui1qz1a2\image_1.jpg
2026-02-14 08:35:05 | INFO     | face_detection:detectFaces:57 | 图片中未检测到人脸: C:\Users\ADMINI~1\AppData\Local\Temp\tmpui1qz1a2\image_2.jpg
2026-02-14 08:35:05 | INFO     | face_search:searchFaces:174 | 搜索完成: 处理 3 个文件, 跳过 3 个文件, 找到 0 个匹配结果, 已取消: False
2026-02-14 08:35:05 | INFO     | face_search:searchFaces:70 | 开始搜索人脸: 文件夹=C:\Users\ADMINI~1\AppData\Local\Temp\tmpui1qz1a2, 阈值=0.0
2026-02-14 08:35:05 | INFO     | face_search:searchFaces:83 | 扫描完成，找到 3 个图片文件
2026-02-14 08:35:05 | INFO     | face_detection:detectFaces:57 | 图片中未检测到人脸: C:\Users\ADMINI~1\AppData\Local\Temp\tmpui1qz1a2\image_0.jpg
2026-02-14 08:35:05 | INFO     | face_detection:detectFaces:57 | 图片中未检测到人脸: C:\Users\ADMINI~1\AppData\Local\Temp\tmpui1qz1a2\image_1.jpg
2026-02-14 08:35:05 | INFO     | face_detection:detectFaces:57 | 图片中未检测到人脸: C:\Users\ADMINI~1\AppData\Local\Temp\tmpui1qz1a2\image_2.jpg
2026-02-14 08:35:05 | INFO     | face_search:searchFaces:174 | 搜索完成: 处理 3 个文件, 跳过 3 个文件, 找到 0 个匹配结果, 已取消: False
2026-02-14 08:35:05 | INFO     | face_search:searchFaces:70 | 开始搜索人脸: 文件夹=C:\Users\ADMINI~1\AppData\Local\Temp\tmpqh8daq69, 阈值=0.0
2026-02-14 08:35:05 | INFO     | face_search:searchFaces:83 | 扫描完成，找到 1 个图片文件
2026-02-14 08:35:05 | INFO     | face_detection:detectFaces:57 | 图片中未检测到人脸: C:\Users\ADMINI~1\AppData\Local\Temp\tmpqh8daq69\test_0.jpg
2026-02-14 08:35:05 | INFO     | face_search:searchFaces:174 | 搜索完成: 处理 1 个文件, 跳过 1 个文件, 找到 0 个匹配结果, 已取消: False
2026-02-14 08:35:06 | INFO     | face_search:searchFaces:70 | 开始搜索人脸: 文件夹=C:\Users\ADMINI~1\AppData\Local\Temp\tmpzcs4jbaw, 阈值=0.0
2026-02-14 08:35:06 | INFO     | face_search:searchFaces:83 | 扫描完成，找到 5 个图片文件
2026-02-14 08:35:06 | INFO     | face_detection:detectFaces:57 | 图片中未检测到人脸: C:\Users\ADMINI~1\AppData\Local\Temp\tmpzcs4jbaw\test_0.jpg
2026-02-14 08:35:06 | INFO     | face_detection:detectFaces:57 | 图片中未检测到人脸: C:\Users\ADMINI~1\AppData\Local\Temp\tmpzcs4jbaw\test_1.jpg
2026-02-14 08:35:06 | INFO     | face_detection:detectFaces:57 | 图片中未检测到人脸: C:\Users\ADMINI~1\AppData\Local\Temp\tmpzcs4jbaw\test_2.jpg
2026-02-14 08:35:06 | INFO     | face_detection:detectFaces:57 | 图片中未检测到人脸: C:\Users\ADMINI~1\AppData\Local\Temp\tmpzcs4jbaw\test_3.jpg
2026-02-14 08:35:06 | INFO     | face_detection:detectFaces:57 | 图片中未检测到人脸: C:\Users\ADMINI~1\AppData\Local\Temp\tmpzcs4jbaw\test_4.jpg
2026-02-14 08:35:06 | INFO     | face_search:searchFaces:174 | 搜索完成: 处理 5 个文件, 跳过 5 个文件, 找到 0 个匹配结果, 已取消: False
2026-02-14 08:35:06 | INFO     | face_search:searchFaces:70 | 开始搜索人脸: 文件夹=C:\Users\ADMINI~1\AppData\Local\Temp\tmpfny0uuxb, 阈值=0.3771686105308033
2026-02-14 08:35:06 | INFO     | face_search:searchFaces:83 | 扫描完成，找到 5 个图片文件
2026-02-14 08:35:06 | INFO     | face_detection:detectFaces:57 | 图片中未检测到人脸: C:\Users\ADMINI~1\AppData\Local\Temp\tmpfny0uuxb\test_0.jpg
2026-02-14 08:35:06 | INFO     | face_detection:detectFaces:57 | 图片中未检测到人脸: C:\Users\ADMINI~1\AppData\Local\Temp\tmpfny0uuxb\test_1.jpg
2026-02-14 08:35:06 | INFO     | face_detection:detectFaces:57 | 图片中未检测到人脸: C:\Users\ADMINI~1\AppData\Local\Temp\tmpfny0uuxb\test_2.jpg
2026-02-14 08:35:06 | INFO     | face_detection:detectFaces:57 | 图片中未检测到人脸: C:\Users\ADMINI~1\AppData\Local\Temp\tmpfny0uuxb\test_3.jpg
2026-02-14 08:35:06 | INFO     | face_detection:detectFaces:57 | 图片中未检测到人脸: C:\Users\ADMINI~1\AppData\Local\Temp\tmpfny0uuxb\test_4.jpg
2026-02-14 08:35:06 | INFO     | face_search:searchFaces:174 | 搜索完成: 处理 5 个文件, 跳过 5 个文件, 找到 0 个匹配结果, 已取消: False
2026-02-14 08:35:06 | INFO     | face_search:searchFaces:70 | 开始搜索人脸: 文件夹=C:\Users\ADMINI~1\AppData\Local\Temp\tmp0w_wpea7, 阈值=0.729878244750021
2026-02-14 08:35:06 | INFO     | face_search:searchFaces:83 | 扫描完成，找到 9 个图片文件
2026-02-14 08:35:06 | INFO     | face_detection:detectFaces:57 | 图片中未检测到人脸: C:\Users\ADMINI~1\AppData\Local\Temp\tmp0w_wpea7\test_0.jpg
2026-02-14 08:35:06 | INFO     | face_detection:detectFaces:57 | 图片中未检测到人脸: C:\Users\ADMINI~1\AppData\Local\Temp\tmp0w_wpea7\test_1.jpg
2026-02-14 08:35:06 | INFO     | face_detection:detectFaces:57 | 图片中未检测到人脸: C:\Users\ADMINI~1\AppData\Local\Temp\tmp0w_wpea7\test_2.jpg
2026-02-14 08:35:06 | INFO     | face_detection:detectFaces:57 | 图片中未检测到人脸: C:\Users\ADMINI~1\AppData\Local\Temp\tmp0w_wpea7\test_3.jpg
2026-02-14 08:35:06 | INFO     | face_detection:detectFaces:57 | 图片中未检测到人脸: C:\Users\ADMINI~1\AppData\Local\Temp\tmp0w_wpea7\test_4.jpg
2026-02-14 08:35:06 | INFO     | face_detection:detectFaces:57 | 图片中未检测到人脸: C:\Users\ADMINI~1\AppData\Local\Temp\tmp0w_wpea7\test_5.jpg
2026-02-14 08:35:06 | INFO     | face_detection:detectFaces:57 | 图片中未检测到人脸: C:\Users\ADMINI~1\AppData\Local\Temp\tmp0w_wpea7\test_6.jpg
2026-02-14 08:35:06 | INFO     | face_detection:detectFaces:57 | 图片中未检测到人脸: C:\Users\ADMINI~1\AppData\Local\Temp\tmp0w_wpea7\test_7.jpg
2026-02-14 08:35:06 | INFO     | face_detection:detectFaces:57 | 图片中未检测到人脸: C:\Users\ADMINI~1\AppData\Local\Temp\tmp0w_wpea7\test_8.jpg
2026-02-14 08:35:06 | INFO     | face_search:searchFaces:174 | 搜索完成: 处理 9 个文件, 跳过 9 个文件, 找到 0 个匹配结果, 已取消: False
2026-02-14 08:35:06 | INFO     | face_search:searchFaces:70 | 开始搜索人脸: 文件夹=C:\Users\ADMINI~1\AppData\Local\Temp\tmpectgde66, 阈值=0.8869122163644925
2026-02-14 08:35:06 | INFO     | face_search:searchFaces:83 | 扫描完成，找到 2 个图片文件
2026-02-14 08:35:06 | INFO     | face_detection:detectFaces:57 | 图片中未检测到人脸: C:\Users\ADMINI~1\AppData\Local\Temp\tmpectgde66\test_0.jpg
2026-02-14 08:35:06 | INFO     | face_detection:detectFaces:57 | 图片中未检测到人脸: C:\Users\ADMINI~1\AppData\Local\Temp\tmpectgde66\test_1.jpg
2026-02-14 08:35:06 | INFO     | face_search:searchFaces:174 | 搜索完成: 处理 2 个文件, 跳过 2 个文件, 找到 0 个匹配结果, 已取消: False
2026-02-14 08:35:06 | INFO     | face_search:searchFaces:70 | 开始搜索人脸: 文件夹=C:\Users\ADMINI~1\AppData\Local\Temp\tmpni87qf66, 阈值=0.04510823855385571
2026-02-14 08:35:06 | INFO     | face_search:searchFaces:83 | 扫描完成，找到 1 个图片文件
2026-02-14 08:35:06 | INFO     | face_detection:detectFaces:57 | 图片中未检测到人脸: C:\Users\ADMINI~1\AppData\Local\Temp\tmpni87qf66\test_0.jpg
2026-02-14 08:35:06 | INFO     | face_search:searchFaces:174 | 搜索完成: 处理 1 个文件, 跳过 1 个文件, 找到 0 个匹配结果, 已取消: False
2026-02-14 08:35:06 | INFO     | face_search:searchFaces:70 | 开始搜索人脸: 文件夹=C:\Users\ADMINI~1\AppData\Local\Temp\tmp84do23qk, 阈值=0.6096594747172422
2026-02-14 08:35:06 | INFO     | face_search:searchFaces:83 | 扫描完成，找到 1 个图片文件
2026-02-14 08:35:06 | INFO     | face_detection:detectFaces:57 | 图片中未检测到人脸: C:\Users\ADMINI~1\AppData\Local\Temp\tmp84do23qk\test_0.jpg
2026-02-14 08:35:06 | INFO     | face_search:searchFaces:174 | 搜索完成: 处理 1 个文件, 跳过 1 个文件, 找到 0 个匹配结果, 已取消: False
2026-02-14 08:35:06 | INFO     | face_search:searchFaces:70 | 开始搜索人脸: 文件夹=C:\Users\ADMINI~1\AppData\Local\Temp\tmpckybwjw7, 阈值=0.0798143676421479
2026-02-14 08:35:06 | INFO     | face_search:searchFaces:83 | 扫描完成，找到 4 个图片文件
2026-02-14 08:35:06 | INFO     | face_detection:detectFaces:57 | 图片中未检测到人脸: C:\Users\ADMINI~1\AppData\Local\Temp\tmpckybwjw7\test_0.jpg
2026-02-14 08:35:06 | INFO     | face_detection:detectFaces:57 | 图片中未检测到人脸: C:\Users\ADMINI~1\AppData\Local\Temp\tmpckybwjw7\test_1.jpg
2026-02-14 08:35:06 | INFO     | face_detection:detectFaces:57 | 图片中未检测到人脸: C:\Users\ADMINI~1\AppData\Local\Temp\tmpckybwjw7\test_2.jpg
2026-02-14 08:35:06 | INFO     | face_detection:detectFaces:57 | 图片中未检测到人脸: C:\Users\ADMINI~1\AppData\Local\Temp\tmpckybwjw7\test_3.jpg
2026-02-14 08:35:06 | INFO     | face_search:searchFaces:174 | 搜索完成: 处理 4 个文件, 跳过 4 个文件, 找到 0 个匹配结果, 已取消: False
2026-02-14 08:35:06 | INFO     | face_search:searchFaces:70 | 开始搜索人脸: 文件夹=C:\Users\ADMINI~1\AppData\Local\Temp\tmp47qwc4oz, 阈值=0.3268852175624449
2026-02-14 08:35:06 | INFO     | face_search:searchFaces:83 | 扫描完成，找到 1 个图片文件
2026-02-14 08:35:06 | INFO     | face_detection:detectFaces:57 | 图片中未检测到人脸: C:\Users\ADMINI~1\AppData\Local\Temp\tmp47qwc4oz\test_0.jpg
2026-02-14 08:35:06 | INFO     | face_search:searchFaces:174 | 搜索完成: 处理 1 个文件, 跳过 1 个文件, 找到 0 个匹配结果, 已取消: False
2026-02-14 08:35:06 | INFO     | face_search:searchFaces:70 | 开始搜索人脸: 文件夹=C:\Users\ADMINI~1\AppData\Local\Temp\tmp6bcjj4es, 阈值=0.8824327609367184
2026-02-14 08:35:06 | INFO     | face_search:searchFaces:83 | 扫描完成，找到 5 个图片文件
2026-02-14 08:35:06 | INFO     | face_detection:detectFaces:57 | 图片中未检测到人脸: C:\Users\ADMINI~1\AppData\Local\Temp\tmp6bcjj4es\test_0.jpg
2026-02-14 08:35:06 | INFO     | face_detection:detectFaces:57 | 图片中未检测到人脸: C:\Users\ADMINI~1\AppData\Local\Temp\tmp6bcjj4es\test_1.jpg
2026-02-14 08:35:06 | INFO     | face_detection:detectFaces:57 | 图片中未检测到人脸: C:\Users\ADMINI~1\AppData\Local\Temp\tmp6bcjj4es\test_2.jpg
2026-02-14 08:35:06 | INFO     | face_detection:detectFaces:57 | 图片中未检测到人脸: C:\Users\ADMINI~1\AppData\Local\Temp\tmp6bcjj4es\test_3.jpg
2026-02-14 08:35:06 | INFO     | face_detection:detectFaces:57 | 图片中未检测到人脸: C:\Users\ADMINI~1\AppData\Local\Temp\tmp6bcjj4es\test_4.jpg
2026-02-14 08:35:06 | INFO     | face_search:searchFaces:174 | 搜索完成: 处理 5 个文件, 跳过 5 个文件, 找到 0 个匹配结果, 已取消: False
2026-02-14 08:35:07 | INFO     | face_search:searchFaces:70 | 开始搜索人脸: 文件夹=C:\Users\ADMINI~1\AppData\Local\Temp\tmpublgxdyb, 阈值=0.6596908600692005
2026-02-14 08:35:07 | INFO     | face_search:searchFaces:83 | 扫描完成，找到 10 个图片文件
2026-02-14 08:35:07 | INFO     | face_detection:detectFaces:57 | 图片中未检测到人脸: C:\Users\ADMINI~1\AppData\Local\Temp\tmpublgxdyb\test_0.jpg
2026-02-14 08:35:07 | INFO     | face_detection:detectFaces:57 | 图片中未检测到人脸: C:\Users\ADMINI~1\AppData\Local\Temp\tmpublgxdyb\test_1.jpg
2026-02-14 08:35:07 | INFO     | face_detection:detectFaces:57 | 图片中未检测到人脸: C:\Users\ADMINI~1\AppData\Local\Temp\tmpublgxdyb\test_2.jpg
2026-02-14 08:35:07 | INFO     | face_detection:detectFaces:57 | 图片中未检测到人脸: C:\Users\ADMINI~1\AppData\Local\Temp\tmpublgxdyb\test_3.jpg
2026-02-14 08:35:07 | INFO     | face_detection:detectFaces:57 | 图片中未检测到人脸: C:\Users\ADMINI~1\AppData\Local\Temp\tmpublgxdyb\test_4.jpg
2026-02-14 08:35:07 | INFO     | face_detection:detectFaces:57 | 图片中未检测到人脸: C:\Users\ADMINI~1\AppData\Local\Temp\tmpublgxdyb\test_5.jpg
2026-02-14 08:35:07 | INFO     | face_detection:detectFaces:57 | 图片中未检测到人脸: C:\Users\ADMINI~1\AppData\Local\Temp\tmpublgxdyb\test_6.jpg
2026-02-14 08:35:07 | INFO     | face_detection:detectFaces:57 | 图片中未检测到人脸: C:\Users\ADMINI~1\AppData\Local\Temp\tmpublgxdyb\test_7.jpg
2026-02-14 08:35:07 | INFO     | face_detection:detectFaces:57 | 图片中未检测到人脸: C:\Users\ADMINI~1\AppData\Local\Temp\tmpublgxdyb\test_8.jpg
2026-02-14 08:35:07 | INFO     | face_detection:detectFaces:57 | 图片中未检测到人脸: C:\Users\ADMINI~1\AppData\Local\Temp\tmpublgxdyb\test_9.jpg
2026-02-14 08:35:07 | INFO     | face_search:searchFaces:174 | 搜索完成: 处理 10 个文件, 跳过 10 个文件, 找到 0 个匹配结果, 已取消: False
2026-02-14 08:35:07 | INFO     | face_search:searchFaces:70 | 开始搜索人脸: 文件夹=C:\Users\ADMINI~1\AppData\Local\Temp\tmpqrdt3ar4, 阈值=0.6596908600692005
2026-02-14 08:35:07 | INFO     | face_search:searchFaces:83 | 扫描完成，找到 10 个图片文件
2026-02-14 08:35:07 | INFO     | face_detection:detectFaces:57 | 图片中未检测到人脸: C:\Users\ADMINI~1\AppData\Local\Temp\tmpqrdt3ar4\test_0.jpg
2026-02-14 08:35:07 | INFO     | face_detection:detectFaces:57 | 图片中未检测到人脸: C:\Users\ADMINI~1\AppData\Local\Temp\tmpqrdt3ar4\test_1.jpg
2026-02-14 08:35:07 | INFO     | face_detection:detectFaces:57 | 图片中未检测到人脸: C:\Users\ADMINI~1\AppData\Local\Temp\tmpqrdt3ar4\test_2.jpg
2026-02-14 08:35:07 | INFO     | face_detection:detectFaces:57 | 图片中未检测到人脸: C:\Users\ADMINI~1\AppData\Local\Temp\tmpqrdt3ar4\test_3.jpg
2026-02-14 08:35:07 | INFO     | face_detection:detectFaces:57 | 图片中未检测到人脸: C:\Users\ADMINI~1\AppData\Local\Temp\tmpqrdt3ar4\test_4.jpg
2026-02-14 08:35:07 | INFO     | face_detection:detectFaces:57 | 图片中未检测到人脸: C:\Users\ADMINI~1\AppData\Local\Temp\tmpqrdt3ar4\test_5.jpg
2026-02-14 08:35:07 | INFO     | face_detection:detectFaces:57 | 图片中未检测到人脸: C:\Users\ADMINI~1\AppData\Local\Temp\tmpqrdt3ar4\test_6.jpg
2026-02-14 08:35:07 | INFO     | face_detection:detectFaces:57 | 图片中未检测到人脸: C:\Users\ADMINI~1\AppData\Local\Temp\tmpqrdt3ar4\test_7.jpg
2026-02-14 08:35:07 | INFO     | face_detection:detectFaces:57 | 图片中未检测到人脸: C:\Users\ADMINI~1\AppData\Local\Temp\tmpqrdt3ar4\test_8.jpg
2026-02-14 08:35:07 | INFO     | face_detection:detectFaces:57 | 图片中未检测到人脸: C:\Users\ADMINI~1\AppData\Local\Temp\tmpqrdt3ar4\test_9.jpg
2026-02-14 08:35:07 | INFO     | face_search:searchFaces:174 | 搜索完成: 处理 10 个文件, 跳过 10 个文件, 找到 0 个匹配结果, 已取消: False
2026-02-14 08:35:07 | INFO     | face_search:searchFaces:70 | 开始搜索人脸: 文件夹=C:\Users\ADMINI~1\AppData\Local\Temp\tmpjh7vechj, 阈值=0.6596908600692005
2026-02-14 08:35:07 | INFO     | face_search:searchFaces:83 | 扫描完成，找到 10 个图片文件
2026-02-14 08:35:07 | INFO     | face_detection:detectFaces:57 | 图片中未检测到人脸: C:\Users\ADMINI~1\AppData\Local\Temp\tmpjh7vechj\test_0.jpg
2026-02-14 08:35:07 | INFO     | face_detection:detectFaces:57 | 图片中未检测到人脸: C:\Users\ADMINI~1\AppData\Local\Temp\tmpjh7vechj\test_1.jpg
2026-02-14 08:35:07 | INFO     | face_detection:detectFaces:57 | 图片中未检测到人脸: C:\Users\ADMINI~1\AppData\Local\Temp\tmpjh7vechj\test_2.jpg
2026-02-14 08:35:07 | INFO     | face_detection:detectFaces:57 | 图片中未检测到人脸: C:\Users\ADMINI~1\AppData\Local\Temp\tmpjh7vechj\test_3.jpg
2026-02-14 08:35:07 | INFO     | face_detection:detectFaces:57 | 图片中未检测到人脸: C:\Users\ADMINI~1\AppData\Local\Temp\tmpjh7vechj\test_4.jpg
2026-02-14 08:35:07 | INFO     | face_detection:detectFaces:57 | 图片中未检测到人脸: C:\Users\ADMINI~1\AppData\Local\Temp\tmpjh7vechj\test_5.jpg
2026-02-14 08:35:07 | INFO     | face_detection:detectFaces:57 | 图片中未检测到人脸: C:\Users\ADMINI~1\AppData\Local\Temp\tmpjh7vechj\test_6.jpg
2026-02-14 08:35:07 | INFO     | face_detection:detectFaces:57 | 图片中未检测到人脸: C:\Users\ADMINI~1\AppData\Local\Temp\tmpjh7vechj\test_7.jpg
2026-02-14 08:35:07 | INFO     | face_detection:detectFaces:57 | 图片中未检测到人脸: C:\Users\ADMINI~1\AppData\Local\Temp\tmpjh7vechj\test_8.jpg
2026-02-14 08:35:07 | INFO     | face_detection:detectFaces:57 | 图片中未检测到人脸: C:\Users\ADMINI~1\AppData\Local\Temp\tmpjh7vechj\test_9.jpg
2026-02-14 08:35:07 | INFO     | face_search:searchFaces:174 | 搜索完成: 处理 10 个文件, 跳过 10 个文件, 找到 0 个匹配结果, 已取消: False
2026-02-14 08:35:07 | INFO     | face_search:searchFaces:70 | 开始搜索人脸: 文件夹=C:\Users\ADMINI~1\AppData\Local\Temp\tmp19vwkla7, 阈值=0.6596908600692005
2026-02-14 08:35:07 | INFO     | face_search:searchFaces:83 | 扫描完成，找到 10 个图片文件
2026-02-14 08:35:07 | INFO     | face_detection:detectFaces:57 | 图片中未检测到人脸: C:\Users\ADMINI~1\AppData\Local\Temp\tmp19vwkla7\test_0.jpg
2026-02-14 08:35:07 | INFO     | face_detection:detectFaces:57 | 图片中未检测到人脸: C:\Users\ADMINI~1\AppData\Local\Temp\tmp19vwkla7\test_1.jpg
2026-02-14 08:35:07 | INFO     | face_detection:detectFaces:57 | 图片中未检测到人脸: C:\Users\ADMINI~1\AppData\Local\Temp\tmp19vwkla7\test_2.jpg
2026-02-14 08:35:07 | INFO     | face_detection:detectFaces:57 | 图片中未检测到人脸: C:\Users\ADMINI~1\AppData\Local\Temp\tmp19vwkla7\test_3.jpg
2026-02-14 08:35:07 | INFO     | face_detection:detectFaces:57 | 图片中未检测到人脸: C:\Users\ADMINI~1\AppData\Local\Temp\tmp19vwkla7\test_4.jpg
2026-02-14 08:35:07 | INFO     | face_detection:detectFaces:57 | 图片中未检测到人脸: C:\Users\ADMINI~1\AppData\Local\Temp\tmp19vwkla7\test_5.jpg
2026-02-14 08:35:07 | INFO     | face_detection:detectFaces:57 | 图片中未检测到人脸: C:\Users\ADMINI~1\AppData\Local\Temp\tmp19vwkla7\test_6.jpg
2026-02-14 08:35:07 | INFO     | face_detection:detectFaces:57 | 图片中未检测到人脸: C:\Users\ADMINI~1\AppData\Local\Temp\tmp19vwkla7\test_7.jpg
2026-02-14 08:35:07 | INFO     | face_detection:detectFaces:57 | 图片中未检测到人脸: C:\Users\ADMINI~1\AppData\Local\Temp\tmp19vwkla7\test_8.jpg
2026-02-14 08:35:07 | INFO     | face_detection:detectFaces:57 | 图片中未检测到人脸: C:\Users\ADMINI~1\AppData\Local\Temp\tmp19vwkla7\test_9.jpg
2026-02-14 08:35:07 | INFO     | face_search:searchFaces:174 | 搜索完成: 处理 10 个文件, 跳过 10 个文件, 找到 0 个匹配结果, 已取消: False
2026-02-14 08:35:08 | INFO     | face_search:searchFaces:70 | 开始搜索人脸: 文件夹=C:\Users\ADMINI~1\AppData\Local\Temp\tmpl4roa0_k, 阈值=0.6596908600692005
2026-02-14 08:35:08 | INFO     | face_search:searchFaces:83 | 扫描完成，找到 10 个图片文件
2026-02-14 08:35:08 | INFO     | face_detection:detectFaces:57 | 图片中未检测到人脸: C:\Users\ADMINI~1\AppData\Local\Temp\tmpl4roa0_k\test_0.jpg
2026-02-14 08:35:08 | INFO     | face_detection:detectFaces:57 | 图片中未检测到人脸: C:\Users\ADMINI~1\AppData\Local\Temp\tmpl4roa0_k\test_1.jpg
2026-02-14 08:35:08 | INFO     | face_detection:detectFaces:57 | 图片中未检测到人脸: C:\Users\ADMINI~1\AppData\Local\Temp\tmpl4roa0_k\test_2.jpg
2026-02-14 08:35:08 | INFO     | face_detection:detectFaces:57 | 图片中未检测到人脸: C:\Users\ADMINI~1\AppData\Local\Temp\tmpl4roa0_k\test_3.jpg
2026-02-14 08:35:08 | INFO     | face_detection:detectFaces:57 | 图片中未检测到人脸: C:\Users\ADMINI~1\AppData\Local\Temp\tmpl4roa0_k\test_4.jpg
2026-02-14 08:35:08 | INFO     | face_detection:detectFaces:57 | 图片中未检测到人脸: C:\Users\ADMINI~1\AppData\Local\Temp\tmpl4roa0_k\test_5.jpg
2026-02-14 08:35:08 | INFO     | face_detection:detectFaces:57 | 图片中未检测到人脸: C:\Users\ADMINI~1\AppData\Local\Temp\tmpl4roa0_k\test_6.jpg
2026-02-14 08:35:08 | INFO     | face_detection:detectFaces:57 | 图片中未检测到人脸: C:\Users\ADMINI~1\AppData\Local\Temp\tmpl4roa0_k\test_7.jpg
2026-02-14 08:35:08 | INFO     | face_detection:detectFaces:57 | 图片中未检测到人脸: C:\Users\ADMINI~1\AppData\Local\Temp\tmpl4roa0_k\test_8.jpg
2026-02-14 08:35:08 | INFO     | face_detection:detectFaces:57 | 图片中未检测到人脸: C:\Users\ADMINI~1\AppData\Local\Temp\tmpl4roa0_k\test_9.jpg
2026-02-14 08:35:08 | INFO     | face_search:searchFaces:174 | 搜索完成: 处理 10 个文件, 跳过 10 个文件, 找到 0 个匹配结果, 已取消: False
2026-02-14 08:35:08 | INFO     | face_search:searchFaces:70 | 开始搜索人脸: 文件夹=C:\Users\ADMINI~1\AppData\Local\Temp\tmp1_q1wx6j, 阈值=0.6596908600692005
2026-02-14 08:35:08 | INFO     | face_search:searchFaces:83 | 扫描完成，找到 10 个图片文件
2026-02-14 08:35:08 | INFO     | face_detection:detectFaces:57 | 图片中未检测到人脸: C:\Users\ADMINI~1\AppData\Local\Temp\tmp1_q1wx6j\test_0.jpg
2026-02-14 08:35:08 | INFO     | face_detection:detectFaces:57 | 图片中未检测到人脸: C:\Users\ADMINI~1\AppData\Local\Temp\tmp1_q1wx6j\test_1.jpg
2026-02-14 08:35:08 | INFO     | face_detection:detectFaces:57 | 图片中未检测到人脸: C:\Users\ADMINI~1\AppData\Local\Temp\tmp1_q1wx6j\test_2.jpg
2026-02-14 08:35:08 | INFO     | face_detection:detectFaces:57 | 图片中未检测到人脸: C:\Users\ADMINI~1\AppData\Local\Temp\tmp1_q1wx6j\test_3.jpg
2026-02-14 08:35:08 | INFO     | face_detection:detectFaces:57 | 图片中未检测到人脸: C:\Users\ADMINI~1\AppData\Local\Temp\tmp1_q1wx6j\test_4.jpg
2026-02-14 08:35:08 | INFO     | face_detection:detectFaces:57 | 图片中未检测到人脸: C:\Users\ADMINI~1\AppData\Local\Temp\tmp1_q1wx6j\test_5.jpg
2026-02-14 08:35:08 | INFO     | face_detection:detectFaces:57 | 图片中未检测到人脸: C:\Users\ADMINI~1\AppData\Local\Temp\tmp1_q1wx6j\test_6.jpg
2026-02-14 08:35:08 | INFO     | face_detection:detectFaces:57 | 图片中未检测到人脸: C:\Users\ADMINI~1\AppData\Local\Temp\tmp1_q1wx6j\test_7.jpg
2026-02-14 08:35:08 | INFO     | face_detection:detectFaces:57 | 图片中未检测到人脸: C:\Users\ADMINI~1\AppData\Local\Temp\tmp1_q1wx6j\test_8.jpg
2026-02-14 08:35:08 | INFO     | face_detection:detectFaces:57 | 图片中未检测到人脸: C:\Users\ADMINI~1\AppData\Local\Temp\tmp1_q1wx6j\test_9.jpg
2026-02-14 08:35:08 | INFO     | face_search:searchFaces:174 | 搜索完成: 处理 10 个文件, 跳过 10 个文件, 找到 0 个匹配结果, 已取消: False
2026-02-14 08:35:08 | INFO     | face_search:searchFaces:70 | 开始搜索人脸: 文件夹=C:\Users\ADMINI~1\AppData\Local\Temp\tmpnirj_xd4, 阈值=0.6596908600692005
2026-02-14 08:35:08 | INFO     | face_search:searchFaces:83 | 扫描完成，找到 10 个图片文件
2026-02-14 08:35:08 | INFO     | face_detection:detectFaces:57 | 图片中未检测到人脸: C:\Users\ADMINI~1\AppData\Local\Temp\tmpnirj_xd4\test_0.jpg
2026-02-14 08:35:08 | INFO     | face_detection:detectFaces:57 | 图片中未检测到人脸: C:\Users\ADMINI~1\AppData\Local\Temp\tmpnirj_xd4\test_1.jpg
2026-02-14 08:35:08 | INFO     | face_detection:detectFaces:57 | 图片中未检测到人脸: C:\Users\ADMINI~1\AppData\Local\Temp\tmpnirj_xd4\test_2.jpg
2026-02-14 08:35:08 | INFO     | face_detection:detectFaces:57 | 图片中未检测到人脸: C:\Users\ADMINI~1\AppData\Local\Temp\tmpnirj_xd4\test_3.jpg
2026-02-14 08:35:08 | INFO     | face_detection:detectFaces:57 | 图片中未检测到人脸: C:\Users\ADMINI~1\AppData\Local\Temp\tmpnirj_xd4\test_4.jpg
2026-02-14 08:35:08 | INFO     | face_detection:detectFaces:57 | 图片中未检测到人脸: C:\Users\ADMINI~1\AppData\Local\Temp\tmpnirj_xd4\test_5.jpg
2026-02-14 08:35:08 | INFO     | face_detection:detectFaces:57 | 图片中未检测到人脸: C:\Users\ADMINI~1\AppData\Local\Temp\tmpnirj_xd4\test_6.jpg
2026-02-14 08:35:08 | INFO     | face_detection:detectFaces:57 | 图片中未检测到人脸: C:\Users\ADMINI~1\AppData\Local\Temp\tmpnirj_xd4\test_7.jpg
2026-02-14 08:35:08 | INFO     | face_detection:detectFaces:57 | 图片中未检测到人脸: C:\Users\ADMINI~1\AppData\Local\Temp\tmpnirj_xd4\test_8.jpg
2026-02-14 08:35:08 | INFO     | face_detection:detectFaces:57 | 图片中未检测到人脸: C:\Users\ADMINI~1\AppData\Local\Temp\tmpnirj_xd4\test_9.jpg
2026-02-14 08:35:08 | INFO     | face_search:searchFaces:174 | 搜索完成: 处理 10 个文件, 跳过 10 个文件, 找到 0 个匹配结果, 已取消: False
2026-02-14 08:35:08 | INFO     | face_search:searchFaces:70 | 开始搜索人脸: 文件夹=C:\Users\ADMINI~1\AppData\Local\Temp\tmpub1djhjo, 阈值=0.4586240985886946
2026-02-14 08:35:08 | INFO     | face_search:searchFaces:83 | 扫描完成，找到 3 个图片文件
2026-02-14 08:35:08 | INFO     | face_detection:detectFaces:57 | 图片中未检测到人脸: C:\Users\ADMINI~1\AppData\Local\Temp\tmpub1djhjo\test_0.jpg
2026-02-14 08:35:08 | INFO     | face_detection:detectFaces:57 | 图片中未检测到人脸: C:\Users\ADMINI~1\AppData\Local\Temp\tmpub1djhjo\test_1.jpg
2026-02-14 08:35:08 | INFO     | face_detection:detectFaces:57 | 图片中未检测到人脸: C:\Users\ADMINI~1\AppData\Local\Temp\tmpub1djhjo\test_2.jpg
2026-02-14 08:35:08 | INFO     | face_search:searchFaces:174 | 搜索完成: 处理 3 个文件, 跳过 3 个文件, 找到 0 个匹配结果, 已取消: False
2026-02-14 08:35:08 | INFO     | face_search:searchFaces:70 | 开始搜索人脸: 文件夹=C:\Users\ADMINI~1\AppData\Local\Temp\tmpq9o579r1, 阈值=0.4586240985886946
2026-02-14 08:35:08 | INFO     | face_search:searchFaces:83 | 扫描完成，找到 3 个图片文件
2026-02-14 08:35:08 | INFO     | face_detection:detectFaces:57 | 图片中未检测到人脸: C:\Users\ADMINI~1\AppData\Local\Temp\tmpq9o579r1\test_0.jpg
2026-02-14 08:35:08 | INFO     | face_detection:detectFaces:57 | 图片中未检测到人脸: C:\Users\ADMINI~1\AppData\Local\Temp\tmpq9o579r1\test_1.jpg
2026-02-14 08:35:08 | INFO     | face_detection:detectFaces:57 | 图片中未检测到人脸: C:\Users\ADMINI~1\AppData\Local\Temp\tmpq9o579r1\test_2.jpg
2026-02-14 08:35:08 | INFO     | face_search:searchFaces:174 | 搜索完成: 处理 3 个文件, 跳过 3 个文件, 找到 0 个匹配结果, 已取消: False
2026-02-14 08:35:08 | INFO     | face_search:searchFaces:70 | 开始搜索人脸: 文件夹=C:\Users\ADMINI~1\AppData\Local\Temp\tmpfdkylb1i, 阈值=0.4586240985886946
2026-02-14 08:35:08 | INFO     | face_search:searchFaces:83 | 扫描完成，找到 3 个图片文件
2026-02-14 08:35:08 | INFO     | face_detection:detectFaces:57 | 图片中未检测到人脸: C:\Users\ADMINI~1\AppData\Local\Temp\tmpfdkylb1i\test_0.jpg
2026-02-14 08:35:08 | INFO     | face_detection:detectFaces:57 | 图片中未检测到人脸: C:\Users\ADMINI~1\AppData\Local\Temp\tmpfdkylb1i\test_1.jpg
2026-02-14 08:35:08 | INFO     | face_detection:detectFaces:57 | 图片中未检测到人脸: C:\Users\ADMINI~1\AppData\Local\Temp\tmpfdkylb1i\test_2.jpg
2026-02-14 08:35:08 | INFO     | face_search:searchFaces:174 | 搜索完成: 处理 3 个文件, 跳过 3 个文件, 找到 0 个匹配结果, 已取消: False
2026-02-14 08:35:09 | INFO     | face_search:searchFaces:70 | 开始搜索人脸: 文件夹=C:\Users\ADMINI~1\AppData\Local\Temp\tmplgncqycc, 阈值=0.3
2026-02-14 08:35:09 | INFO     | face_search:searchFaces:83 | 扫描完成，找到 5 个图片文件
2026-02-14 08:35:09 | INFO     | face_detection:detectFaces:57 | 图片中未检测到人脸: C:\Users\ADMINI~1\AppData\Local\Temp\tmplgncqycc\test_0.jpg
2026-02-14 08:35:09 | INFO     | face_detection:detectFaces:57 | 图片中未检测到人脸: C:\Users\ADMINI~1\AppData\Local\Temp\tmplgncqycc\test_1.jpg
2026-02-14 08:35:09 | INFO     | face_detection:detectFaces:57 | 图片中未检测到人脸: C:\Users\ADMINI~1\AppData\Local\Temp\tmplgncqycc\test_2.jpg
2026-02-14 08:35:09 | INFO     | face_detection:detectFaces:57 | 图片中未检测到人脸: C:\Users\ADMINI~1\AppData\Local\Temp\tmplgncqycc\test_3.jpg
2026-02-14 08:35:09 | INFO     | face_detection:detectFaces:57 | 图片中未检测到人脸: C:\Users\ADMINI~1\AppData\Local\Temp\tmplgncqycc\test_4.jpg
2026-02-14 08:35:09 | INFO     | face_search:searchFaces:174 | 搜索完成: 处理 5 个文件, 跳过 5 个文件, 找到 0 个匹配结果, 已取消: False
2026-02-14 08:35:09 | INFO     | face_search:searchFaces:70 | 开始搜索人脸: 文件夹=C:\Users\ADMINI~1\AppData\Local\Temp\tmplgncqycc, 阈值=0.7
2026-02-14 08:35:09 | INFO     | face_search:searchFaces:83 | 扫描完成，找到 5 个图片文件
2026-02-14 08:35:09 | INFO     | face_detection:detectFaces:57 | 图片中未检测到人脸: C:\Users\ADMINI~1\AppData\Local\Temp\tmplgncqycc\test_0.jpg
2026-02-14 08:35:09 | INFO     | face_detection:detectFaces:57 | 图片中未检测到人脸: C:\Users\ADMINI~1\AppData\Local\Temp\tmplgncqycc\test_1.jpg
2026-02-14 08:35:09 | INFO     | face_detection:detectFaces:57 | 图片中未检测到人脸: C:\Users\ADMINI~1\AppData\Local\Temp\tmplgncqycc\test_2.jpg
2026-02-14 08:35:09 | INFO     | face_detection:detectFaces:57 | 图片中未检测到人脸: C:\Users\ADMINI~1\AppData\Local\Temp\tmplgncqycc\test_3.jpg
2026-02-14 08:35:09 | INFO     | face_detection:detectFaces:57 | 图片中未检测到人脸: C:\Users\ADMINI~1\AppData\Local\Temp\tmplgncqycc\test_4.jpg
2026-02-14 08:35:09 | INFO     | face_search:searchFaces:174 | 搜索完成: 处理 5 个文件, 跳过 5 个文件, 找到 0 个匹配结果, 已取消: False
2026-02-14 08:35:09 | INFO     | face_search:searchFaces:70 | 开始搜索人脸: 文件夹=C:\Users\ADMINI~1\AppData\Local\Temp\tmpepy5ylq6, 阈值=0.3
2026-02-14 08:35:09 | INFO     | face_search:searchFaces:83 | 扫描完成，找到 5 个图片文件
2026-02-14 08:35:09 | INFO     | face_detection:detectFaces:57 | 图片中未检测到人脸: C:\Users\ADMINI~1\AppData\Local\Temp\tmpepy5ylq6\test_0.jpg
2026-02-14 08:35:09 | INFO     | face_detection:detectFaces:57 | 图片中未检测到人脸: C:\Users\ADMINI~1\AppData\Local\Temp\tmpepy5ylq6\test_1.jpg
2026-02-14 08:35:09 | INFO     | face_detection:detectFaces:57 | 图片中未检测到人脸: C:\Users\ADMINI~1\AppData\Local\Temp\tmpepy5ylq6\test_2.jpg
2026-02-14 08:35:09 | INFO     | face_detection:detectFaces:57 | 图片中未检测到人脸: C:\Users\ADMINI~1\AppData\Local\Temp\tmpepy5ylq6\test_3.jpg
2026-02-14 08:35:09 | INFO     | face_detection:detectFaces:57 | 图片中未检测到人脸: C:\Users\ADMINI~1\AppData\Local\Temp\tmpepy5ylq6\test_4.jpg
2026-02-14 08:35:09 | INFO     | face_search:searchFaces:174 | 搜索完成: 处理 5 个文件, 跳过 5 个文件, 找到 0 个匹配结果, 已取消: False
2026-02-14 08:35:09 | INFO     | face_search:searchFaces:70 | 开始搜索人脸: 文件夹=C:\Users\ADMINI~1\AppData\Local\Temp\tmpepy5ylq6, 阈值=0.7
2026-02-14 08:35:09 | INFO     | face_search:searchFaces:83 | 扫描完成，找到 5 个图片文件
2026-02-14 08:35:09 | INFO     | face_detection:detectFaces:57 | 图片中未检测到人脸: C:\Users\ADMINI~1\AppData\Local\Temp\tmpepy5ylq6\test_0.jpg
2026-02-14 08:35:09 | INFO     | face_detection:detectFaces:57 | 图片中未检测到人脸: C:\Users\ADMINI~1\AppData\Local\Temp\tmpepy5ylq6\test_1.jpg
2026-02-14 08:35:09 | INFO     | face_detection:detectFaces:57 | 图片中未检测到人脸: C:\Users\ADMINI~1\AppData\Local\Temp\tmpepy5ylq6\test_2.jpg
2026-02-14 08:35:09 | INFO     | face_detection:detectFaces:57 | 图片中未检测到人脸: C:\Users\ADMINI~1\AppData\Local\Temp\tmpepy5ylq6\test_3.jpg
2026-02-14 08:35:09 | INFO     | face_detection:detectFaces:57 | 图片中未检测到人脸: C:\Users\ADMINI~1\AppData\Local\Temp\tmpepy5ylq6\test_4.jpg
2026-02-14 08:35:09 | INFO     | face_search:searchFaces:174 | 搜索完成: 处理 5 个文件, 跳过 5 个文件, 找到 0 个匹配结果, 已取消: False
2026-02-14 08:35:09 | INFO     | face_search:searchFaces:70 | 开始搜索人脸: 文件夹=C:\Users\ADMINI~1\AppData\Local\Temp\tmpnm9iflr6, 阈值=0.3
2026-02-14 08:35:09 | INFO     | face_search:searchFaces:83 | 扫描完成，找到 5 个图片文件
2026-02-14 08:35:09 | INFO     | face_detection:detectFaces:57 | 图片中未检测到人脸: C:\Users\ADMINI~1\AppData\Local\Temp\tmpnm9iflr6\test_0.jpg
2026-02-14 08:35:09 | INFO     | face_detection:detectFaces:57 | 图片中未检测到人脸: C:\Users\ADMINI~1\AppData\Local\Temp\tmpnm9iflr6\test_1.jpg
2026-02-14 08:35:09 | INFO     | face_detection:detectFaces:57 | 图片中未检测到人脸: C:\Users\ADMINI~1\AppData\Local\Temp\tmpnm9iflr6\test_2.jpg
2026-02-14 08:35:09 | INFO     | face_detection:detectFaces:57 | 图片中未检测到人脸: C:\Users\ADMINI~1\AppData\Local\Temp\tmpnm9iflr6\test_3.jpg
2026-02-14 08:35:09 | INFO     | face_detection:detectFaces:57 | 图片中未检测到人脸: C:\Users\ADMINI~1\AppData\Local\Temp\tmpnm9iflr6\test_4.jpg
2026-02-14 08:35:09 | INFO     | face_search:searchFaces:174 | 搜索完成: 处理 5 个文件, 跳过 5 个文件, 找到 0 个匹配结果, 已取消: False
2026-02-14 08:35:09 | INFO     | face_search:searchFaces:70 | 开始搜索人脸: 文件夹=C:\Users\ADMINI~1\AppData\Local\Temp\tmpnm9iflr6, 阈值=0.7
2026-02-14 08:35:09 | INFO     | face_search:searchFaces:83 | 扫描完成，找到 5 个图片文件
2026-02-14 08:35:09 | INFO     | face_detection:detectFaces:57 | 图片中未检测到人脸: C:\Users\ADMINI~1\AppData\Local\Temp\tmpnm9iflr6\test_0.jpg
2026-02-14 08:35:09 | INFO     | face_detection:detectFaces:57 | 图片中未检测到人脸: C:\Users\ADMINI~1\AppData\Local\Temp\tmpnm9iflr6\test_1.jpg
2026-02-14 08:35:09 | INFO     | face_detection:detectFaces:57 | 图片中未检测到人脸: C:\Users\ADMINI~1\AppData\Local\Temp\tmpnm9iflr6\test_2.jpg
2026-02-14 08:35:09 | INFO     | face_detection:detectFaces:57 | 图片中未检测到人脸: C:\Users\ADMINI~1\AppData\Local\Temp\tmpnm9iflr6\test_3.jpg
2026-02-14 08:35:09 | INFO     | face_detection:detectFaces:57 | 图片中未检测到人脸: C:\Users\ADMINI~1\AppData\Local\Temp\tmpnm9iflr6\test_4.jpg
2026-02-14 08:35:09 | INFO     | face_search:searchFaces:174 | 搜索完成: 处理 5 个文件, 跳过 5 个文件, 找到 0 个匹配结果, 已取消: False
2026-02-14 08:35:09 | INFO     | face_search:searchFaces:70 | 开始搜索人脸: 文件夹=C:\Users\ADMINI~1\AppData\Local\Temp\tmp7lgohwrj, 阈值=0.3
2026-02-14 08:35:09 | INFO     | face_search:searchFaces:83 | 扫描完成，找到 5 个图片文件
2026-02-14 08:35:09 | INFO     | face_detection:detectFaces:57 | 图片中未检测到人脸: C:\Users\ADMINI~1\AppData\Local\Temp\tmp7lgohwrj\test_0.jpg
2026-02-14 08:35:09 | INFO     | face_detection:detectFaces:57 | 图片中未检测到人脸: C:\Users\ADMINI~1\AppData\Local\Temp\tmp7lgohwrj\test_1.jpg
2026-02-14 08:35:09 | INFO     | face_detection:detectFaces:57 | 图片中未检测到人脸: C:\Users\ADMINI~1\AppData\Local\Temp\tmp7lgohwrj\test_2.jpg
2026-02-14 08:35:09 | INFO     | face_detection:detectFaces:57 | 图片中未检测到人脸: C:\Users\ADMINI~1\AppData\Local\Temp\tmp7lgohwrj\test_3.jpg
2026-02-14 08:35:09 | INFO     | face_detection:detectFaces:57 | 图片中未检测到人脸: C:\Users\ADMINI~1\AppData\Local\Temp\tmp7lgohwrj\test_4.jpg
2026-02-14 08:35:09 | INFO     | face_search:searchFaces:174 | 搜索完成: 处理 5 个文件, 跳过 5 个文件, 找到 0 个匹配结果, 已取消: False
2026-02-14 08:35:09 | INFO     | face_search:searchFaces:70 | 开始搜索人脸: 文件夹=C:\Users\ADMINI~1\AppData\Local\Temp\tmp7lgohwrj, 阈值=0.7
2026-02-14 08:35:09 | INFO     | face_search:searchFaces:83 | 扫描完成，找到 5 个图片文件
2026-02-14 08:35:09 | INFO     | face_detection:detectFaces:57 | 图片中未检测到人脸: C:\Users\ADMINI~1\AppData\Local\Temp\tmp7lgohwrj\test_0.jpg
2026-02-14 08:35:09 | INFO     | face_detection:detectFaces:57 | 图片中未检测到人脸: C:\Users\ADMINI~1\AppData\Local\Temp\tmp7lgohwrj\test_1.jpg
2026-02-14 08:35:09 | INFO     | face_detection:detectFaces:57 | 图片中未检测到人脸: C:\Users\ADMINI~1\AppData\Local\Temp\tmp7lgohwrj\test_2.jpg
2026-02-14 08:35:09 | INFO     | face_detection:detectFaces:57 | 图片中未检测到人脸: C:\Users\ADMINI~1\AppData\Local\Temp\tmp7lgohwrj\test_3.jpg
2026-02-14 08:35:09 | INFO     | face_detection:detectFaces:57 | 图片中未检测到人脸: C:\Users\ADMINI~1\AppData\Local\Temp\tmp7lgohwrj\test_4.jpg
2026-02-14 08:35:09 | INFO     | face_search:searchFaces:174 | 搜索完成: 处理 5 个文件, 跳过 5 个文件, 找到 0 个匹配结果, 已取消: False
2026-02-14 08:35:09 | INFO     | face_search:searchFaces:70 | 开始搜索人脸: 文件夹=C:\Users\ADMINI~1\AppData\Local\Temp\tmpfbc4eper, 阈值=0.3
2026-02-14 08:35:09 | INFO     | face_search:searchFaces:83 | 扫描完成，找到 5 个图片文件
2026-02-14 08:35:09 | INFO     | face_detection:detectFaces:57 | 图片中未检测到人脸: C:\Users\ADMINI~1\AppData\Local\Temp\tmpfbc4eper\test_0.jpg
2026-02-14 08:35:09 | INFO     | face_detection:detectFaces:57 | 图片中未检测到人脸: C:\Users\ADMINI~1\AppData\Local\Temp\tmpfbc4eper\test_1.jpg
2026-02-14 08:35:09 | INFO     | face_detection:detectFaces:57 | 图片中未检测到人脸: C:\Users\ADMINI~1\AppData\Local\Temp\tmpfbc4eper\test_2.jpg
2026-02-14 08:35:09 | INFO     | face_detection:detectFaces:57 | 图片中未检测到人脸: C:\Users\ADMINI~1\AppData\Local\Temp\tmpfbc4eper\test_3.jpg
2026-02-14 08:35:09 | INFO     | face_detection:detectFaces:57 | 图片中未检测到人脸: C:\Users\ADMINI~1\AppData\Local\Temp\tmpfbc4eper\test_4.jpg
2026-02-14 08:35:09 | INFO     | face_search:searchFaces:174 | 搜索完成: 处理 5 个文件, 跳过 5 个文件, 找到 0 个匹配结果, 已取消: False
2026-02-14 08:35:09 | INFO     | face_search:searchFaces:70 | 开始搜索人脸: 文件夹=C:\Users\ADMINI~1\AppData\Local\Temp\tmpfbc4eper, 阈值=0.7
2026-02-14 08:35:09 | INFO     | face_search:searchFaces:83 | 扫描完成，找到 5 个图片文件
2026-02-14 08:35:09 | INFO     | face_detection:detectFaces:57 | 图片中未检测到人脸: C:\Users\ADMINI~1\AppData\Local\Temp\tmpfbc4eper\test_0.jpg
2026-02-14 08:35:09 | INFO     | face_detection:detectFaces:57 | 图片中未检测到人脸: C:\Users\ADMINI~1\AppData\Local\Temp\tmpfbc4eper\test_1.jpg
2026-02-14 08:35:09 | INFO     | face_detection:detectFaces:57 | 图片中未检测到人脸: C:\Users\ADMINI~1\AppData\Local\Temp\tmpfbc4eper\test_2.jpg
2026-02-14 08:35:09 | INFO     | face_detection:detectFaces:57 | 图片中未检测到人脸: C:\Users\ADMINI~1\AppData\Local\Temp\tmpfbc4eper\test_3.jpg
2026-02-14 08:35:09 | INFO     | face_detection:detectFaces:57 | 图片中未检测到人脸: C:\Users\ADMINI~1\AppData\Local\Temp\tmpfbc4eper\test_4.jpg
2026-02-14 08:35:09 | INFO     | face_search:searchFaces:174 | 搜索完成: 处理 5 个文件, 跳过 5 个文件, 找到 0 个匹配结果, 已取消: False
2026-02-14 08:35:10 | INFO     | face_search:searchFaces:70 | 开始搜索人脸: 文件夹=C:\Users\ADMINI~1\AppData\Local\Temp\tmpqy_xw_hm, 阈值=0.3
2026-02-14 08:35:10 | INFO     | face_search:searchFaces:83 | 扫描完成，找到 5 个图片文件
2026-02-14 08:35:10 | INFO     | face_detection:detectFaces:57 | 图片中未检测到人脸: C:\Users\ADMINI~1\AppData\Local\Temp\tmpqy_xw_hm\test_0.jpg
2026-02-14 08:35:10 | INFO     | face_detection:detectFaces:57 | 图片中未检测到人脸: C:\Users\ADMINI~1\AppData\Local\Temp\tmpqy_xw_hm\test_1.jpg
2026-02-14 08:35:10 | INFO     | face_detection:detectFaces:57 | 图片中未检测到人脸: C:\Users\ADMINI~1\AppData\Local\Temp\tmpqy_xw_hm\test_2.jpg
2026-02-14 08:35:10 | INFO     | face_detection:detectFaces:57 | 图片中未检测到人脸: C:\Users\ADMINI~1\AppData\Local\Temp\tmpqy_xw_hm\test_3.jpg
2026-02-14 08:35:10 | INFO     | face_detection:detectFaces:57 | 图片中未检测到人脸: C:\Users\ADMINI~1\AppData\Local\Temp\tmpqy_xw_hm\test_4.jpg
2026-02-14 08:35:10 | INFO     | face_search:searchFaces:174 | 搜索完成: 处理 5 个文件, 跳过 5 个文件, 找到 0 个匹配结果, 已取消: False
2026-02-14 08:35:10 | INFO     | face_search:searchFaces:70 | 开始搜索人脸: 文件夹=C:\Users\ADMINI~1\AppData\Local\Temp\tmpqy_xw_hm, 阈值=0.7
2026-02-14 08:35:10 | INFO     | face_search:searchFaces:83 | 扫描完成，找到 5 个图片文件
2026-02-14 08:35:10 | INFO     | face_detection:detectFaces:57 | 图片中未检测到人脸: C:\Users\ADMINI~1\AppData\Local\Temp\tmpqy_xw_hm\test_0.jpg
2026-02-14 08:35:10 | INFO     | face_detection:detectFaces:57 | 图片中未检测到人脸: C:\Users\ADMINI~1\AppData\Local\Temp\tmpqy_xw_hm\test_1.jpg
2026-02-14 08:35:10 | INFO     | face_detection:detectFaces:57 | 图片中未检测到人脸: C:\Users\ADMINI~1\AppData\Local\Temp\tmpqy_xw_hm\test_2.jpg
2026-02-14 08:35:10 | INFO     | face_detection:detectFaces:57 | 图片中未检测到人脸: C:\Users\ADMINI~1\AppData\Local\Temp\tmpqy_xw_hm\test_3.jpg
2026-02-14 08:35:10 | INFO     | face_detection:detectFaces:57 | 图片中未检测到人脸: C:\Users\ADMINI~1\AppData\Local\Temp\tmpqy_xw_hm\test_4.jpg
2026-02-14 08:35:10 | INFO     | face_search:searchFaces:174 | 搜索完成: 处理 5 个文件, 跳过 5 个文件, 找到 0 个匹配结果, 已取消: False
2026-02-14 08:35:10 | INFO     | face_search:searchFaces:70 | 开始搜索人脸: 文件夹=C:\Users\ADMINI~1\AppData\Local\Temp\tmpb02ke4l4, 阈值=0.3
2026-02-14 08:35:10 | INFO     | face_search:searchFaces:83 | 扫描完成，找到 5 个图片文件
2026-02-14 08:35:10 | INFO     | face_detection:detectFaces:57 | 图片中未检测到人脸: C:\Users\ADMINI~1\AppData\Local\Temp\tmpb02ke4l4\test_0.jpg
2026-02-14 08:35:10 | INFO     | face_detection:detectFaces:57 | 图片中未检测到人脸: C:\Users\ADMINI~1\AppData\Local\Temp\tmpb02ke4l4\test_1.jpg
2026-02-14 08:35:10 | INFO     | face_detection:detectFaces:57 | 图片中未检测到人脸: C:\Users\ADMINI~1\AppData\Local\Temp\tmpb02ke4l4\test_2.jpg
2026-02-14 08:35:10 | INFO     | face_detection:detectFaces:57 | 图片中未检测到人脸: C:\Users\ADMINI~1\AppData\Local\Temp\tmpb02ke4l4\test_3.jpg
2026-02-14 08:35:10 | INFO     | face_detection:detectFaces:57 | 图片中未检测到人脸: C:\Users\ADMINI~1\AppData\Local\Temp\tmpb02ke4l4\test_4.jpg
2026-02-14 08:35:10 | INFO     | face_search:searchFaces:174 | 搜索完成: 处理 5 个文件, 跳过 5 个文件, 找到 0 个匹配结果, 已取消: False
2026-02-14 08:35:10 | INFO     | face_search:searchFaces:70 | 开始搜索人脸: 文件夹=C:\Users\ADMINI~1\AppData\Local\Temp\tmpb02ke4l4, 阈值=0.7
2026-02-14 08:35:10 | INFO     | face_search:searchFaces:83 | 扫描完成，找到 5 个图片文件
2026-02-14 08:35:10 | INFO     | face_detection:detectFaces:57 | 图片中未检测到人脸: C:\Users\ADMINI~1\AppData\Local\Temp\tmpb02ke4l4\test_0.jpg
2026-02-14 08:35:10 | INFO     | face_detection:detectFaces:57 | 图片中未检测到人脸: C:\Users\ADMINI~1\AppData\Local\Temp\tmpb02ke4l4\test_1.jpg
2026-02-14 08:35:10 | INFO     | face_detection:detectFaces:57 | 图片中未检测到人脸: C:\Users\ADMINI~1\AppData\Local\Temp\tmpb02ke4l4\test_2.jpg
2026-02-14 08:35:10 | INFO     | face_detection:detectFaces:57 | 图片中未检测到人脸: C:\Users\ADMINI~1\AppData\Local\Temp\tmpb02ke4l4\test_3.jpg
2026-02-14 08:35:10 | INFO     | face_detection:detectFaces:57 | 图片中未检测到人脸: C:\Users\ADMINI~1\AppData\Local\Temp\tmpb02ke4l4\test_4.jpg
2026-02-14 08:35:10 | INFO     | face_search:searchFaces:174 | 搜索完成: 处理 5 个文件, 跳过 5 个文件, 找到 0 个匹配结果, 已取消: False
2026-02-14 08:35:10 | INFO     | face_search:searchFaces:70 | 开始搜索人脸: 文件夹=C:\Users\ADMINI~1\AppData\Local\Temp\tmpu0bormde, 阈值=0.3
2026-02-14 08:35:10 | INFO     | face_search:searchFaces:83 | 扫描完成，找到 5 个图片文件
2026-02-14 08:35:10 | INFO     | face_detection:detectFaces:57 | 图片中未检测到人脸: C:\Users\ADMINI~1\AppData\Local\Temp\tmpu0bormde\test_0.jpg
2026-02-14 08:35:10 | INFO     | face_detection:detectFaces:57 | 图片中未检测到人脸: C:\Users\ADMINI~1\AppData\Local\Temp\tmpu0bormde\test_1.jpg
2026-02-14 08:35:10 | INFO     | face_detection:detectFaces:57 | 图片中未检测到人脸: C:\Users\ADMINI~1\AppData\Local\Temp\tmpu0bormde\test_2.jpg
2026-02-14 08:35:10 | INFO     | face_detection:detectFaces:57 | 图片中未检测到人脸: C:\Users\ADMINI~1\AppData\Local\Temp\tmpu0bormde\test_3.jpg
2026-02-14 08:35:10 | INFO     | face_detection:detectFaces:57 | 图片中未检测到人脸: C:\Users\ADMINI~1\AppData\Local\Temp\tmpu0bormde\test_4.jpg
2026-02-14 08:35:10 | INFO     | face_search:searchFaces:174 | 搜索完成: 处理 5 个文件, 跳过 5 个文件, 找到 0 个匹配结果, 已取消: False
2026-02-14 08:35:10 | INFO     | face_search:searchFaces:70 | 开始搜索人脸: 文件夹=C:\Users\ADMINI~1\AppData\Local\Temp\tmpu0bormde, 阈值=0.7
2026-02-14 08:35:10 | INFO     | face_search:searchFaces:83 | 扫描完成，找到 5 个图片文件
2026-02-14 08:35:10 | INFO     | face_detection:detectFaces:57 | 图片中未检测到人脸: C:\Users\ADMINI~1\AppData\Local\Temp\tmpu0bormde\test_0.jpg
2026-02-14 08:35:10 | INFO     | face_detection:detectFaces:57 | 图片中未检测到人脸: C:\Users\ADMINI~1\AppData\Local\Temp\tmpu0bormde\test_1.jpg
2026-02-14 08:35:10 | INFO     | face_detection:detectFaces:57 | 图片中未检测到人脸: C:\Users\ADMINI~1\AppData\Local\Temp\tmpu0bormde\test_2.jpg
2026-02-14 08:35:10 | INFO     | face_detection:detectFaces:57 | 图片中未检测到人脸: C:\Users\ADMINI~1\AppData\Local\Temp\tmpu0bormde\test_3.jpg
2026-02-14 08:35:10 | INFO     | face_detection:detectFaces:57 | 图片中未检测到人脸: C:\Users\ADMINI~1\AppData\Local\Temp\tmpu0bormde\test_4.jpg
2026-02-14 08:35:10 | INFO     | face_search:searchFaces:174 | 搜索完成: 处理 5 个文件, 跳过 5 个文件, 找到 0 个匹配结果, 已取消: False
2026-02-14 08:35:10 | INFO     | face_search:searchFaces:70 | 开始搜索人脸: 文件夹=C:\Users\ADMINI~1\AppData\Local\Temp\tmpmj_yzvtn, 阈值=0.3
2026-02-14 08:35:10 | INFO     | face_search:searchFaces:83 | 扫描完成，找到 5 个图片文件
2026-02-14 08:35:10 | INFO     | face_detection:detectFaces:57 | 图片中未检测到人脸: C:\Users\ADMINI~1\AppData\Local\Temp\tmpmj_yzvtn\test_0.jpg
2026-02-14 08:35:10 | INFO     | face_detection:detectFaces:57 | 图片中未检测到人脸: C:\Users\ADMINI~1\AppData\Local\Temp\tmpmj_yzvtn\test_1.jpg
2026-02-14 08:35:10 | INFO     | face_detection:detectFaces:57 | 图片中未检测到人脸: C:\Users\ADMINI~1\AppData\Local\Temp\tmpmj_yzvtn\test_2.jpg
2026-02-14 08:35:10 | INFO     | face_detection:detectFaces:57 | 图片中未检测到人脸: C:\Users\ADMINI~1\AppData\Local\Temp\tmpmj_yzvtn\test_3.jpg
2026-02-14 08:35:10 | INFO     | face_detection:detectFaces:57 | 图片中未检测到人脸: C:\Users\ADMINI~1\AppData\Local\Temp\tmpmj_yzvtn\test_4.jpg
2026-02-14 08:35:10 | INFO     | face_search:searchFaces:174 | 搜索完成: 处理 5 个文件, 跳过 5 个文件, 找到 0 个匹配结果, 已取消: False
2026-02-14 08:35:10 | INFO     | face_search:searchFaces:70 | 开始搜索人脸: 文件夹=C:\Users\ADMINI~1\AppData\Local\Temp\tmpmj_yzvtn, 阈值=0.7
2026-02-14 08:35:10 | INFO     | face_search:searchFaces:83 | 扫描完成，找到 5 个图片文件
2026-02-14 08:35:10 | INFO     | face_detection:detectFaces:57 | 图片中未检测到人脸: C:\Users\ADMINI~1\AppData\Local\Temp\tmpmj_yzvtn\test_0.jpg
2026-02-14 08:35:10 | INFO     | face_detection:detectFaces:57 | 图片中未检测到人脸: C:\Users\ADMINI~1\AppData\Local\Temp\tmpmj_yzvtn\test_1.jpg
2026-02-14 08:35:10 | INFO     | face_detection:detectFaces:57 | 图片中未检测到人脸: C:\Users\ADMINI~1\AppData\Local\Temp\tmpmj_yzvtn\test_2.jpg
2026-02-14 08:35:10 | INFO     | face_detection:detectFaces:57 | 图片中未检测到人脸: C:\Users\ADMINI~1\AppData\Local\Temp\tmpmj_yzvtn\test_3.jpg
2026-02-14 08:35:10 | INFO     | face_detection:detectFaces:57 | 图片中未检测到人脸: C:\Users\ADMINI~1\AppData\Local\Temp\tmpmj_yzvtn\test_4.jpg
2026-02-14 08:35:10 | INFO     | face_search:searchFaces:174 | 搜索完成: 处理 5 个文件, 跳过 5 个文件, 找到 0 个匹配结果, 已取消: False
2026-02-14 08:35:10 | INFO     | face_search:searchFaces:70 | 开始搜索人脸: 文件夹=C:\Users\ADMINI~1\AppData\Local\Temp\tmp16sp0cpv, 阈值=0.3
2026-02-14 08:35:10 | INFO     | face_search:searchFaces:83 | 扫描完成，找到 5 个图片文件
2026-02-14 08:35:10 | INFO     | face_detection:detectFaces:57 | 图片中未检测到人脸: C:\Users\ADMINI~1\AppData\Local\Temp\tmp16sp0cpv\test_0.jpg
2026-02-14 08:35:10 | INFO     | face_detection:detectFaces:57 | 图片中未检测到人脸: C:\Users\ADMINI~1\AppData\Local\Temp\tmp16sp0cpv\test_1.jpg
2026-02-14 08:35:10 | INFO     | face_detection:detectFaces:57 | 图片中未检测到人脸: C:\Users\ADMINI~1\AppData\Local\Temp\tmp16sp0cpv\test_2.jpg
2026-02-14 08:35:10 | INFO     | face_detection:detectFaces:57 | 图片中未检测到人脸: C:\Users\ADMINI~1\AppData\Local\Temp\tmp16sp0cpv\test_3.jpg
2026-02-14 08:35:10 | INFO     | face_detection:detectFaces:57 | 图片中未检测到人脸: C:\Users\ADMINI~1\AppData\Local\Temp\tmp16sp0cpv\test_4.jpg
2026-02-14 08:35:10 | INFO     | face_search:searchFaces:174 | 搜索完成: 处理 5 个文件, 跳过 5 个文件, 找到 0 个匹配结果, 已取消: False
2026-02-14 08:35:10 | INFO     | face_search:searchFaces:70 | 开始搜索人脸: 文件夹=C:\Users\ADMINI~1\AppData\Local\Temp\tmp16sp0cpv, 阈值=0.7
2026-02-14 08:35:10 | INFO     | face_search:searchFaces:83 | 扫描完成，找到 5 个图片文件
2026-02-14 08:35:10 | INFO     | face_detection:detectFaces:57 | 图片中未检测到人脸: C:\Users\ADMINI~1\AppData\Local\Temp\tmp16sp0cpv\test_0.jpg
2026-02-14 08:35:10 | INFO     | face_detection:detectFaces:57 | 图片中未检测到人脸: C:\Users\ADMINI~1\AppData\Local\Temp\tmp16sp0cpv\test_1.jpg
2026-02-14 08:35:10 | INFO     | face_detection:detectFaces:57 | 图片中未检测到人脸: C:\Users\ADMINI~1\AppData\Local\Temp\tmp16sp0cpv\test_2.jpg
2026-02-14 08:35:10 | INFO     | face_detection:detectFaces:57 | 图片中未检测到人脸: C:\Users\ADMINI~1\AppData\Local\Temp\tmp16sp0cpv\test_3.jpg
2026-02-14 08:35:10 | INFO     | face_detection:detectFaces:57 | 图片中未检测到人脸: C:\Users\ADMINI~1\AppData\Local\Temp\tmp16sp0cpv\test_4.jpg
2026-02-14 08:35:10 | INFO     | face_search:searchFaces:174 | 搜索完成: 处理 5 个文件, 跳过 5 个文件, 找到 0 个匹配结果, 已取消: False
2026-02-14 08:35:11 | INFO     | face_search:searchFaces:70 | 开始搜索人脸: 文件夹=C:\Users\ADMINI~1\AppData\Local\Temp\tmp35mxbmon, 阈值=0.0
2026-02-14 08:35:11 | INFO     | face_search:searchFaces:83 | 扫描完成，找到 2 个图片文件
2026-02-14 08:35:11 | INFO     | face_detection:detectFaces:57 | 图片中未检测到人脸: C:\Users\ADMINI~1\AppData\Local\Temp\tmp35mxbmon\test_0.jpg
2026-02-14 08:35:11 | INFO     | face_detection:detectFaces:57 | 图片中未检测到人脸: C:\Users\ADMINI~1\AppData\Local\Temp\tmp35mxbmon\test_1.jpg
2026-02-14 08:35:11 | INFO     | face_search:searchFaces:174 | 搜索完成: 处理 2 个文件, 跳过 2 个文件, 找到 0 个匹配结果, 已取消: False
2026-02-14 08:35:11 | INFO     | face_search:searchFaces:70 | 开始搜索人脸: 文件夹=C:\Users\ADMINI~1\AppData\Local\Temp\tmpl00o3gzs, 阈值=0.0
2026-02-14 08:35:11 | INFO     | face_search:searchFaces:83 | 扫描完成，找到 3 个图片文件
2026-02-14 08:35:11 | INFO     | face_detection:detectFaces:57 | 图片中未检测到人脸: C:\Users\ADMINI~1\AppData\Local\Temp\tmpl00o3gzs\test_0.jpg
2026-02-14 08:35:11 | INFO     | face_detection:detectFaces:57 | 图片中未检测到人脸: C:\Users\ADMINI~1\AppData\Local\Temp\tmpl00o3gzs\test_1.jpg
2026-02-14 08:35:11 | INFO     | face_detection:detectFaces:57 | 图片中未检测到人脸: C:\Users\ADMINI~1\AppData\Local\Temp\tmpl00o3gzs\test_2.jpg
2026-02-14 08:35:11 | INFO     | face_search:searchFaces:174 | 搜索完成: 处理 3 个文件, 跳过 3 个文件, 找到 0 个匹配结果, 已取消: False
2026-02-14 08:35:11 | INFO     | face_search:searchFaces:70 | 开始搜索人脸: 文件夹=C:\Users\ADMINI~1\AppData\Local\Temp\tmp_98ct9_u, 阈值=0.3718620436682117
2026-02-14 08:35:11 | INFO     | face_search:searchFaces:83 | 扫描完成，找到 3 个图片文件
2026-02-14 08:35:11 | INFO     | face_detection:detectFaces:57 | 图片中未检测到人脸: C:\Users\ADMINI~1\AppData\Local\Temp\tmp_98ct9_u\test_0.jpg
2026-02-14 08:35:11 | INFO     | face_detection:detectFaces:57 | 图片中未检测到人脸: C:\Users\ADMINI~1\AppData\Local\Temp\tmp_98ct9_u\test_1.jpg
2026-02-14 08:35:11 | INFO     | face_detection:detectFaces:57 | 图片中未检测到人脸: C:\Users\ADMINI~1\AppData\Local\Temp\tmp_98ct9_u\test_2.jpg
2026-02-14 08:35:11 | INFO     | face_search:searchFaces:174 | 搜索完成: 处理 3 个文件, 跳过 3 个文件, 找到 0 个匹配结果, 已取消: False
2026-02-14 08:35:11 | INFO     | face_search:searchFaces:70 | 开始搜索人脸: 文件夹=C:\Users\ADMINI~1\AppData\Local\Temp\tmptfmjlnb1, 阈值=0.496784568327182
2026-02-14 08:35:11 | INFO     | face_search:searchFaces:83 | 扫描完成，找到 8 个图片文件
2026-02-14 08:35:11 | INFO     | face_detection:detectFaces:57 | 图片中未检测到人脸: C:\Users\ADMINI~1\AppData\Local\Temp\tmptfmjlnb1\test_0.jpg
2026-02-14 08:35:11 | INFO     | face_detection:detectFaces:57 | 图片中未检测到人脸: C:\Users\ADMINI~1\AppData\Local\Temp\tmptfmjlnb1\test_1.jpg
2026-02-14 08:35:11 | INFO     | face_detection:detectFaces:57 | 图片中未检测到人脸: C:\Users\ADMINI~1\AppData\Local\Temp\tmptfmjlnb1\test_2.jpg
2026-02-14 08:35:11 | INFO     | face_detection:detectFaces:57 | 图片中未检测到人脸: C:\Users\ADMINI~1\AppData\Local\Temp\tmptfmjlnb1\test_3.jpg
2026-02-14 08:35:11 | INFO     | face_detection:detectFaces:57 | 图片中未检测到人脸: C:\Users\ADMINI~1\AppData\Local\Temp\tmptfmjlnb1\test_4.jpg
2026-02-14 08:35:11 | INFO     | face_detection:detectFaces:57 | 图片中未检测到人脸: C:\Users\ADMINI~1\AppData\Local\Temp\tmptfmjlnb1\test_5.jpg
2026-02-14 08:35:11 | INFO     | face_detection:detectFaces:57 | 图片中未检测到人脸: C:\Users\ADMINI~1\AppData\Local\Temp\tmptfmjlnb1\test_6.jpg
2026-02-14 08:35:11 | INFO     | face_detection:detectFaces:57 | 图片中未检测到人脸: C:\Users\ADMINI~1\AppData\Local\Temp\tmptfmjlnb1\test_7.jpg
2026-02-14 08:35:11 | INFO     | face_search:searchFaces:174 | 搜索完成: 处理 8 个文件, 跳过 8 个文件, 找到 0 个匹配结果, 已取消: False
2026-02-14 08:35:11 | INFO     | face_search:searchFaces:70 | 开始搜索人脸: 文件夹=C:\Users\ADMINI~1\AppData\Local\Temp\tmpqe53c0a1, 阈值=0.06413171073367309
2026-02-14 08:35:11 | INFO     | face_search:searchFaces:83 | 扫描完成，找到 6 个图片文件
2026-02-14 08:35:11 | INFO     | face_detection:detectFaces:57 | 图片中未检测到人脸: C:\Users\ADMINI~1\AppData\Local\Temp\tmpqe53c0a1\test_0.jpg
2026-02-14 08:35:11 | INFO     | face_detection:detectFaces:57 | 图片中未检测到人脸: C:\Users\ADMINI~1\AppData\Local\Temp\tmpqe53c0a1\test_1.jpg
2026-02-14 08:35:11 | INFO     | face_detection:detectFaces:57 | 图片中未检测到人脸: C:\Users\ADMINI~1\AppData\Local\Temp\tmpqe53c0a1\test_2.jpg
2026-02-14 08:35:11 | INFO     | face_detection:detectFaces:57 | 图片中未检测到人脸: C:\Users\ADMINI~1\AppData\Local\Temp\tmpqe53c0a1\test_3.jpg
2026-02-14 08:35:11 | INFO     | face_detection:detectFaces:57 | 图片中未检测到人脸: C:\Users\ADMINI~1\AppData\Local\Temp\tmpqe53c0a1\test_4.jpg
2026-02-14 08:35:11 | INFO     | face_detection:detectFaces:57 | 图片中未检测到人脸: C:\Users\ADMINI~1\AppData\Local\Temp\tmpqe53c0a1\test_5.jpg
2026-02-14 08:35:11 | INFO     | face_search:searchFaces:174 | 搜索完成: 处理 6 个文件, 跳过 6 个文件, 找到 0 个匹配结果, 已取消: False
2026-02-14 08:35:11 | INFO     | face_search:searchFaces:70 | 开始搜索人脸: 文件夹=C:\Users\ADMINI~1\AppData\Local\Temp\tmp1or310cz, 阈值=0.43697547165936135
2026-02-14 08:35:11 | INFO     | face_search:searchFaces:83 | 扫描完成，找到 9 个图片文件
2026-02-14 08:35:11 | INFO     | face_detection:detectFaces:57 | 图片中未检测到人脸: C:\Users\ADMINI~1\AppData\Local\Temp\tmp1or310cz\test_0.jpg
2026-02-14 08:35:11 | INFO     | face_detection:detectFaces:57 | 图片中未检测到人脸: C:\Users\ADMINI~1\AppData\Local\Temp\tmp1or310cz\test_1.jpg
2026-02-14 08:35:11 | INFO     | face_detection:detectFaces:57 | 图片中未检测到人脸: C:\Users\ADMINI~1\AppData\Local\Temp\tmp1or310cz\test_2.jpg
2026-02-14 08:35:11 | INFO     | face_detection:detectFaces:57 | 图片中未检测到人脸: C:\Users\ADMINI~1\AppData\Local\Temp\tmp1or310cz\test_3.jpg
2026-02-14 08:35:11 | INFO     | face_detection:detectFaces:57 | 图片中未检测到人脸: C:\Users\ADMINI~1\AppData\Local\Temp\tmp1or310cz\test_4.jpg
2026-02-14 08:35:11 | INFO     | face_detection:detectFaces:57 | 图片中未检测到人脸: C:\Users\ADMINI~1\AppData\Local\Temp\tmp1or310cz\test_5.jpg
2026-02-14 08:35:11 | INFO     | face_detection:detectFaces:57 | 图片中未检测到人脸: C:\Users\ADMINI~1\AppData\Local\Temp\tmp1or310cz\test_6.jpg
2026-02-14 08:35:11 | INFO     | face_detection:detectFaces:57 | 图片中未检测到人脸: C:\Users\ADMINI~1\AppData\Local\Temp\tmp1or310cz\test_7.jpg
2026-02-14 08:35:11 | INFO     | face_detection:detectFaces:57 | 图片中未检测到人脸: C:\Users\ADMINI~1\AppData\Local\Temp\tmp1or310cz\test_8.jpg
2026-02-14 08:35:11 | INFO     | face_search:searchFaces:174 | 搜索完成: 处理 9 个文件, 跳过 9 个文件, 找到 0 个匹配结果, 已取消: False
2026-02-14 08:35:11 | INFO     | face_search:searchFaces:70 | 开始搜索人脸: 文件夹=C:\Users\ADMINI~1\AppData\Local\Temp\tmpt6g68emx, 阈值=0.24562270410370118
2026-02-14 08:35:11 | INFO     | face_search:searchFaces:83 | 扫描完成，找到 5 个图片文件
2026-02-14 08:35:11 | INFO     | face_detection:detectFaces:57 | 图片中未检测到人脸: C:\Users\ADMINI~1\AppData\Local\Temp\tmpt6g68emx\test_0.jpg
2026-02-14 08:35:11 | INFO     | face_detection:detectFaces:57 | 图片中未检测到人脸: C:\Users\ADMINI~1\AppData\Local\Temp\tmpt6g68emx\test_1.jpg
2026-02-14 08:35:11 | INFO     | face_detection:detectFaces:57 | 图片中未检测到人脸: C:\Users\ADMINI~1\AppData\Local\Temp\tmpt6g68emx\test_2.jpg
2026-02-14 08:35:12 | INFO     | face_detection:detectFaces:57 | 图片中未检测到人脸: C:\Users\ADMINI~1\AppData\Local\Temp\tmpt6g68emx\test_3.jpg
2026-02-14 08:35:12 | INFO     | face_detection:detectFaces:57 | 图片中未检测到人脸: C:\Users\ADMINI~1\AppData\Local\Temp\tmpt6g68emx\test_4.jpg
2026-02-14 08:35:12 | INFO     | face_search:searchFaces:174 | 搜索完成: 处理 5 个文件, 跳过 5 个文件, 找到 0 个匹配结果, 已取消: False
2026-02-14 08:35:12 | INFO     | face_search:searchFaces:70 | 开始搜索人脸: 文件夹=C:\Users\ADMINI~1\AppData\Local\Temp\tmps3z0xhvc, 阈值=0.24056600634147934
2026-02-14 08:35:12 | INFO     | face_search:searchFaces:83 | 扫描完成，找到 3 个图片文件
2026-02-14 08:35:12 | INFO     | face_detection:detectFaces:57 | 图片中未检测到人脸: C:\Users\ADMINI~1\AppData\Local\Temp\tmps3z0xhvc\test_0.jpg
2026-02-14 08:35:12 | INFO     | face_detection:detectFaces:57 | 图片中未检测到人脸: C:\Users\ADMINI~1\AppData\Local\Temp\tmps3z0xhvc\test_1.jpg
2026-02-14 08:35:12 | INFO     | face_detection:detectFaces:57 | 图片中未检测到人脸: C:\Users\ADMINI~1\AppData\Local\Temp\tmps3z0xhvc\test_2.jpg
2026-02-14 08:35:12 | INFO     | face_search:searchFaces:174 | 搜索完成: 处理 3 个文件, 跳过 3 个文件, 找到 0 个匹配结果, 已取消: False
2026-02-14 08:35:12 | INFO     | face_search:searchFaces:70 | 开始搜索人脸: 文件夹=C:\Users\ADMINI~1\AppData\Local\Temp\tmpa44nswq3, 阈值=0.23019320810115135
2026-02-14 08:35:12 | INFO     | face_search:searchFaces:83 | 扫描完成，找到 10 个图片文件
2026-02-14 08:35:12 | INFO     | face_detection:detectFaces:57 | 图片中未检测到人脸: C:\Users\ADMINI~1\AppData\Local\Temp\tmpa44nswq3\test_0.jpg
2026-02-14 08:35:12 | INFO     | face_detection:detectFaces:57 | 图片中未检测到人脸: C:\Users\ADMINI~1\AppData\Local\Temp\tmpa44nswq3\test_1.jpg
2026-02-14 08:35:12 | INFO     | face_detection:detectFaces:57 | 图片中未检测到人脸: C:\Users\ADMINI~1\AppData\Local\Temp\tmpa44nswq3\test_2.jpg
2026-02-14 08:35:12 | INFO     | face_detection:detectFaces:57 | 图片中未检测到人脸: C:\Users\ADMINI~1\AppData\Local\Temp\tmpa44nswq3\test_3.jpg
2026-02-14 08:35:12 | INFO     | face_detection:detectFaces:57 | 图片中未检测到人脸: C:\Users\ADMINI~1\AppData\Local\Temp\tmpa44nswq3\test_4.jpg
2026-02-14 08:35:12 | INFO     | face_detection:detectFaces:57 | 图片中未检测到人脸: C:\Users\ADMINI~1\AppData\Local\Temp\tmpa44nswq3\test_5.jpg
2026-02-14 08:35:12 | INFO     | face_detection:detectFaces:57 | 图片中未检测到人脸: C:\Users\ADMINI~1\AppData\Local\Temp\tmpa44nswq3\test_6.jpg
2026-02-14 08:35:12 | INFO     | face_detection:detectFaces:57 | 图片中未检测到人脸: C:\Users\ADMINI~1\AppData\Local\Temp\tmpa44nswq3\test_7.jpg
2026-02-14 08:35:12 | INFO     | face_detection:detectFaces:57 | 图片中未检测到人脸: C:\Users\ADMINI~1\AppData\Local\Temp\tmpa44nswq3\test_8.jpg
2026-02-14 08:35:12 | INFO     | face_detection:detectFaces:57 | 图片中未检测到人脸: C:\Users\ADMINI~1\AppData\Local\Temp\tmpa44nswq3\test_9.jpg
2026-02-14 08:35:12 | INFO     | face_search:searchFaces:174 | 搜索完成: 处理 10 个文件, 跳过 10 个文件, 找到 0 个匹配结果, 已取消: False
2026-02-14 08:35:12 | INFO     | face_search:searchFaces:70 | 开始搜索人脸: 文件夹=C:\Users\ADMINI~1\AppData\Local\Temp\tmp2lit0sk6, 阈值=1.273902090993068e-155
2026-02-14 08:35:12 | INFO     | face_search:searchFaces:83 | 扫描完成，找到 3 个图片文件
2026-02-14 08:35:12 | INFO     | face_detection:detectFaces:57 | 图片中未检测到人脸: C:\Users\ADMINI~1\AppData\Local\Temp\tmp2lit0sk6\test_0.jpg
2026-02-14 08:35:12 | INFO     | face_detection:detectFaces:57 | 图片中未检测到人脸: C:\Users\ADMINI~1\AppData\Local\Temp\tmp2lit0sk6\test_1.jpg
2026-02-14 08:35:12 | INFO     | face_detection:detectFaces:57 | 图片中未检测到人脸: C:\Users\ADMINI~1\AppData\Local\Temp\tmp2lit0sk6\test_2.jpg
2026-02-14 08:35:12 | INFO     | face_search:searchFaces:174 | 搜索完成: 处理 3 个文件, 跳过 3 个文件, 找到 0 个匹配结果, 已取消: False
2026-02-14 08:35:12 | INFO     | face_search:searchFaces:70 | 开始搜索人脸: 文件夹=C:\Users\ADMINI~1\AppData\Local\Temp\tmp4ekq7h9j, 阈值=0.31566890855605007
2026-02-14 08:35:12 | INFO     | face_search:searchFaces:83 | 扫描完成，找到 5 个图片文件
2026-02-14 08:35:12 | INFO     | face_detection:detectFaces:57 | 图片中未检测到人脸: C:\Users\ADMINI~1\AppData\Local\Temp\tmp4ekq7h9j\test_0.jpg
2026-02-14 08:35:12 | INFO     | face_detection:detectFaces:57 | 图片中未检测到人脸: C:\Users\ADMINI~1\AppData\Local\Temp\tmp4ekq7h9j\test_1.jpg
2026-02-14 08:35:12 | INFO     | face_detection:detectFaces:57 | 图片中未检测到人脸: C:\Users\ADMINI~1\AppData\Local\Temp\tmp4ekq7h9j\test_2.jpg
2026-02-14 08:35:12 | INFO     | face_detection:detectFaces:57 | 图片中未检测到人脸: C:\Users\ADMINI~1\AppData\Local\Temp\tmp4ekq7h9j\test_3.jpg
2026-02-14 08:35:12 | INFO     | face_detection:detectFaces:57 | 图片中未检测到人脸: C:\Users\ADMINI~1\AppData\Local\Temp\tmp4ekq7h9j\test_4.jpg
2026-02-14 08:35:12 | INFO     | face_search:searchFaces:174 | 搜索完成: 处理 5 个文件, 跳过 5 个文件, 找到 0 个匹配结果, 已取消: False
2026-02-14 08:35:12 | INFO     | face_search:searchFaces:70 | 开始搜索人脸: 文件夹=C:\Users\ADMINI~1\AppData\Local\Temp\tmpaq_mztbt, 阈值=0.31566890855605007
2026-02-14 08:35:12 | INFO     | face_search:searchFaces:83 | 扫描完成，找到 5 个图片文件
2026-02-14 08:35:12 | INFO     | face_detection:detectFaces:57 | 图片中未检测到人脸: C:\Users\ADMINI~1\AppData\Local\Temp\tmpaq_mztbt\test_0.jpg
2026-02-14 08:35:12 | INFO     | face_detection:detectFaces:57 | 图片中未检测到人脸: C:\Users\ADMINI~1\AppData\Local\Temp\tmpaq_mztbt\test_1.jpg
2026-02-14 08:35:12 | INFO     | face_detection:detectFaces:57 | 图片中未检测到人脸: C:\Users\ADMINI~1\AppData\Local\Temp\tmpaq_mztbt\test_2.jpg
2026-02-14 08:35:12 | INFO     | face_detection:detectFaces:57 | 图片中未检测到人脸: C:\Users\ADMINI~1\AppData\Local\Temp\tmpaq_mztbt\test_3.jpg
2026-02-14 08:35:12 | INFO     | face_detection:detectFaces:57 | 图片中未检测到人脸: C:\Users\ADMINI~1\AppData\Local\Temp\tmpaq_mztbt\test_4.jpg
2026-02-14 08:35:12 | INFO     | face_search:searchFaces:174 | 搜索完成: 处理 5 个文件, 跳过 5 个文件, 找到 0 个匹配结果, 已取消: False
2026-02-14 08:35:12 | INFO     | face_search:searchFaces:70 | 开始搜索人脸: 文件夹=C:\Users\ADMINI~1\AppData\Local\Temp\tmpc1lhpom0, 阈值=0.31566890855605007
2026-02-14 08:35:12 | INFO     | face_search:searchFaces:83 | 扫描完成，找到 5 个图片文件
2026-02-14 08:35:12 | INFO     | face_detection:detectFaces:57 | 图片中未检测到人脸: C:\Users\ADMINI~1\AppData\Local\Temp\tmpc1lhpom0\test_0.jpg
2026-02-14 08:35:12 | INFO     | face_detection:detectFaces:57 | 图片中未检测到人脸: C:\Users\ADMINI~1\AppData\Local\Temp\tmpc1lhpom0\test_1.jpg
2026-02-14 08:35:12 | INFO     | face_detection:detectFaces:57 | 图片中未检测到人脸: C:\Users\ADMINI~1\AppData\Local\Temp\tmpc1lhpom0\test_2.jpg
2026-02-14 08:35:12 | INFO     | face_detection:detectFaces:57 | 图片中未检测到人脸: C:\Users\ADMINI~1\AppData\Local\Temp\tmpc1lhpom0\test_3.jpg
2026-02-14 08:35:12 | INFO     | face_detection:detectFaces:57 | 图片中未检测到人脸: C:\Users\ADMINI~1\AppData\Local\Temp\tmpc1lhpom0\test_4.jpg
2026-02-14 08:35:12 | INFO     | face_search:searchFaces:174 | 搜索完成: 处理 5 个文件, 跳过 5 个文件, 找到 0 个匹配结果, 已取消: False
2026-02-14 08:35:13 | INFO     | face_search:searchFaces:70 | 开始搜索人脸: 文件夹=C:\Users\ADMINI~1\AppData\Local\Temp\tmpgmi5odh1, 阈值=0.31566890855605007
2026-02-14 08:35:13 | INFO     | face_search:searchFaces:83 | 扫描完成，找到 5 个图片文件
2026-02-14 08:35:13 | INFO     | face_detection:detectFaces:57 | 图片中未检测到人脸: C:\Users\ADMINI~1\AppData\Local\Temp\tmpgmi5odh1\test_0.jpg
2026-02-14 08:35:13 | INFO     | face_detection:detectFaces:57 | 图片中未检测到人脸: C:\Users\ADMINI~1\AppData\Local\Temp\tmpgmi5odh1\test_1.jpg
2026-02-14 08:35:13 | INFO     | face_detection:detectFaces:57 | 图片中未检测到人脸: C:\Users\ADMINI~1\AppData\Local\Temp\tmpgmi5odh1\test_2.jpg
2026-02-14 08:35:13 | INFO     | face_detection:detectFaces:57 | 图片中未检测到人脸: C:\Users\ADMINI~1\AppData\Local\Temp\tmpgmi5odh1\test_3.jpg
2026-02-14 08:35:13 | INFO     | face_detection:detectFaces:57 | 图片中未检测到人脸: C:\Users\ADMINI~1\AppData\Local\Temp\tmpgmi5odh1\test_4.jpg
2026-02-14 08:35:13 | INFO     | face_search:searchFaces:174 | 搜索完成: 处理 5 个文件, 跳过 5 个文件, 找到 0 个匹配结果, 已取消: False
2026-02-14 08:35:13 | INFO     | face_search:searchFaces:70 | 开始搜索人脸: 文件夹=C:\Users\ADMINI~1\AppData\Local\Temp\tmpjdem6qzc, 阈值=0.31566890855605007
2026-02-14 08:35:13 | INFO     | face_search:searchFaces:83 | 扫描完成，找到 5 个图片文件
2026-02-14 08:35:13 | INFO     | face_detection:detectFaces:57 | 图片中未检测到人脸: C:\Users\ADMINI~1\AppData\Local\Temp\tmpjdem6qzc\test_0.jpg
2026-02-14 08:35:13 | INFO     | face_detection:detectFaces:57 | 图片中未检测到人脸: C:\Users\ADMINI~1\AppData\Local\Temp\tmpjdem6qzc\test_1.jpg
2026-02-14 08:35:13 | INFO     | face_detection:detectFaces:57 | 图片中未检测到人脸: C:\Users\ADMINI~1\AppData\Local\Temp\tmpjdem6qzc\test_2.jpg
2026-02-14 08:35:13 | INFO     | face_detection:detectFaces:57 | 图片中未检测到人脸: C:\Users\ADMINI~1\AppData\Local\Temp\tmpjdem6qzc\test_3.jpg
2026-02-14 08:35:13 | INFO     | face_detection:detectFaces:57 | 图片中未检测到人脸: C:\Users\ADMINI~1\AppData\Local\Temp\tmpjdem6qzc\test_4.jpg
2026-02-14 08:35:13 | INFO     | face_search:searchFaces:174 | 搜索完成: 处理 5 个文件, 跳过 5 个文件, 找到 0 个匹配结果, 已取消: False
2026-02-14 08:35:13 | INFO     | face_search:searchFaces:70 | 开始搜索人脸: 文件夹=C:\Users\ADMINI~1\AppData\Local\Temp\tmp5jalpexq, 阈值=0.31566890855605007
2026-02-14 08:35:13 | INFO     | face_search:searchFaces:83 | 扫描完成，找到 5 个图片文件
2026-02-14 08:35:13 | INFO     | face_detection:detectFaces:57 | 图片中未检测到人脸: C:\Users\ADMINI~1\AppData\Local\Temp\tmp5jalpexq\test_0.jpg
2026-02-14 08:35:13 | INFO     | face_detection:detectFaces:57 | 图片中未检测到人脸: C:\Users\ADMINI~1\AppData\Local\Temp\tmp5jalpexq\test_1.jpg
2026-02-14 08:35:13 | INFO     | face_detection:detectFaces:57 | 图片中未检测到人脸: C:\Users\ADMINI~1\AppData\Local\Temp\tmp5jalpexq\test_2.jpg
2026-02-14 08:35:13 | INFO     | face_detection:detectFaces:57 | 图片中未检测到人脸: C:\Users\ADMINI~1\AppData\Local\Temp\tmp5jalpexq\test_3.jpg
2026-02-14 08:35:13 | INFO     | face_detection:detectFaces:57 | 图片中未检测到人脸: C:\Users\ADMINI~1\AppData\Local\Temp\tmp5jalpexq\test_4.jpg
2026-02-14 08:35:13 | INFO     | face_search:searchFaces:174 | 搜索完成: 处理 5 个文件, 跳过 5 个文件, 找到 0 个匹配结果, 已取消: False
2026-02-14 08:35:13 | INFO     | face_search:searchFaces:70 | 开始搜索人脸: 文件夹=C:\Users\ADMINI~1\AppData\Local\Temp\tmprefo_aq6, 阈值=0.31566890855605007
2026-02-14 08:35:13 | INFO     | face_search:searchFaces:83 | 扫描完成，找到 5 个图片文件
2026-02-14 08:35:13 | INFO     | face_detection:detectFaces:57 | 图片中未检测到人脸: C:\Users\ADMINI~1\AppData\Local\Temp\tmprefo_aq6\test_0.jpg
2026-02-14 08:35:13 | INFO     | face_detection:detectFaces:57 | 图片中未检测到人脸: C:\Users\ADMINI~1\AppData\Local\Temp\tmprefo_aq6\test_1.jpg
2026-02-14 08:35:13 | INFO     | face_detection:detectFaces:57 | 图片中未检测到人脸: C:\Users\ADMINI~1\AppData\Local\Temp\tmprefo_aq6\test_2.jpg
2026-02-14 08:35:13 | INFO     | face_detection:detectFaces:57 | 图片中未检测到人脸: C:\Users\ADMINI~1\AppData\Local\Temp\tmprefo_aq6\test_3.jpg
2026-02-14 08:35:13 | INFO     | face_detection:detectFaces:57 | 图片中未检测到人脸: C:\Users\ADMINI~1\AppData\Local\Temp\tmprefo_aq6\test_4.jpg
2026-02-14 08:35:13 | INFO     | face_search:searchFaces:174 | 搜索完成: 处理 5 个文件, 跳过 5 个文件, 找到 0 个匹配结果, 已取消: False
2026-02-14 08:35:13 | INFO     | face_search:searchFaces:70 | 开始搜索人脸: 文件夹=C:\Users\ADMINI~1\AppData\Local\Temp\tmp2f73d7s6, 阈值=0.19064808859965315
2026-02-14 08:35:13 | INFO     | face_search:searchFaces:83 | 扫描完成，找到 2 个图片文件
2026-02-14 08:35:13 | INFO     | face_detection:detectFaces:57 | 图片中未检测到人脸: C:\Users\ADMINI~1\AppData\Local\Temp\tmp2f73d7s6\test_0.jpg
2026-02-14 08:35:13 | INFO     | face_detection:detectFaces:57 | 图片中未检测到人脸: C:\Users\ADMINI~1\AppData\Local\Temp\tmp2f73d7s6\test_1.jpg
2026-02-14 08:35:13 | INFO     | face_search:searchFaces:174 | 搜索完成: 处理 2 个文件, 跳过 2 个文件, 找到 0 个匹配结果, 已取消: False
2026-02-14 08:35:13 | INFO     | face_search:searchFaces:70 | 开始搜索人脸: 文件夹=C:\Users\ADMINI~1\AppData\Local\Temp\tmp8n2st943, 阈值=0.19064808859965315
2026-02-14 08:35:13 | INFO     | face_search:searchFaces:83 | 扫描完成，找到 2 个图片文件
2026-02-14 08:35:13 | INFO     | face_detection:detectFaces:57 | 图片中未检测到人脸: C:\Users\ADMINI~1\AppData\Local\Temp\tmp8n2st943\test_0.jpg
2026-02-14 08:35:13 | INFO     | face_detection:detectFaces:57 | 图片中未检测到人脸: C:\Users\ADMINI~1\AppData\Local\Temp\tmp8n2st943\test_1.jpg
2026-02-14 08:35:13 | INFO     | face_search:searchFaces:174 | 搜索完成: 处理 2 个文件, 跳过 2 个文件, 找到 0 个匹配结果, 已取消: False
2026-02-14 08:35:13 | INFO     | face_search:searchFaces:70 | 开始搜索人脸: 文件夹=C:\Users\ADMINI~1\AppData\Local\Temp\tmpd3xhtnhl, 阈值=0.19064808859965315
2026-02-14 08:35:13 | INFO     | face_search:searchFaces:83 | 扫描完成，找到 2 个图片文件
2026-02-14 08:35:13 | INFO     | face_detection:detectFaces:57 | 图片中未检测到人脸: C:\Users\ADMINI~1\AppData\Local\Temp\tmpd3xhtnhl\test_0.jpg
2026-02-14 08:35:13 | INFO     | face_detection:detectFaces:57 | 图片中未检测到人脸: C:\Users\ADMINI~1\AppData\Local\Temp\tmpd3xhtnhl\test_1.jpg
2026-02-14 08:35:13 | INFO     | face_search:searchFaces:174 | 搜索完成: 处理 2 个文件, 跳过 2 个文件, 找到 0 个匹配结果, 已取消: False
2026-02-14 08:35:13 | INFO     | face_search:searchFaces:70 | 开始搜索人脸: 文件夹=C:\Users\ADMINI~1\AppData\Local\Temp\tmpccuek__1, 阈值=0.0
2026-02-14 08:35:13 | INFO     | face_search:searchFaces:83 | 扫描完成，找到 1 个图片文件
2026-02-14 08:35:13 | INFO     | face_detection:detectFaces:57 | 图片中未检测到人脸: C:\Users\ADMINI~1\AppData\Local\Temp\tmpccuek__1\test_0.jpg
2026-02-14 08:35:13 | INFO     | face_search:searchFaces:174 | 搜索完成: 处理 1 个文件, 跳过 1 个文件, 找到 0 个匹配结果, 已取消: False
2026-02-14 08:35:13 | INFO     | face_search:searchFaces:70 | 开始搜索人脸: 文件夹=C:\Users\ADMINI~1\AppData\Local\Temp\tmpccuek__1, 阈值=0.0
2026-02-14 08:35:13 | INFO     | face_search:searchFaces:83 | 扫描完成，找到 1 个图片文件
2026-02-14 08:35:13 | INFO     | face_detection:detectFaces:57 | 图片中未检测到人脸: C:\Users\ADMINI~1\AppData\Local\Temp\tmpccuek__1\test_0.jpg
2026-02-14 08:35:13 | INFO     | face_search:searchFaces:174 | 搜索完成: 处理 1 个文件, 跳过 1 个文件, 找到 0 个匹配结果, 已取消: False
2026-02-14 08:35:13 | INFO     | face_search:searchFaces:70 | 开始搜索人脸: 文件夹=C:\Users\ADMINI~1\AppData\Local\Temp\tmpp6anux84, 阈值=0.0
2026-02-14 08:35:13 | INFO     | face_search:searchFaces:83 | 扫描完成，找到 6 个图片文件
2026-02-14 08:35:13 | INFO     | face_detection:detectFaces:57 | 图片中未检测到人脸: C:\Users\ADMINI~1\AppData\Local\Temp\tmpp6anux84\test_0.jpg
2026-02-14 08:35:13 | INFO     | face_detection:detectFaces:57 | 图片中未检测到人脸: C:\Users\ADMINI~1\AppData\Local\Temp\tmpp6anux84\test_1.jpg
2026-02-14 08:35:13 | INFO     | face_detection:detectFaces:57 | 图片中未检测到人脸: C:\Users\ADMINI~1\AppData\Local\Temp\tmpp6anux84\test_2.jpg
2026-02-14 08:35:13 | INFO     | face_detection:detectFaces:57 | 图片中未检测到人脸: C:\Users\ADMINI~1\AppData\Local\Temp\tmpp6anux84\test_3.jpg
2026-02-14 08:35:13 | INFO     | face_detection:detectFaces:57 | 图片中未检测到人脸: C:\Users\ADMINI~1\AppData\Local\Temp\tmpp6anux84\test_4.jpg
2026-02-14 08:35:13 | INFO     | face_detection:detectFaces:57 | 图片中未检测到人脸: C:\Users\ADMINI~1\AppData\Local\Temp\tmpp6anux84\test_5.jpg
2026-02-14 08:35:13 | INFO     | face_search:searchFaces:174 | 搜索完成: 处理 6 个文件, 跳过 6 个文件, 找到 0 个匹配结果, 已取消: False
2026-02-14 08:35:13 | INFO     | face_search:searchFaces:70 | 开始搜索人脸: 文件夹=C:\Users\ADMINI~1\AppData\Local\Temp\tmpp6anux84, 阈值=0.0
2026-02-14 08:35:13 | INFO     | face_search:searchFaces:83 | 扫描完成，找到 6 个图片文件
2026-02-14 08:35:13 | INFO     | face_detection:detectFaces:57 | 图片中未检测到人脸: C:\Users\ADMINI~1\AppData\Local\Temp\tmpp6anux84\test_0.jpg
2026-02-14 08:35:13 | INFO     | face_detection:detectFaces:57 | 图片中未检测到人脸: C:\Users\ADMINI~1\AppData\Local\Temp\tmpp6anux84\test_1.jpg
2026-02-14 08:35:14 | INFO     | face_detection:detectFaces:57 | 图片中未检测到人脸: C:\Users\ADMINI~1\AppData\Local\Temp\tmpp6anux84\test_2.jpg
2026-02-14 08:35:14 | INFO     | face_detection:detectFaces:57 | 图片中未检测到人脸: C:\Users\ADMINI~1\AppData\Local\Temp\tmpp6anux84\test_3.jpg
2026-02-14 08:35:14 | INFO     | face_detection:detectFaces:57 | 图片中未检测到人脸: C:\Users\ADMINI~1\AppData\Local\Temp\tmpp6anux84\test_4.jpg
2026-02-14 08:35:14 | INFO     | face_detection:detectFaces:57 | 图片中未检测到人脸: C:\Users\ADMINI~1\AppData\Local\Temp\tmpp6anux84\test_5.jpg
2026-02-14 08:35:14 | INFO     | face_search:searchFaces:174 | 搜索完成: 处理 6 个文件, 跳过 6 个文件, 找到 0 个匹配结果, 已取消: False
2026-02-14 08:35:14 | INFO     | face_search:searchFaces:70 | 开始搜索人脸: 文件夹=C:\Users\ADMINI~1\AppData\Local\Temp\tmp4bnlnoty, 阈值=0.5
2026-02-14 08:35:14 | INFO     | face_search:searchFaces:83 | 扫描完成，找到 6 个图片文件
2026-02-14 08:35:14 | INFO     | face_detection:detectFaces:57 | 图片中未检测到人脸: C:\Users\ADMINI~1\AppData\Local\Temp\tmp4bnlnoty\test_0.jpg
2026-02-14 08:35:14 | INFO     | face_detection:detectFaces:57 | 图片中未检测到人脸: C:\Users\ADMINI~1\AppData\Local\Temp\tmp4bnlnoty\test_1.jpg
2026-02-14 08:35:14 | INFO     | face_detection:detectFaces:57 | 图片中未检测到人脸: C:\Users\ADMINI~1\AppData\Local\Temp\tmp4bnlnoty\test_2.jpg
2026-02-14 08:35:14 | INFO     | face_detection:detectFaces:57 | 图片中未检测到人脸: C:\Users\ADMINI~1\AppData\Local\Temp\tmp4bnlnoty\test_3.jpg
2026-02-14 08:35:14 | INFO     | face_detection:detectFaces:57 | 图片中未检测到人脸: C:\Users\ADMINI~1\AppData\Local\Temp\tmp4bnlnoty\test_4.jpg
2026-02-14 08:35:14 | INFO     | face_detection:detectFaces:57 | 图片中未检测到人脸: C:\Users\ADMINI~1\AppData\Local\Temp\tmp4bnlnoty\test_5.jpg
2026-02-14 08:35:14 | INFO     | face_search:searchFaces:174 | 搜索完成: 处理 6 个文件, 跳过 6 个文件, 找到 0 个匹配结果, 已取消: False
2026-02-14 08:35:14 | INFO     | face_search:searchFaces:70 | 开始搜索人脸: 文件夹=C:\Users\ADMINI~1\AppData\Local\Temp\tmp4bnlnoty, 阈值=0.5
2026-02-14 08:35:14 | INFO     | face_search:searchFaces:83 | 扫描完成，找到 6 个图片文件
2026-02-14 08:35:14 | INFO     | face_detection:detectFaces:57 | 图片中未检测到人脸: C:\Users\ADMINI~1\AppData\Local\Temp\tmp4bnlnoty\test_0.jpg
2026-02-14 08:35:14 | INFO     | face_detection:detectFaces:57 | 图片中未检测到人脸: C:\Users\ADMINI~1\AppData\Local\Temp\tmp4bnlnoty\test_1.jpg
2026-02-14 08:35:14 | INFO     | face_detection:detectFaces:57 | 图片中未检测到人脸: C:\Users\ADMINI~1\AppData\Local\Temp\tmp4bnlnoty\test_2.jpg
2026-02-14 08:35:14 | INFO     | face_detection:detectFaces:57 | 图片中未检测到人脸: C:\Users\ADMINI~1\AppData\Local\Temp\tmp4bnlnoty\test_3.jpg
2026-02-14 08:35:14 | INFO     | face_detection:detectFaces:57 | 图片中未检测到人脸: C:\Users\ADMINI~1\AppData\Local\Temp\tmp4bnlnoty\test_4.jpg
2026-02-14 08:35:14 | INFO     | face_detection:detectFaces:57 | 图片中未检测到人脸: C:\Users\ADMINI~1\AppData\Local\Temp\tmp4bnlnoty\test_5.jpg
2026-02-14 08:35:14 | INFO     | face_search:searchFaces:174 | 搜索完成: 处理 6 个文件, 跳过 6 个文件, 找到 0 个匹配结果, 已取消: False
2026-02-14 08:35:14 | INFO     | face_search:searchFaces:70 | 开始搜索人脸: 文件夹=C:\Users\ADMINI~1\AppData\Local\Temp\tmpj00p60co, 阈值=0.22587542507817565
2026-02-14 08:35:14 | INFO     | face_search:searchFaces:83 | 扫描完成，找到 8 个图片文件
2026-02-14 08:35:14 | INFO     | face_detection:detectFaces:57 | 图片中未检测到人脸: C:\Users\ADMINI~1\AppData\Local\Temp\tmpj00p60co\test_0.jpg
2026-02-14 08:35:14 | INFO     | face_detection:detectFaces:57 | 图片中未检测到人脸: C:\Users\ADMINI~1\AppData\Local\Temp\tmpj00p60co\test_1.jpg
2026-02-14 08:35:14 | INFO     | face_detection:detectFaces:57 | 图片中未检测到人脸: C:\Users\ADMINI~1\AppData\Local\Temp\tmpj00p60co\test_2.jpg
2026-02-14 08:35:14 | INFO     | face_detection:detectFaces:57 | 图片中未检测到人脸: C:\Users\ADMINI~1\AppData\Local\Temp\tmpj00p60co\test_3.jpg
2026-02-14 08:35:14 | INFO     | face_detection:detectFaces:57 | 图片中未检测到人脸: C:\Users\ADMINI~1\AppData\Local\Temp\tmpj00p60co\test_4.jpg
2026-02-14 08:35:14 | INFO     | face_detection:detectFaces:57 | 图片中未检测到人脸: C:\Users\ADMINI~1\AppData\Local\Temp\tmpj00p60co\test_5.jpg
2026-02-14 08:35:14 | INFO     | face_detection:detectFaces:57 | 图片中未检测到人脸: C:\Users\ADMINI~1\AppData\Local\Temp\tmpj00p60co\test_6.jpg
2026-02-14 08:35:14 | INFO     | face_detection:detectFaces:57 | 图片中未检测到人脸: C:\Users\ADMINI~1\AppData\Local\Temp\tmpj00p60co\test_7.jpg
2026-02-14 08:35:14 | INFO     | face_search:searchFaces:174 | 搜索完成: 处理 8 个文件, 跳过 8 个文件, 找到 0 个匹配结果, 已取消: False
2026-02-14 08:35:14 | INFO     | face_search:searchFaces:70 | 开始搜索人脸: 文件夹=C:\Users\ADMINI~1\AppData\Local\Temp\tmpj00p60co, 阈值=0.22587542507817565
2026-02-14 08:35:14 | INFO     | face_search:searchFaces:83 | 扫描完成，找到 8 个图片文件
2026-02-14 08:35:14 | INFO     | face_detection:detectFaces:57 | 图片中未检测到人脸: C:\Users\ADMINI~1\AppData\Local\Temp\tmpj00p60co\test_0.jpg
2026-02-14 08:35:14 | INFO     | face_detection:detectFaces:57 | 图片中未检测到人脸: C:\Users\ADMINI~1\AppData\Local\Temp\tmpj00p60co\test_1.jpg
2026-02-14 08:35:14 | INFO     | face_detection:detectFaces:57 | 图片中未检测到人脸: C:\Users\ADMINI~1\AppData\Local\Temp\tmpj00p60co\test_2.jpg
2026-02-14 08:35:14 | INFO     | face_detection:detectFaces:57 | 图片中未检测到人脸: C:\Users\ADMINI~1\AppData\Local\Temp\tmpj00p60co\test_3.jpg
2026-02-14 08:35:14 | INFO     | face_detection:detectFaces:57 | 图片中未检测到人脸: C:\Users\ADMINI~1\AppData\Local\Temp\tmpj00p60co\test_4.jpg
2026-02-14 08:35:14 | INFO     | face_detection:detectFaces:57 | 图片中未检测到人脸: C:\Users\ADMINI~1\AppData\Local\Temp\tmpj00p60co\test_5.jpg
2026-02-14 08:35:14 | INFO     | face_detection:detectFaces:57 | 图片中未检测到人脸: C:\Users\ADMINI~1\AppData\Local\Temp\tmpj00p60co\test_6.jpg
2026-02-14 08:35:14 | INFO     | face_detection:detectFaces:57 | 图片中未检测到人脸: C:\Users\ADMINI~1\AppData\Local\Temp\tmpj00p60co\test_7.jpg
2026-02-14 08:35:14 | INFO     | face_search:searchFaces:174 | 搜索完成: 处理 8 个文件, 跳过 8 个文件, 找到 0 个匹配结果, 已取消: False
2026-02-14 08:35:14 | INFO     | face_search:searchFaces:70 | 开始搜索人脸: 文件夹=C:\Users\ADMINI~1\AppData\Local\Temp\tmpux6pg0ze, 阈值=0.3167542414944718
2026-02-14 08:35:14 | INFO     | face_search:searchFaces:83 | 扫描完成，找到 1 个图片文件
2026-02-14 08:35:14 | INFO     | face_detection:detectFaces:57 | 图片中未检测到人脸: C:\Users\ADMINI~1\AppData\Local\Temp\tmpux6pg0ze\test_0.jpg
2026-02-14 08:35:14 | INFO     | face_search:searchFaces:174 | 搜索完成: 处理 1 个文件, 跳过 1 个文件, 找到 0 个匹配结果, 已取消: False
2026-02-14 08:35:14 | INFO     | face_search:searchFaces:70 | 开始搜索人脸: 文件夹=C:\Users\ADMINI~1\AppData\Local\Temp\tmpux6pg0ze, 阈值=0.3167542414944718
2026-02-14 08:35:14 | INFO     | face_search:searchFaces:83 | 扫描完成，找到 1 个图片文件
2026-02-14 08:35:14 | INFO     | face_detection:detectFaces:57 | 图片中未检测到人脸: C:\Users\ADMINI~1\AppData\Local\Temp\tmpux6pg0ze\test_0.jpg
2026-02-14 08:35:14 | INFO     | face_search:searchFaces:174 | 搜索完成: 处理 1 个文件, 跳过 1 个文件, 找到 0 个匹配结果, 已取消: False
2026-02-14 08:35:14 | INFO     | face_search:searchFaces:70 | 开始搜索人脸: 文件夹=C:\Users\ADMINI~1\AppData\Local\Temp\tmp4h368kh7, 阈值=6.903472549962098e-149
2026-02-14 08:35:14 | INFO     | face_search:searchFaces:83 | 扫描完成，找到 2 个图片文件
2026-02-14 08:35:14 | INFO     | face_detection:detectFaces:57 | 图片中未检测到人脸: C:\Users\ADMINI~1\AppData\Local\Temp\tmp4h368kh7\test_0.jpg
2026-02-14 08:35:14 | INFO     | face_detection:detectFaces:57 | 图片中未检测到人脸: C:\Users\ADMINI~1\AppData\Local\Temp\tmp4h368kh7\test_1.jpg
2026-02-14 08:35:14 | INFO     | face_search:searchFaces:174 | 搜索完成: 处理 2 个文件, 跳过 2 个文件, 找到 0 个匹配结果, 已取消: False
2026-02-14 08:35:14 | INFO     | face_search:searchFaces:70 | 开始搜索人脸: 文件夹=C:\Users\ADMINI~1\AppData\Local\Temp\tmp4h368kh7, 阈值=6.903472549962098e-149
2026-02-14 08:35:14 | INFO     | face_search:searchFaces:83 | 扫描完成，找到 2 个图片文件
2026-02-14 08:35:14 | INFO     | face_detection:detectFaces:57 | 图片中未检测到人脸: C:\Users\ADMINI~1\AppData\Local\Temp\tmp4h368kh7\test_0.jpg
2026-02-14 08:35:14 | INFO     | face_detection:detectFaces:57 | 图片中未检测到人脸: C:\Users\ADMINI~1\AppData\Local\Temp\tmp4h368kh7\test_1.jpg
2026-02-14 08:35:14 | INFO     | face_search:searchFaces:174 | 搜索完成: 处理 2 个文件, 跳过 2 个文件, 找到 0 个匹配结果, 已取消: False
2026-02-14 08:35:14 | INFO     | face_search:searchFaces:70 | 开始搜索人脸: 文件夹=C:\Users\ADMINI~1\AppData\Local\Temp\tmpx13_doap, 阈值=0.11013686602354536
2026-02-14 08:35:14 | INFO     | face_search:searchFaces:83 | 扫描完成，找到 7 个图片文件
2026-02-14 08:35:14 | INFO     | face_detection:detectFaces:57 | 图片中未检测到人脸: C:\Users\ADMINI~1\AppData\Local\Temp\tmpx13_doap\test_0.jpg
2026-02-14 08:35:14 | INFO     | face_detection:detectFaces:57 | 图片中未检测到人脸: C:\Users\ADMINI~1\AppData\Local\Temp\tmpx13_doap\test_1.jpg
2026-02-14 08:35:14 | INFO     | face_detection:detectFaces:57 | 图片中未检测到人脸: C:\Users\ADMINI~1\AppData\Local\Temp\tmpx13_doap\test_2.jpg
2026-02-14 08:35:14 | INFO     | face_detection:detectFaces:57 | 图片中未检测到人脸: C:\Users\ADMINI~1\AppData\Local\Temp\tmpx13_doap\test_3.jpg
2026-02-14 08:35:14 | INFO     | face_detection:detectFaces:57 | 图片中未检测到人脸: C:\Users\ADMINI~1\AppData\Local\Temp\tmpx13_doap\test_4.jpg
2026-02-14 08:35:14 | INFO     | face_detection:detectFaces:57 | 图片中未检测到人脸: C:\Users\ADMINI~1\AppData\Local\Temp\tmpx13_doap\test_5.jpg
2026-02-14 08:35:14 | INFO     | face_detection:detectFaces:57 | 图片中未检测到人脸: C:\Users\ADMINI~1\AppData\Local\Temp\tmpx13_doap\test_6.jpg
2026-02-14 08:35:14 | INFO     | face_search:searchFaces:174 | 搜索完成: 处理 7 个文件, 跳过 7 个文件, 找到 0 个匹配结果, 已取消: False
2026-02-14 08:35:14 | INFO     | face_search:searchFaces:70 | 开始搜索人脸: 文件夹=C:\Users\ADMINI~1\AppData\Local\Temp\tmpx13_doap, 阈值=0.11013686602354536
2026-02-14 08:35:14 | INFO     | face_search:searchFaces:83 | 扫描完成，找到 7 个图片文件
2026-02-14 08:35:14 | INFO     | face_detection:detectFaces:57 | 图片中未检测到人脸: C:\Users\ADMINI~1\AppData\Local\Temp\tmpx13_doap\test_0.jpg
2026-02-14 08:35:14 | INFO     | face_detection:detectFaces:57 | 图片中未检测到人脸: C:\Users\ADMINI~1\AppData\Local\Temp\tmpx13_doap\test_1.jpg
2026-02-14 08:35:14 | INFO     | face_detection:detectFaces:57 | 图片中未检测到人脸: C:\Users\ADMINI~1\AppData\Local\Temp\tmpx13_doap\test_2.jpg
2026-02-14 08:35:14 | INFO     | face_detection:detectFaces:57 | 图片中未检测到人脸: C:\Users\ADMINI~1\AppData\Local\Temp\tmpx13_doap\test_3.jpg
2026-02-14 08:35:14 | INFO     | face_detection:detectFaces:57 | 图片中未检测到人脸: C:\Users\ADMINI~1\AppData\Local\Temp\tmpx13_doap\test_4.jpg
2026-02-14 08:35:14 | INFO     | face_detection:detectFaces:57 | 图片中未检测到人脸: C:\Users\ADMINI~1\AppData\Local\Temp\tmpx13_doap\test_5.jpg
2026-02-14 08:35:14 | INFO     | face_detection:detectFaces:57 | 图片中未检测到人脸: C:\Users\ADMINI~1\AppData\Local\Temp\tmpx13_doap\test_6.jpg
2026-02-14 08:35:14 | INFO     | face_search:searchFaces:174 | 搜索完成: 处理 7 个文件, 跳过 7 个文件, 找到 0 个匹配结果, 已取消: False
2026-02-14 08:35:15 | INFO     | face_search:searchFaces:70 | 开始搜索人脸: 文件夹=C:\Users\ADMINI~1\AppData\Local\Temp\tmp207r8qlq, 阈值=5e-324
2026-02-14 08:35:15 | INFO     | face_search:searchFaces:83 | 扫描完成，找到 5 个图片文件
2026-02-14 08:35:15 | INFO     | face_detection:detectFaces:57 | 图片中未检测到人脸: C:\Users\ADMINI~1\AppData\Local\Temp\tmp207r8qlq\test_0.jpg
2026-02-14 08:35:15 | INFO     | face_detection:detectFaces:57 | 图片中未检测到人脸: C:\Users\ADMINI~1\AppData\Local\Temp\tmp207r8qlq\test_1.jpg
2026-02-14 08:35:15 | INFO     | face_detection:detectFaces:57 | 图片中未检测到人脸: C:\Users\ADMINI~1\AppData\Local\Temp\tmp207r8qlq\test_2.jpg
2026-02-14 08:35:15 | INFO     | face_detection:detectFaces:57 | 图片中未检测到人脸: C:\Users\ADMINI~1\AppData\Local\Temp\tmp207r8qlq\test_3.jpg
2026-02-14 08:35:15 | INFO     | face_detection:detectFaces:57 | 图片中未检测到人脸: C:\Users\ADMINI~1\AppData\Local\Temp\tmp207r8qlq\test_4.jpg
2026-02-14 08:35:15 | INFO     | face_search:searchFaces:174 | 搜索完成: 处理 5 个文件, 跳过 5 个文件, 找到 0 个匹配结果, 已取消: False
2026-02-14 08:35:15 | INFO     | face_search:searchFaces:70 | 开始搜索人脸: 文件夹=C:\Users\ADMINI~1\AppData\Local\Temp\tmp207r8qlq, 阈值=5e-324
2026-02-14 08:35:15 | INFO     | face_search:searchFaces:83 | 扫描完成，找到 5 个图片文件
2026-02-14 08:35:15 | INFO     | face_detection:detectFaces:57 | 图片中未检测到人脸: C:\Users\ADMINI~1\AppData\Local\Temp\tmp207r8qlq\test_0.jpg
2026-02-14 08:35:15 | INFO     | face_detection:detectFaces:57 | 图片中未检测到人脸: C:\Users\ADMINI~1\AppData\Local\Temp\tmp207r8qlq\test_1.jpg
2026-02-14 08:35:15 | INFO     | face_detection:detectFaces:57 | 图片中未检测到人脸: C:\Users\ADMINI~1\AppData\Local\Temp\tmp207r8qlq\test_2.jpg
2026-02-14 08:35:15 | INFO     | face_detection:detectFaces:57 | 图片中未检测到人脸: C:\Users\ADMINI~1\AppData\Local\Temp\tmp207r8qlq\test_3.jpg
2026-02-14 08:35:15 | INFO     | face_detection:detectFaces:57 | 图片中未检测到人脸: C:\Users\ADMINI~1\AppData\Local\Temp\tmp207r8qlq\test_4.jpg
2026-02-14 08:35:15 | INFO     | face_search:searchFaces:174 | 搜索完成: 处理 5 个文件, 跳过 5 个文件, 找到 0 个匹配结果, 已取消: False
2026-02-14 08:35:15 | INFO     | face_search:searchFaces:70 | 开始搜索人脸: 文件夹=C:\Users\ADMINI~1\AppData\Local\Temp\tmp_3ce0tca, 阈值=1.8180023824717893e-156
2026-02-14 08:35:15 | INFO     | face_search:searchFaces:83 | 扫描完成，找到 3 个图片文件
2026-02-14 08:35:15 | INFO     | face_detection:detectFaces:57 | 图片中未检测到人脸: C:\Users\ADMINI~1\AppData\Local\Temp\tmp_3ce0tca\test_0.jpg
2026-02-14 08:35:15 | INFO     | face_detection:detectFaces:57 | 图片中未检测到人脸: C:\Users\ADMINI~1\AppData\Local\Temp\tmp_3ce0tca\test_1.jpg
2026-02-14 08:35:15 | INFO     | face_detection:detectFaces:57 | 图片中未检测到人脸: C:\Users\ADMINI~1\AppData\Local\Temp\tmp_3ce0tca\test_2.jpg
2026-02-14 08:35:15 | INFO     | face_search:searchFaces:174 | 搜索完成: 处理 3 个文件, 跳过 3 个文件, 找到 0 个匹配结果, 已取消: False
2026-02-14 08:35:15 | INFO     | face_search:searchFaces:70 | 开始搜索人脸: 文件夹=C:\Users\ADMINI~1\AppData\Local\Temp\tmp_3ce0tca, 阈值=1.8180023824717893e-156
2026-02-14 08:35:15 | INFO     | face_search:searchFaces:83 | 扫描完成，找到 3 个图片文件
2026-02-14 08:35:15 | INFO     | face_detection:detectFaces:57 | 图片中未检测到人脸: C:\Users\ADMINI~1\AppData\Local\Temp\tmp_3ce0tca\test_0.jpg
2026-02-14 08:35:15 | INFO     | face_detection:detectFaces:57 | 图片中未检测到人脸: C:\Users\ADMINI~1\AppData\Local\Temp\tmp_3ce0tca\test_1.jpg
2026-02-14 08:35:15 | INFO     | face_detection:detectFaces:57 | 图片中未检测到人脸: C:\Users\ADMINI~1\AppData\Local\Temp\tmp_3ce0tca\test_2.jpg
2026-02-14 08:35:15 | INFO     | face_search:searchFaces:174 | 搜索完成: 处理 3 个文件, 跳过 3 个文件, 找到 0 个匹配结果, 已取消: False
2026-02-14 08:35:15 | INFO     | face_search:searchFaces:70 | 开始搜索人脸: 文件夹=C:\Users\ADMINI~1\AppData\Local\Temp\tmpfdtzfpec, 阈值=0.5335295715024034
2026-02-14 08:35:15 | INFO     | face_search:searchFaces:83 | 扫描完成，找到 1 个图片文件
2026-02-14 08:35:15 | INFO     | face_detection:detectFaces:57 | 图片中未检测到人脸: C:\Users\ADMINI~1\AppData\Local\Temp\tmpfdtzfpec\test_0.jpg
2026-02-14 08:35:15 | INFO     | face_search:searchFaces:174 | 搜索完成: 处理 1 个文件, 跳过 1 个文件, 找到 0 个匹配结果, 已取消: False
2026-02-14 08:35:15 | INFO     | face_search:searchFaces:70 | 开始搜索人脸: 文件夹=C:\Users\ADMINI~1\AppData\Local\Temp\tmpfdtzfpec, 阈值=0.5335295715024034
2026-02-14 08:35:15 | INFO     | face_search:searchFaces:83 | 扫描完成，找到 1 个图片文件
2026-02-14 08:35:15 | INFO     | face_detection:detectFaces:57 | 图片中未检测到人脸: C:\Users\ADMINI~1\AppData\Local\Temp\tmpfdtzfpec\test_0.jpg
2026-02-14 08:35:15 | INFO     | face_search:searchFaces:174 | 搜索完成: 处理 1 个文件, 跳过 1 个文件, 找到 0 个匹配结果, 已取消: False
2026-02-14 08:35:15 | INFO     | face_search:searchFaces:70 | 开始搜索人脸: 文件夹=C:\Users\ADMINI~1\AppData\Local\Temp\tmp6jz0jtaf, 阈值=5e-324
2026-02-14 08:35:15 | INFO     | face_search:searchFaces:83 | 扫描完成，找到 2 个图片文件
2026-02-14 08:35:15 | INFO     | face_detection:detectFaces:57 | 图片中未检测到人脸: C:\Users\ADMINI~1\AppData\Local\Temp\tmp6jz0jtaf\test_0.jpg
2026-02-14 08:35:15 | INFO     | face_detection:detectFaces:57 | 图片中未检测到人脸: C:\Users\ADMINI~1\AppData\Local\Temp\tmp6jz0jtaf\test_1.jpg
2026-02-14 08:35:15 | INFO     | face_search:searchFaces:174 | 搜索完成: 处理 2 个文件, 跳过 2 个文件, 找到 0 个匹配结果, 已取消: False
2026-02-14 08:35:15 | INFO     | face_search:searchFaces:70 | 开始搜索人脸: 文件夹=C:\Users\ADMINI~1\AppData\Local\Temp\tmp6jz0jtaf, 阈值=5e-324
2026-02-14 08:35:15 | INFO     | face_search:searchFaces:83 | 扫描完成，找到 2 个图片文件
2026-02-14 08:35:15 | INFO     | face_detection:detectFaces:57 | 图片中未检测到人脸: C:\Users\ADMINI~1\AppData\Local\Temp\tmp6jz0jtaf\test_0.jpg
2026-02-14 08:35:15 | INFO     | face_detection:detectFaces:57 | 图片中未检测到人脸: C:\Users\ADMINI~1\AppData\Local\Temp\tmp6jz0jtaf\test_1.jpg
2026-02-14 08:35:15 | INFO     | face_search:searchFaces:174 | 搜索完成: 处理 2 个文件, 跳过 2 个文件, 找到 0 个匹配结果, 已取消: False
2026-02-14 08:35:15 | INFO     | face_search:searchFaces:70 | 开始搜索人脸: 文件夹=C:\Users\ADMINI~1\AppData\Local\Temp\tmp94fyh1v2, 阈值=5e-324
2026-02-14 08:35:15 | INFO     | face_search:searchFaces:83 | 扫描完成，找到 2 个图片文件
2026-02-14 08:35:15 | INFO     | face_detection:detectFaces:57 | 图片中未检测到人脸: C:\Users\ADMINI~1\AppData\Local\Temp\tmp94fyh1v2\test_0.jpg
2026-02-14 08:35:15 | INFO     | face_detection:detectFaces:57 | 图片中未检测到人脸: C:\Users\ADMINI~1\AppData\Local\Temp\tmp94fyh1v2\test_1.jpg
2026-02-14 08:35:15 | INFO     | face_search:searchFaces:174 | 搜索完成: 处理 2 个文件, 跳过 2 个文件, 找到 0 个匹配结果, 已取消: False
2026-02-14 08:35:15 | INFO     | face_search:searchFaces:70 | 开始搜索人脸: 文件夹=C:\Users\ADMINI~1\AppData\Local\Temp\tmp94fyh1v2, 阈值=5e-324
2026-02-14 08:35:15 | INFO     | face_search:searchFaces:83 | 扫描完成，找到 2 个图片文件
2026-02-14 08:35:15 | INFO     | face_detection:detectFaces:57 | 图片中未检测到人脸: C:\Users\ADMINI~1\AppData\Local\Temp\tmp94fyh1v2\test_0.jpg
2026-02-14 08:35:15 | INFO     | face_detection:detectFaces:57 | 图片中未检测到人脸: C:\Users\ADMINI~1\AppData\Local\Temp\tmp94fyh1v2\test_1.jpg
2026-02-14 08:35:15 | INFO     | face_search:searchFaces:174 | 搜索完成: 处理 2 个文件, 跳过 2 个文件, 找到 0 个匹配结果, 已取消: False
2026-02-14 08:35:15 | INFO     | face_search:searchFaces:70 | 开始搜索人脸: 文件夹=C:\Users\ADMINI~1\AppData\Local\Temp\tmpsk6focui, 阈值=5e-324
2026-02-14 08:35:15 | INFO     | face_search:searchFaces:83 | 扫描完成，找到 2 个图片文件
2026-02-14 08:35:15 | INFO     | face_detection:detectFaces:57 | 图片中未检测到人脸: C:\Users\ADMINI~1\AppData\Local\Temp\tmpsk6focui\test_0.jpg
2026-02-14 08:35:15 | INFO     | face_detection:detectFaces:57 | 图片中未检测到人脸: C:\Users\ADMINI~1\AppData\Local\Temp\tmpsk6focui\test_1.jpg
2026-02-14 08:35:15 | INFO     | face_search:searchFaces:174 | 搜索完成: 处理 2 个文件, 跳过 2 个文件, 找到 0 个匹配结果, 已取消: False
2026-02-14 08:35:15 | INFO     | face_search:searchFaces:70 | 开始搜索人脸: 文件夹=C:\Users\ADMINI~1\AppData\Local\Temp\tmpsk6focui, 阈值=5e-324
2026-02-14 08:35:15 | INFO     | face_search:searchFaces:83 | 扫描完成，找到 2 个图片文件
2026-02-14 08:35:15 | INFO     | face_detection:detectFaces:57 | 图片中未检测到人脸: C:\Users\ADMINI~1\AppData\Local\Temp\tmpsk6focui\test_0.jpg
2026-02-14 08:35:15 | INFO     | face_detection:detectFaces:57 | 图片中未检测到人脸: C:\Users\ADMINI~1\AppData\Local\Temp\tmpsk6focui\test_1.jpg
2026-02-14 08:35:15 | INFO     | face_search:searchFaces:174 | 搜索完成: 处理 2 个文件, 跳过 2 个文件, 找到 0 个匹配结果, 已取消: False
2026-02-14 08:35:15 | INFO     | face_search:searchFaces:70 | 开始搜索人脸: 文件夹=C:\Users\ADMINI~1\AppData\Local\Temp\tmp65mrwgr3, 阈值=5e-324
2026-02-14 08:35:15 | INFO     | face_search:searchFaces:83 | 扫描完成，找到 2 个图片文件
2026-02-14 08:35:15 | INFO     | face_detection:detectFaces:57 | 图片中未检测到人脸: C:\Users\ADMINI~1\AppData\Local\Temp\tmp65mrwgr3\test_0.jpg
2026-02-14 08:35:15 | INFO     | face_detection:detectFaces:57 | 图片中未检测到人脸: C:\Users\ADMINI~1\AppData\Local\Temp\tmp65mrwgr3\test_1.jpg
2026-02-14 08:35:15 | INFO     | face_search:searchFaces:174 | 搜索完成: 处理 2 个文件, 跳过 2 个文件, 找到 0 个匹配结果, 已取消: False
2026-02-14 08:35:15 | INFO     | face_search:searchFaces:70 | 开始搜索人脸: 文件夹=C:\Users\ADMINI~1\AppData\Local\Temp\tmp65mrwgr3, 阈值=5e-324
2026-02-14 08:35:15 | INFO     | face_search:searchFaces:83 | 扫描完成，找到 2 个图片文件
2026-02-14 08:35:15 | INFO     | face_detection:detectFaces:57 | 图片中未检测到人脸: C:\Users\ADMINI~1\AppData\Local\Temp\tmp65mrwgr3\test_0.jpg
2026-02-14 08:35:15 | INFO     | face_detection:detectFaces:57 | 图片中未检测到人脸: C:\Users\ADMINI~1\AppData\Local\Temp\tmp65mrwgr3\test_1.jpg
2026-02-14 08:35:15 | INFO     | face_search:searchFaces:174 | 搜索完成: 处理 2 个文件, 跳过 2 个文件, 找到 0 个匹配结果, 已取消: False
2026-02-14 08:35:15 | INFO     | face_search:searchFaces:70 | 开始搜索人脸: 文件夹=C:\Users\ADMINI~1\AppData\Local\Temp\tmpsg51s6rn, 阈值=5e-324
2026-02-14 08:35:15 | INFO     | face_search:searchFaces:83 | 扫描完成，找到 2 个图片文件
2026-02-14 08:35:15 | INFO     | face_detection:detectFaces:57 | 图片中未检测到人脸: C:\Users\ADMINI~1\AppData\Local\Temp\tmpsg51s6rn\test_0.jpg
2026-02-14 08:35:15 | INFO     | face_detection:detectFaces:57 | 图片中未检测到人脸: C:\Users\ADMINI~1\AppData\Local\Temp\tmpsg51s6rn\test_1.jpg
2026-02-14 08:35:15 | INFO     | face_search:searchFaces:174 | 搜索完成: 处理 2 个文件, 跳过 2 个文件, 找到 0 个匹配结果, 已取消: False
2026-02-14 08:35:15 | INFO     | face_search:searchFaces:70 | 开始搜索人脸: 文件夹=C:\Users\ADMINI~1\AppData\Local\Temp\tmpsg51s6rn, 阈值=5e-324
2026-02-14 08:35:15 | INFO     | face_search:searchFaces:83 | 扫描完成，找到 2 个图片文件
2026-02-14 08:35:15 | INFO     | face_detection:detectFaces:57 | 图片中未检测到人脸: C:\Users\ADMINI~1\AppData\Local\Temp\tmpsg51s6rn\test_0.jpg
2026-02-14 08:35:15 | INFO     | face_detection:detectFaces:57 | 图片中未检测到人脸: C:\Users\ADMINI~1\AppData\Local\Temp\tmpsg51s6rn\test_1.jpg
2026-02-14 08:35:15 | INFO     | face_search:searchFaces:174 | 搜索完成: 处理 2 个文件, 跳过 2 个文件, 找到 0 个匹配结果, 已取消: False
2026-02-14 08:35:15 | INFO     | face_search:searchFaces:70 | 开始搜索人脸: 文件夹=C:\Users\ADMINI~1\AppData\Local\Temp\tmp5quaoi0f, 阈值=0.0
2026-02-14 08:35:15 | INFO     | face_search:searchFaces:83 | 扫描完成，找到 1 个图片文件
2026-02-14 08:35:15 | INFO     | face_detection:detectFaces:57 | 图片中未检测到人脸: C:\Users\ADMINI~1\AppData\Local\Temp\tmp5quaoi0f\test_0.jpg
2026-02-14 08:35:15 | INFO     | face_search:searchFaces:174 | 搜索完成: 处理 1 个文件, 跳过 1 个文件, 找到 0 个匹配结果, 已取消: False
2026-02-14 08:35:15 | INFO     | face_search:searchFaces:70 | 开始搜索人脸: 文件夹=C:\Users\ADMINI~1\AppData\Local\Temp\tmprip89a63, 阈值=0.0
2026-02-14 08:35:15 | INFO     | face_search:searchFaces:83 | 扫描完成，找到 4 个图片文件
2026-02-14 08:35:15 | INFO     | face_detection:detectFaces:57 | 图片中未检测到人脸: C:\Users\ADMINI~1\AppData\Local\Temp\tmprip89a63\test_0.jpg
2026-02-14 08:35:15 | INFO     | face_detection:detectFaces:57 | 图片中未检测到人脸: C:\Users\ADMINI~1\AppData\Local\Temp\tmprip89a63\test_1.jpg
2026-02-14 08:35:15 | INFO     | face_detection:detectFaces:57 | 图片中未检测到人脸: C:\Users\ADMINI~1\AppData\Local\Temp\tmprip89a63\test_2.jpg
2026-02-14 08:35:15 | INFO     | face_detection:detectFaces:57 | 图片中未检测到人脸: C:\Users\ADMINI~1\AppData\Local\Temp\tmprip89a63\test_3.jpg
2026-02-14 08:35:15 | INFO     | face_search:searchFaces:174 | 搜索完成: 处理 4 个文件, 跳过 4 个文件, 找到 0 个匹配结果, 已取消: False
2026-02-14 08:35:15 | INFO     | face_search:searchFaces:70 | 开始搜索人脸: 文件夹=C:\Users\ADMINI~1\AppData\Local\Temp\tmpa1tp8h3k, 阈值=0.2813955282226753
2026-02-14 08:35:15 | INFO     | face_search:searchFaces:83 | 扫描完成，找到 4 个图片文件
2026-02-14 08:35:16 | INFO     | face_detection:detectFaces:57 | 图片中未检测到人脸: C:\Users\ADMINI~1\AppData\Local\Temp\tmpa1tp8h3k\test_0.jpg
2026-02-14 08:35:16 | INFO     | face_detection:detectFaces:57 | 图片中未检测到人脸: C:\Users\ADMINI~1\AppData\Local\Temp\tmpa1tp8h3k\test_1.jpg
2026-02-14 08:35:16 | INFO     | face_detection:detectFaces:57 | 图片中未检测到人脸: C:\Users\ADMINI~1\AppData\Local\Temp\tmpa1tp8h3k\test_2.jpg
2026-02-14 08:35:16 | INFO     | face_detection:detectFaces:57 | 图片中未检测到人脸: C:\Users\ADMINI~1\AppData\Local\Temp\tmpa1tp8h3k\test_3.jpg
2026-02-14 08:35:16 | INFO     | face_search:searchFaces:174 | 搜索完成: 处理 4 个文件, 跳过 4 个文件, 找到 0 个匹配结果, 已取消: False
2026-02-14 08:35:16 | INFO     | face_search:searchFaces:70 | 开始搜索人脸: 文件夹=C:\Users\ADMINI~1\AppData\Local\Temp\tmpz2c5huxl, 阈值=0.0
2026-02-14 08:35:16 | INFO     | face_search:searchFaces:83 | 扫描完成，找到 8 个图片文件
2026-02-14 08:35:16 | INFO     | face_detection:detectFaces:57 | 图片中未检测到人脸: C:\Users\ADMINI~1\AppData\Local\Temp\tmpz2c5huxl\test_0.jpg
2026-02-14 08:35:16 | INFO     | face_detection:detectFaces:57 | 图片中未检测到人脸: C:\Users\ADMINI~1\AppData\Local\Temp\tmpz2c5huxl\test_1.jpg
2026-02-14 08:35:16 | INFO     | face_detection:detectFaces:57 | 图片中未检测到人脸: C:\Users\ADMINI~1\AppData\Local\Temp\tmpz2c5huxl\test_2.jpg
2026-02-14 08:35:16 | INFO     | face_detection:detectFaces:57 | 图片中未检测到人脸: C:\Users\ADMINI~1\AppData\Local\Temp\tmpz2c5huxl\test_3.jpg
2026-02-14 08:35:16 | INFO     | face_detection:detectFaces:57 | 图片中未检测到人脸: C:\Users\ADMINI~1\AppData\Local\Temp\tmpz2c5huxl\test_4.jpg
2026-02-14 08:35:16 | INFO     | face_detection:detectFaces:57 | 图片中未检测到人脸: C:\Users\ADMINI~1\AppData\Local\Temp\tmpz2c5huxl\test_5.jpg
2026-02-14 08:35:16 | INFO     | face_detection:detectFaces:57 | 图片中未检测到人脸: C:\Users\ADMINI~1\AppData\Local\Temp\tmpz2c5huxl\test_6.jpg
2026-02-14 08:35:16 | INFO     | face_detection:detectFaces:57 | 图片中未检测到人脸: C:\Users\ADMINI~1\AppData\Local\Temp\tmpz2c5huxl\test_7.jpg
2026-02-14 08:35:16 | INFO     | face_search:searchFaces:174 | 搜索完成: 处理 8 个文件, 跳过 8 个文件, 找到 0 个匹配结果, 已取消: False
2026-02-14 08:35:16 | INFO     | face_search:searchFaces:70 | 开始搜索人脸: 文件夹=C:\Users\ADMINI~1\AppData\Local\Temp\tmp86zwhgar, 阈值=0.7731024723248845
2026-02-14 08:35:16 | INFO     | face_search:searchFaces:83 | 扫描完成，找到 8 个图片文件
2026-02-14 08:35:16 | INFO     | face_detection:detectFaces:57 | 图片中未检测到人脸: C:\Users\ADMINI~1\AppData\Local\Temp\tmp86zwhgar\test_0.jpg
2026-02-14 08:35:16 | INFO     | face_detection:detectFaces:57 | 图片中未检测到人脸: C:\Users\ADMINI~1\AppData\Local\Temp\tmp86zwhgar\test_1.jpg
2026-02-14 08:35:16 | INFO     | face_detection:detectFaces:57 | 图片中未检测到人脸: C:\Users\ADMINI~1\AppData\Local\Temp\tmp86zwhgar\test_2.jpg
2026-02-14 08:35:16 | INFO     | face_detection:detectFaces:57 | 图片中未检测到人脸: C:\Users\ADMINI~1\AppData\Local\Temp\tmp86zwhgar\test_3.jpg
2026-02-14 08:35:16 | INFO     | face_detection:detectFaces:57 | 图片中未检测到人脸: C:\Users\ADMINI~1\AppData\Local\Temp\tmp86zwhgar\test_4.jpg
2026-02-14 08:35:16 | INFO     | face_detection:detectFaces:57 | 图片中未检测到人脸: C:\Users\ADMINI~1\AppData\Local\Temp\tmp86zwhgar\test_5.jpg
2026-02-14 08:35:16 | INFO     | face_detection:detectFaces:57 | 图片中未检测到人脸: C:\Users\ADMINI~1\AppData\Local\Temp\tmp86zwhgar\test_6.jpg
2026-02-14 08:35:16 | INFO     | face_detection:detectFaces:57 | 图片中未检测到人脸: C:\Users\ADMINI~1\AppData\Local\Temp\tmp86zwhgar\test_7.jpg
2026-02-14 08:35:16 | INFO     | face_search:searchFaces:174 | 搜索完成: 处理 8 个文件, 跳过 8 个文件, 找到 0 个匹配结果, 已取消: False
2026-02-14 08:35:16 | INFO     | face_search:searchFaces:70 | 开始搜索人脸: 文件夹=C:\Users\ADMINI~1\AppData\Local\Temp\tmp9bx1_k2s, 阈值=0.0
2026-02-14 08:35:16 | INFO     | face_search:searchFaces:83 | 扫描完成，找到 6 个图片文件
2026-02-14 08:35:16 | INFO     | face_detection:detectFaces:57 | 图片中未检测到人脸: C:\Users\ADMINI~1\AppData\Local\Temp\tmp9bx1_k2s\test_0.jpg
2026-02-14 08:35:16 | INFO     | face_detection:detectFaces:57 | 图片中未检测到人脸: C:\Users\ADMINI~1\AppData\Local\Temp\tmp9bx1_k2s\test_1.jpg
2026-02-14 08:35:16 | INFO     | face_detection:detectFaces:57 | 图片中未检测到人脸: C:\Users\ADMINI~1\AppData\Local\Temp\tmp9bx1_k2s\test_2.jpg
2026-02-14 08:35:16 | INFO     | face_detection:detectFaces:57 | 图片中未检测到人脸: C:\Users\ADMINI~1\AppData\Local\Temp\tmp9bx1_k2s\test_3.jpg
2026-02-14 08:35:16 | INFO     | face_detection:detectFaces:57 | 图片中未检测到人脸: C:\Users\ADMINI~1\AppData\Local\Temp\tmp9bx1_k2s\test_4.jpg
2026-02-14 08:35:16 | INFO     | face_detection:detectFaces:57 | 图片中未检测到人脸: C:\Users\ADMINI~1\AppData\Local\Temp\tmp9bx1_k2s\test_5.jpg
2026-02-14 08:35:16 | INFO     | face_search:searchFaces:174 | 搜索完成: 处理 6 个文件, 跳过 6 个文件, 找到 0 个匹配结果, 已取消: False
2026-02-14 08:35:16 | INFO     | face_search:searchFaces:70 | 开始搜索人脸: 文件夹=C:\Users\ADMINI~1\AppData\Local\Temp\tmppr9_s7ct, 阈值=0.44093450820518487
2026-02-14 08:35:16 | INFO     | face_search:searchFaces:83 | 扫描完成，找到 6 个图片文件
2026-02-14 08:35:16 | INFO     | face_detection:detectFaces:57 | 图片中未检测到人脸: C:\Users\ADMINI~1\AppData\Local\Temp\tmppr9_s7ct\test_0.jpg
2026-02-14 08:35:16 | INFO     | face_detection:detectFaces:57 | 图片中未检测到人脸: C:\Users\ADMINI~1\AppData\Local\Temp\tmppr9_s7ct\test_1.jpg
2026-02-14 08:35:16 | INFO     | face_detection:detectFaces:57 | 图片中未检测到人脸: C:\Users\ADMINI~1\AppData\Local\Temp\tmppr9_s7ct\test_2.jpg
2026-02-14 08:35:16 | INFO     | face_detection:detectFaces:57 | 图片中未检测到人脸: C:\Users\ADMINI~1\AppData\Local\Temp\tmppr9_s7ct\test_3.jpg
2026-02-14 08:35:16 | INFO     | face_detection:detectFaces:57 | 图片中未检测到人脸: C:\Users\ADMINI~1\AppData\Local\Temp\tmppr9_s7ct\test_4.jpg
2026-02-14 08:35:16 | INFO     | face_detection:detectFaces:57 | 图片中未检测到人脸: C:\Users\ADMINI~1\AppData\Local\Temp\tmppr9_s7ct\test_5.jpg
2026-02-14 08:35:16 | INFO     | face_search:searchFaces:174 | 搜索完成: 处理 6 个文件, 跳过 6 个文件, 找到 0 个匹配结果, 已取消: False
2026-02-14 08:35:16 | INFO     | face_search:searchFaces:70 | 开始搜索人脸: 文件夹=C:\Users\ADMINI~1\AppData\Local\Temp\tmp8v6t9lj3, 阈值=0.38082388402245904
2026-02-14 08:35:16 | INFO     | face_search:searchFaces:83 | 扫描完成，找到 1 个图片文件
2026-02-14 08:35:16 | INFO     | face_detection:detectFaces:57 | 图片中未检测到人脸: C:\Users\ADMINI~1\AppData\Local\Temp\tmp8v6t9lj3\test_0.jpg
2026-02-14 08:35:16 | INFO     | face_search:searchFaces:174 | 搜索完成: 处理 1 个文件, 跳过 1 个文件, 找到 0 个匹配结果, 已取消: False
2026-02-14 08:35:16 | INFO     | face_search:searchFaces:70 | 开始搜索人脸: 文件夹=C:\Users\ADMINI~1\AppData\Local\Temp\tmp7t1gfgem, 阈值=0.25586359247207097
2026-02-14 08:35:16 | INFO     | face_search:searchFaces:83 | 扫描完成，找到 1 个图片文件
2026-02-14 08:35:16 | INFO     | face_detection:detectFaces:57 | 图片中未检测到人脸: C:\Users\ADMINI~1\AppData\Local\Temp\tmp7t1gfgem\test_0.jpg
2026-02-14 08:35:16 | INFO     | face_search:searchFaces:174 | 搜索完成: 处理 1 个文件, 跳过 1 个文件, 找到 0 个匹配结果, 已取消: False
2026-02-14 08:35:16 | INFO     | face_search:searchFaces:70 | 开始搜索人脸: 文件夹=C:\Users\ADMINI~1\AppData\Local\Temp\tmpylaj4z71, 阈值=0.29080146522394307
2026-02-14 08:35:16 | INFO     | face_search:searchFaces:83 | 扫描完成，找到 10 个图片文件
2026-02-14 08:35:16 | INFO     | face_detection:detectFaces:57 | 图片中未检测到人脸: C:\Users\ADMINI~1\AppData\Local\Temp\tmpylaj4z71\test_0.jpg
2026-02-14 08:35:16 | INFO     | face_detection:detectFaces:57 | 图片中未检测到人脸: C:\Users\ADMINI~1\AppData\Local\Temp\tmpylaj4z71\test_1.jpg
2026-02-14 08:35:16 | INFO     | face_detection:detectFaces:57 | 图片中未检测到人脸: C:\Users\ADMINI~1\AppData\Local\Temp\tmpylaj4z71\test_2.jpg
2026-02-14 08:35:16 | INFO     | face_detection:detectFaces:57 | 图片中未检测到人脸: C:\Users\ADMINI~1\AppData\Local\Temp\tmpylaj4z71\test_3.jpg
2026-02-14 08:35:16 | INFO     | face_detection:detectFaces:57 | 图片中未检测到人脸: C:\Users\ADMINI~1\AppData\Local\Temp\tmpylaj4z71\test_4.jpg
2026-02-14 08:35:16 | INFO     | face_detection:detectFaces:57 | 图片中未检测到人脸: C:\Users\ADMINI~1\AppData\Local\Temp\tmpylaj4z71\test_5.jpg
2026-02-14 08:35:16 | INFO     | face_detection:detectFaces:57 | 图片中未检测到人脸: C:\Users\ADMINI~1\AppData\Local\Temp\tmpylaj4z71\test_6.jpg
2026-02-14 08:35:16 | INFO     | face_detection:detectFaces:57 | 图片中未检测到人脸: C:\Users\ADMINI~1\AppData\Local\Temp\tmpylaj4z71\test_7.jpg
2026-02-14 08:35:16 | INFO     | face_detection:detectFaces:57 | 图片中未检测到人脸: C:\Users\ADMINI~1\AppData\Local\Temp\tmpylaj4z71\test_8.jpg
2026-02-14 08:35:16 | INFO     | face_detection:detectFaces:57 | 图片中未检测到人脸: C:\Users\ADMINI~1\AppData\Local\Temp\tmpylaj4z71\test_9.jpg
2026-02-14 08:35:16 | INFO     | face_search:searchFaces:174 | 搜索完成: 处理 10 个文件, 跳过 10 个文件, 找到 0 个匹配结果, 已取消: False
2026-02-14 08:35:17 | INFO     | face_search:searchFaces:70 | 开始搜索人脸: 文件夹=C:\Users\ADMINI~1\AppData\Local\Temp\tmpp6v66u23, 阈值=2.246838538068156e-177
2026-02-14 08:35:17 | INFO     | face_search:searchFaces:83 | 扫描完成，找到 7 个图片文件
2026-02-14 08:35:17 | INFO     | face_detection:detectFaces:57 | 图片中未检测到人脸: C:\Users\ADMINI~1\AppData\Local\Temp\tmpp6v66u23\test_0.jpg
2026-02-14 08:35:17 | INFO     | face_detection:detectFaces:57 | 图片中未检测到人脸: C:\Users\ADMINI~1\AppData\Local\Temp\tmpp6v66u23\test_1.jpg
2026-02-14 08:35:17 | INFO     | face_detection:detectFaces:57 | 图片中未检测到人脸: C:\Users\ADMINI~1\AppData\Local\Temp\tmpp6v66u23\test_2.jpg
2026-02-14 08:35:17 | INFO     | face_detection:detectFaces:57 | 图片中未检测到人脸: C:\Users\ADMINI~1\AppData\Local\Temp\tmpp6v66u23\test_3.jpg
2026-02-14 08:35:17 | INFO     | face_detection:detectFaces:57 | 图片中未检测到人脸: C:\Users\ADMINI~1\AppData\Local\Temp\tmpp6v66u23\test_4.jpg
2026-02-14 08:35:17 | INFO     | face_detection:detectFaces:57 | 图片中未检测到人脸: C:\Users\ADMINI~1\AppData\Local\Temp\tmpp6v66u23\test_5.jpg
2026-02-14 08:35:17 | INFO     | face_detection:detectFaces:57 | 图片中未检测到人脸: C:\Users\ADMINI~1\AppData\Local\Temp\tmpp6v66u23\test_6.jpg
2026-02-14 08:35:17 | INFO     | face_search:searchFaces:174 | 搜索完成: 处理 7 个文件, 跳过 7 个文件, 找到 0 个匹配结果, 已取消: False
2026-02-14 08:35:17 | INFO     | face_search:searchFaces:70 | 开始搜索人脸: 文件夹=C:\Users\ADMINI~1\AppData\Local\Temp\tmptuztvnfy, 阈值=2.246838538068156e-177
2026-02-14 08:35:17 | INFO     | face_search:searchFaces:83 | 扫描完成，找到 7 个图片文件
2026-02-14 08:35:17 | INFO     | face_detection:detectFaces:57 | 图片中未检测到人脸: C:\Users\ADMINI~1\AppData\Local\Temp\tmptuztvnfy\test_0.jpg
2026-02-14 08:35:17 | INFO     | face_detection:detectFaces:57 | 图片中未检测到人脸: C:\Users\ADMINI~1\AppData\Local\Temp\tmptuztvnfy\test_1.jpg
2026-02-14 08:35:17 | INFO     | face_detection:detectFaces:57 | 图片中未检测到人脸: C:\Users\ADMINI~1\AppData\Local\Temp\tmptuztvnfy\test_2.jpg
2026-02-14 08:35:17 | INFO     | face_detection:detectFaces:57 | 图片中未检测到人脸: C:\Users\ADMINI~1\AppData\Local\Temp\tmptuztvnfy\test_3.jpg
2026-02-14 08:35:17 | INFO     | face_detection:detectFaces:57 | 图片中未检测到人脸: C:\Users\ADMINI~1\AppData\Local\Temp\tmptuztvnfy\test_4.jpg
2026-02-14 08:35:17 | INFO     | face_detection:detectFaces:57 | 图片中未检测到人脸: C:\Users\ADMINI~1\AppData\Local\Temp\tmptuztvnfy\test_5.jpg
2026-02-14 08:35:17 | INFO     | face_detection:detectFaces:57 | 图片中未检测到人脸: C:\Users\ADMINI~1\AppData\Local\Temp\tmptuztvnfy\test_6.jpg
2026-02-14 08:35:17 | INFO     | face_search:searchFaces:174 | 搜索完成: 处理 7 个文件, 跳过 7 个文件, 找到 0 个匹配结果, 已取消: False
2026-02-14 08:35:17 | INFO     | face_search:searchFaces:70 | 开始搜索人脸: 文件夹=C:\Users\ADMINI~1\AppData\Local\Temp\tmpttd61_7z, 阈值=2.246838538068156e-177
2026-02-14 08:35:17 | INFO     | face_search:searchFaces:83 | 扫描完成，找到 7 个图片文件
2026-02-14 08:35:17 | INFO     | face_detection:detectFaces:57 | 图片中未检测到人脸: C:\Users\ADMINI~1\AppData\Local\Temp\tmpttd61_7z\test_0.jpg
2026-02-14 08:35:17 | INFO     | face_detection:detectFaces:57 | 图片中未检测到人脸: C:\Users\ADMINI~1\AppData\Local\Temp\tmpttd61_7z\test_1.jpg
2026-02-14 08:35:17 | INFO     | face_detection:detectFaces:57 | 图片中未检测到人脸: C:\Users\ADMINI~1\AppData\Local\Temp\tmpttd61_7z\test_2.jpg
2026-02-14 08:35:17 | INFO     | face_detection:detectFaces:57 | 图片中未检测到人脸: C:\Users\ADMINI~1\AppData\Local\Temp\tmpttd61_7z\test_3.jpg
2026-02-14 08:35:17 | INFO     | face_detection:detectFaces:57 | 图片中未检测到人脸: C:\Users\ADMINI~1\AppData\Local\Temp\tmpttd61_7z\test_4.jpg
2026-02-14 08:35:17 | INFO     | face_detection:detectFaces:57 | 图片中未检测到人脸: C:\Users\ADMINI~1\AppData\Local\Temp\tmpttd61_7z\test_5.jpg
2026-02-14 08:35:17 | INFO     | face_detection:detectFaces:57 | 图片中未检测到人脸: C:\Users\ADMINI~1\AppData\Local\Temp\tmpttd61_7z\test_6.jpg
2026-02-14 08:35:17 | INFO     | face_search:searchFaces:174 | 搜索完成: 处理 7 个文件, 跳过 7 个文件, 找到 0 个匹配结果, 已取消: False
2026-02-14 08:35:17 | INFO     | face_search:searchFaces:70 | 开始搜索人脸: 文件夹=C:\Users\ADMINI~1\AppData\Local\Temp\tmpr6rmxc1_, 阈值=2.246838538068156e-177
2026-02-14 08:35:17 | INFO     | face_search:searchFaces:83 | 扫描完成，找到 7 个图片文件
2026-02-14 08:35:17 | INFO     | face_detection:detectFaces:57 | 图片中未检测到人脸: C:\Users\ADMINI~1\AppData\Local\Temp\tmpr6rmxc1_\test_0.jpg
2026-02-14 08:35:17 | INFO     | face_detection:detectFaces:57 | 图片中未检测到人脸: C:\Users\ADMINI~1\AppData\Local\Temp\tmpr6rmxc1_\test_1.jpg
2026-02-14 08:35:17 | INFO     | face_detection:detectFaces:57 | 图片中未检测到人脸: C:\Users\ADMINI~1\AppData\Local\Temp\tmpr6rmxc1_\test_2.jpg
2026-02-14 08:35:17 | INFO     | face_detection:detectFaces:57 | 图片中未检测到人脸: C:\Users\ADMINI~1\AppData\Local\Temp\tmpr6rmxc1_\test_3.jpg
2026-02-14 08:35:17 | INFO     | face_detection:detectFaces:57 | 图片中未检测到人脸: C:\Users\ADMINI~1\AppData\Local\Temp\tmpr6rmxc1_\test_4.jpg
2026-02-14 08:35:17 | INFO     | face_detection:detectFaces:57 | 图片中未检测到人脸: C:\Users\ADMINI~1\AppData\Local\Temp\tmpr6rmxc1_\test_5.jpg
2026-02-14 08:35:17 | INFO     | face_detection:detectFaces:57 | 图片中未检测到人脸: C:\Users\ADMINI~1\AppData\Local\Temp\tmpr6rmxc1_\test_6.jpg
2026-02-14 08:35:17 | INFO     | face_search:searchFaces:174 | 搜索完成: 处理 7 个文件, 跳过 7 个文件, 找到 0 个匹配结果, 已取消: False
2026-02-14 08:35:17 | INFO     | face_search:searchFaces:70 | 开始搜索人脸: 文件夹=C:\Users\ADMINI~1\AppData\Local\Temp\tmp6w83uyaf, 阈值=2.246838538068156e-177
2026-02-14 08:35:17 | INFO     | face_search:searchFaces:83 | 扫描完成，找到 7 个图片文件
2026-02-14 08:35:17 | INFO     | face_detection:detectFaces:57 | 图片中未检测到人脸: C:\Users\ADMINI~1\AppData\Local\Temp\tmp6w83uyaf\test_0.jpg
2026-02-14 08:35:17 | INFO     | face_detection:detectFaces:57 | 图片中未检测到人脸: C:\Users\ADMINI~1\AppData\Local\Temp\tmp6w83uyaf\test_1.jpg
2026-02-14 08:35:17 | INFO     | face_detection:detectFaces:57 | 图片中未检测到人脸: C:\Users\ADMINI~1\AppData\Local\Temp\tmp6w83uyaf\test_2.jpg
2026-02-14 08:35:17 | INFO     | face_detection:detectFaces:57 | 图片中未检测到人脸: C:\Users\ADMINI~1\AppData\Local\Temp\tmp6w83uyaf\test_3.jpg
2026-02-14 08:35:17 | INFO     | face_detection:detectFaces:57 | 图片中未检测到人脸: C:\Users\ADMINI~1\AppData\Local\Temp\tmp6w83uyaf\test_4.jpg
2026-02-14 08:35:17 | INFO     | face_detection:detectFaces:57 | 图片中未检测到人脸: C:\Users\ADMINI~1\AppData\Local\Temp\tmp6w83uyaf\test_5.jpg
2026-02-14 08:35:17 | INFO     | face_detection:detectFaces:57 | 图片中未检测到人脸: C:\Users\ADMINI~1\AppData\Local\Temp\tmp6w83uyaf\test_6.jpg
2026-02-14 08:35:17 | INFO     | face_search:searchFaces:174 | 搜索完成: 处理 7 个文件, 跳过 7 个文件, 找到 0 个匹配结果, 已取消: False
2026-02-14 08:35:17 | INFO     | face_search:searchFaces:70 | 开始搜索人脸: 文件夹=C:\Users\ADMINI~1\AppData\Local\Temp\tmpls71bh_t, 阈值=2.246838538068156e-177
2026-02-14 08:35:17 | INFO     | face_search:searchFaces:83 | 扫描完成，找到 7 个图片文件
2026-02-14 08:35:17 | INFO     | face_detection:detectFaces:57 | 图片中未检测到人脸: C:\Users\ADMINI~1\AppData\Local\Temp\tmpls71bh_t\test_0.jpg
2026-02-14 08:35:17 | INFO     | face_detection:detectFaces:57 | 图片中未检测到人脸: C:\Users\ADMINI~1\AppData\Local\Temp\tmpls71bh_t\test_1.jpg
2026-02-14 08:35:17 | INFO     | face_detection:detectFaces:57 | 图片中未检测到人脸: C:\Users\ADMINI~1\AppData\Local\Temp\tmpls71bh_t\test_2.jpg
2026-02-14 08:35:17 | INFO     | face_detection:detectFaces:57 | 图片中未检测到人脸: C:\Users\ADMINI~1\AppData\Local\Temp\tmpls71bh_t\test_3.jpg
2026-02-14 08:35:17 | INFO     | face_detection:detectFaces:57 | 图片中未检测到人脸: C:\Users\ADMINI~1\AppData\Local\Temp\tmpls71bh_t\test_4.jpg
2026-02-14 08:35:17 | INFO     | face_detection:detectFaces:57 | 图片中未检测到人脸: C:\Users\ADMINI~1\AppData\Local\Temp\tmpls71bh_t\test_5.jpg
2026-02-14 08:35:17 | INFO     | face_detection:detectFaces:57 | 图片中未检测到人脸: C:\Users\ADMINI~1\AppData\Local\Temp\tmpls71bh_t\test_6.jpg
2026-02-14 08:35:17 | INFO     | face_search:searchFaces:174 | 搜索完成: 处理 7 个文件, 跳过 7 个文件, 找到 0 个匹配结果, 已取消: False
2026-02-14 08:35:17 | INFO     | face_search:searchFaces:70 | 开始搜索人脸: 文件夹=C:\Users\ADMINI~1\AppData\Local\Temp\tmpy0dmyili, 阈值=2.246838538068156e-177
2026-02-14 08:35:17 | INFO     | face_search:searchFaces:83 | 扫描完成，找到 7 个图片文件
2026-02-14 08:35:17 | INFO     | face_detection:detectFaces:57 | 图片中未检测到人脸: C:\Users\ADMINI~1\AppData\Local\Temp\tmpy0dmyili\test_0.jpg
2026-02-14 08:35:17 | INFO     | face_detection:detectFaces:57 | 图片中未检测到人脸: C:\Users\ADMINI~1\AppData\Local\Temp\tmpy0dmyili\test_1.jpg
2026-02-14 08:35:17 | INFO     | face_detection:detectFaces:57 | 图片中未检测到人脸: C:\Users\ADMINI~1\AppData\Local\Temp\tmpy0dmyili\test_2.jpg
2026-02-14 08:35:17 | INFO     | face_detection:detectFaces:57 | 图片中未检测到人脸: C:\Users\ADMINI~1\AppData\Local\Temp\tmpy0dmyili\test_3.jpg
2026-02-14 08:35:17 | INFO     | face_detection:detectFaces:57 | 图片中未检测到人脸: C:\Users\ADMINI~1\AppData\Local\Temp\tmpy0dmyili\test_4.jpg
2026-02-14 08:35:17 | INFO     | face_detection:detectFaces:57 | 图片中未检测到人脸: C:\Users\ADMINI~1\AppData\Local\Temp\tmpy0dmyili\test_5.jpg
2026-02-14 08:35:18 | INFO     | face_detection:detectFaces:57 | 图片中未检测到人脸: C:\Users\ADMINI~1\AppData\Local\Temp\tmpy0dmyili\test_6.jpg
2026-02-14 08:35:18 | INFO     | face_search:searchFaces:174 | 搜索完成: 处理 7 个文件, 跳过 7 个文件, 找到 0 个匹配结果, 已取消: False
2026-02-14 08:35:18 | INFO     | face_search:searchFaces:70 | 开始搜索人脸: 文件夹=C:\Users\ADMINI~1\AppData\Local\Temp\tmpe4j11v2e, 阈值=5.675065328430418e-32
2026-02-14 08:35:18 | INFO     | face_search:searchFaces:83 | 扫描完成，找到 3 个图片文件
2026-02-14 08:35:18 | INFO     | face_detection:detectFaces:57 | 图片中未检测到人脸: C:\Users\ADMINI~1\AppData\Local\Temp\tmpe4j11v2e\test_0.jpg
2026-02-14 08:35:18 | INFO     | face_detection:detectFaces:57 | 图片中未检测到人脸: C:\Users\ADMINI~1\AppData\Local\Temp\tmpe4j11v2e\test_1.jpg
2026-02-14 08:35:18 | INFO     | face_detection:detectFaces:57 | 图片中未检测到人脸: C:\Users\ADMINI~1\AppData\Local\Temp\tmpe4j11v2e\test_2.jpg
2026-02-14 08:35:18 | INFO     | face_search:searchFaces:174 | 搜索完成: 处理 3 个文件, 跳过 3 个文件, 找到 0 个匹配结果, 已取消: False
2026-02-14 08:35:18 | INFO     | face_search:searchFaces:70 | 开始搜索人脸: 文件夹=C:\Users\ADMINI~1\AppData\Local\Temp\tmpex2xk0gy, 阈值=5.675065328430418e-32
2026-02-14 08:35:18 | INFO     | face_search:searchFaces:83 | 扫描完成，找到 3 个图片文件
2026-02-14 08:35:18 | INFO     | face_detection:detectFaces:57 | 图片中未检测到人脸: C:\Users\ADMINI~1\AppData\Local\Temp\tmpex2xk0gy\test_0.jpg
2026-02-14 08:35:18 | INFO     | face_detection:detectFaces:57 | 图片中未检测到人脸: C:\Users\ADMINI~1\AppData\Local\Temp\tmpex2xk0gy\test_1.jpg
2026-02-14 08:35:18 | INFO     | face_detection:detectFaces:57 | 图片中未检测到人脸: C:\Users\ADMINI~1\AppData\Local\Temp\tmpex2xk0gy\test_2.jpg
2026-02-14 08:35:18 | INFO     | face_search:searchFaces:174 | 搜索完成: 处理 3 个文件, 跳过 3 个文件, 找到 0 个匹配结果, 已取消: False
2026-02-14 08:35:18 | INFO     | face_search:searchFaces:70 | 开始搜索人脸: 文件夹=C:\Users\ADMINI~1\AppData\Local\Temp\tmpv2vf_jj2, 阈值=5.675065328430418e-32
2026-02-14 08:35:18 | INFO     | face_search:searchFaces:83 | 扫描完成，找到 3 个图片文件
2026-02-14 08:35:18 | INFO     | face_detection:detectFaces:57 | 图片中未检测到人脸: C:\Users\ADMINI~1\AppData\Local\Temp\tmpv2vf_jj2\test_0.jpg
2026-02-14 08:35:18 | INFO     | face_detection:detectFaces:57 | 图片中未检测到人脸: C:\Users\ADMINI~1\AppData\Local\Temp\tmpv2vf_jj2\test_1.jpg
2026-02-14 08:35:18 | INFO     | face_detection:detectFaces:57 | 图片中未检测到人脸: C:\Users\ADMINI~1\AppData\Local\Temp\tmpv2vf_jj2\test_2.jpg
2026-02-14 08:35:18 | INFO     | face_search:searchFaces:174 | 搜索完成: 处理 3 个文件, 跳过 3 个文件, 找到 0 个匹配结果, 已取消: False
2026-02-14 08:35:18 | INFO     | face_search:searchFaces:70 | 开始搜索人脸: 文件夹=C:\Users\ADMINI~1\AppData\Local\Temp\tmpb_z3ejuk, 阈值=5.675065328430418e-32
2026-02-14 08:35:18 | INFO     | face_search:searchFaces:83 | 扫描完成，找到 3 个图片文件
2026-02-14 08:35:18 | INFO     | face_detection:detectFaces:57 | 图片中未检测到人脸: C:\Users\ADMINI~1\AppData\Local\Temp\tmpb_z3ejuk\test_0.jpg
2026-02-14 08:35:18 | INFO     | face_detection:detectFaces:57 | 图片中未检测到人脸: C:\Users\ADMINI~1\AppData\Local\Temp\tmpb_z3ejuk\test_1.jpg
2026-02-14 08:35:18 | INFO     | face_detection:detectFaces:57 | 图片中未检测到人脸: C:\Users\ADMINI~1\AppData\Local\Temp\tmpb_z3ejuk\test_2.jpg
2026-02-14 08:35:18 | INFO     | face_search:searchFaces:174 | 搜索完成: 处理 3 个文件, 跳过 3 个文件, 找到 0 个匹配结果, 已取消: False
2026-02-14 08:35:18 | INFO     | face_search:searchFaces:70 | 开始搜索人脸: 文件夹=C:\Users\ADMINI~1\AppData\Local\Temp\tmp3z6nrldt, 阈值=5.675065328430418e-32
2026-02-14 08:35:18 | INFO     | face_search:searchFaces:83 | 扫描完成，找到 3 个图片文件
2026-02-14 08:35:18 | INFO     | face_detection:detectFaces:57 | 图片中未检测到人脸: C:\Users\ADMINI~1\AppData\Local\Temp\tmp3z6nrldt\test_0.jpg
2026-02-14 08:35:18 | INFO     | face_detection:detectFaces:57 | 图片中未检测到人脸: C:\Users\ADMINI~1\AppData\Local\Temp\tmp3z6nrldt\test_1.jpg
2026-02-14 08:35:18 | INFO     | face_detection:detectFaces:57 | 图片中未检测到人脸: C:\Users\ADMINI~1\AppData\Local\Temp\tmp3z6nrldt\test_2.jpg
2026-02-14 08:35:18 | INFO     | face_search:searchFaces:174 | 搜索完成: 处理 3 个文件, 跳过 3 个文件, 找到 0 个匹配结果, 已取消: False
2026-02-14 08:35:18 | INFO     | face_search:searchFaces:70 | 开始搜索人脸: 文件夹=C:\Users\ADMINI~1\AppData\Local\Temp\tmpv5iedf3i, 阈值=5.675065328430418e-32
2026-02-14 08:35:18 | INFO     | face_search:searchFaces:83 | 扫描完成，找到 3 个图片文件
2026-02-14 08:35:18 | INFO     | face_detection:detectFaces:57 | 图片中未检测到人脸: C:\Users\ADMINI~1\AppData\Local\Temp\tmpv5iedf3i\test_0.jpg
2026-02-14 08:35:18 | INFO     | face_detection:detectFaces:57 | 图片中未检测到人脸: C:\Users\ADMINI~1\AppData\Local\Temp\tmpv5iedf3i\test_1.jpg
2026-02-14 08:35:18 | INFO     | face_detection:detectFaces:57 | 图片中未检测到人脸: C:\Users\ADMINI~1\AppData\Local\Temp\tmpv5iedf3i\test_2.jpg
2026-02-14 08:35:18 | INFO     | face_search:searchFaces:174 | 搜索完成: 处理 3 个文件, 跳过 3 个文件, 找到 0 个匹配结果, 已取消: False
2026-02-14 08:35:18 | INFO     | face_search:searchFaces:70 | 开始搜索人脸: 文件夹=C:\Users\ADMINI~1\AppData\Local\Temp\tmp452ep87g, 阈值=5.675065328430418e-32
2026-02-14 08:35:18 | INFO     | face_search:searchFaces:83 | 扫描完成，找到 3 个图片文件
2026-02-14 08:35:18 | INFO     | face_detection:detectFaces:57 | 图片中未检测到人脸: C:\Users\ADMINI~1\AppData\Local\Temp\tmp452ep87g\test_0.jpg
2026-02-14 08:35:18 | INFO     | face_detection:detectFaces:57 | 图片中未检测到人脸: C:\Users\ADMINI~1\AppData\Local\Temp\tmp452ep87g\test_1.jpg
2026-02-14 08:35:18 | INFO     | face_detection:detectFaces:57 | 图片中未检测到人脸: C:\Users\ADMINI~1\AppData\Local\Temp\tmp452ep87g\test_2.jpg
2026-02-14 08:35:18 | INFO     | face_search:searchFaces:174 | 搜索完成: 处理 3 个文件, 跳过 3 个文件, 找到 0 个匹配结果, 已取消: False
2026-02-14 08:35:18 | INFO     | face_search:searchFaces:70 | 开始搜索人脸: 文件夹=C:\Users\ADMINI~1\AppData\Local\Temp\tmp72unkm3g, 阈值=0.6407900419078315
2026-02-14 08:35:18 | INFO     | face_search:searchFaces:83 | 扫描完成，找到 10 个图片文件
2026-02-14 08:35:18 | INFO     | face_detection:detectFaces:57 | 图片中未检测到人脸: C:\Users\ADMINI~1\AppData\Local\Temp\tmp72unkm3g\test_0.jpg
2026-02-14 08:35:18 | INFO     | face_detection:detectFaces:57 | 图片中未检测到人脸: C:\Users\ADMINI~1\AppData\Local\Temp\tmp72unkm3g\test_1.jpg
2026-02-14 08:35:18 | INFO     | face_detection:detectFaces:57 | 图片中未检测到人脸: C:\Users\ADMINI~1\AppData\Local\Temp\tmp72unkm3g\test_2.jpg
2026-02-14 08:35:18 | INFO     | face_detection:detectFaces:57 | 图片中未检测到人脸: C:\Users\ADMINI~1\AppData\Local\Temp\tmp72unkm3g\test_3.jpg
2026-02-14 08:35:18 | INFO     | face_detection:detectFaces:57 | 图片中未检测到人脸: C:\Users\ADMINI~1\AppData\Local\Temp\tmp72unkm3g\test_4.jpg
2026-02-14 08:35:18 | INFO     | face_detection:detectFaces:57 | 图片中未检测到人脸: C:\Users\ADMINI~1\AppData\Local\Temp\tmp72unkm3g\test_5.jpg
2026-02-14 08:35:18 | INFO     | face_detection:detectFaces:57 | 图片中未检测到人脸: C:\Users\ADMINI~1\AppData\Local\Temp\tmp72unkm3g\test_6.jpg
2026-02-14 08:35:18 | INFO     | face_detection:detectFaces:57 | 图片中未检测到人脸: C:\Users\ADMINI~1\AppData\Local\Temp\tmp72unkm3g\test_7.jpg
2026-02-14 08:35:18 | INFO     | face_detection:detectFaces:57 | 图片中未检测到人脸: C:\Users\ADMINI~1\AppData\Local\Temp\tmp72unkm3g\test_8.jpg
2026-02-14 08:35:18 | INFO     | face_detection:detectFaces:57 | 图片中未检测到人脸: C:\Users\ADMINI~1\AppData\Local\Temp\tmp72unkm3g\test_9.jpg
2026-02-14 08:35:18 | INFO     | face_search:searchFaces:174 | 搜索完成: 处理 10 个文件, 跳过 10 个文件, 找到 0 个匹配结果, 已取消: False
2026-02-14 08:35:19 | INFO     | face_search:searchFaces:70 | 开始搜索人脸: 文件夹=C:\Users\ADMINI~1\AppData\Local\Temp\tmpjw3sge8q, 阈值=0.6407900419078315
2026-02-14 08:35:19 | INFO     | face_search:searchFaces:83 | 扫描完成，找到 10 个图片文件
2026-02-14 08:35:19 | INFO     | face_detection:detectFaces:57 | 图片中未检测到人脸: C:\Users\ADMINI~1\AppData\Local\Temp\tmpjw3sge8q\test_0.jpg
2026-02-14 08:35:19 | INFO     | face_detection:detectFaces:57 | 图片中未检测到人脸: C:\Users\ADMINI~1\AppData\Local\Temp\tmpjw3sge8q\test_1.jpg
2026-02-14 08:35:19 | INFO     | face_detection:detectFaces:57 | 图片中未检测到人脸: C:\Users\ADMINI~1\AppData\Local\Temp\tmpjw3sge8q\test_2.jpg
2026-02-14 08:35:19 | INFO     | face_detection:detectFaces:57 | 图片中未检测到人脸: C:\Users\ADMINI~1\AppData\Local\Temp\tmpjw3sge8q\test_3.jpg
2026-02-14 08:35:19 | INFO     | face_detection:detectFaces:57 | 图片中未检测到人脸: C:\Users\ADMINI~1\AppData\Local\Temp\tmpjw3sge8q\test_4.jpg
2026-02-14 08:35:19 | INFO     | face_detection:detectFaces:57 | 图片中未检测到人脸: C:\Users\ADMINI~1\AppData\Local\Temp\tmpjw3sge8q\test_5.jpg
2026-02-14 08:35:19 | INFO     | face_detection:detectFaces:57 | 图片中未检测到人脸: C:\Users\ADMINI~1\AppData\Local\Temp\tmpjw3sge8q\test_6.jpg
2026-02-14 08:35:19 | INFO     | face_detection:detectFaces:57 | 图片中未检测到人脸: C:\Users\ADMINI~1\AppData\Local\Temp\tmpjw3sge8q\test_7.jpg
2026-02-14 08:35:19 | INFO     | face_detection:detectFaces:57 | 图片中未检测到人脸: C:\Users\ADMINI~1\AppData\Local\Temp\tmpjw3sge8q\test_8.jpg
2026-02-14 08:35:19 | INFO     | face_detection:detectFaces:57 | 图片中未检测到人脸: C:\Users\ADMINI~1\AppData\Local\Temp\tmpjw3sge8q\test_9.jpg
2026-02-14 08:35:19 | INFO     | face_search:searchFaces:174 | 搜索完成: 处理 10 个文件, 跳过 10 个文件, 找到 0 个匹配结果, 已取消: False
2026-02-14 08:35:19 | INFO     | face_search:searchFaces:70 | 开始搜索人脸: 文件夹=C:\Users\ADMINI~1\AppData\Local\Temp\tmp4hat3190, 阈值=0.6407900419078315
2026-02-14 08:35:19 | INFO     | face_search:searchFaces:83 | 扫描完成，找到 10 个图片文件
2026-02-14 08:35:19 | INFO     | face_detection:detectFaces:57 | 图片中未检测到人脸: C:\Users\ADMINI~1\AppData\Local\Temp\tmp4hat3190\test_0.jpg
2026-02-14 08:35:19 | INFO     | face_detection:detectFaces:57 | 图片中未检测到人脸: C:\Users\ADMINI~1\AppData\Local\Temp\tmp4hat3190\test_1.jpg
2026-02-14 08:35:19 | INFO     | face_detection:detectFaces:57 | 图片中未检测到人脸: C:\Users\ADMINI~1\AppData\Local\Temp\tmp4hat3190\test_2.jpg
2026-02-14 08:35:19 | INFO     | face_detection:detectFaces:57 | 图片中未检测到人脸: C:\Users\ADMINI~1\AppData\Local\Temp\tmp4hat3190\test_3.jpg
2026-02-14 08:35:19 | INFO     | face_detection:detectFaces:57 | 图片中未检测到人脸: C:\Users\ADMINI~1\AppData\Local\Temp\tmp4hat3190\test_4.jpg
2026-02-14 08:35:19 | INFO     | face_detection:detectFaces:57 | 图片中未检测到人脸: C:\Users\ADMINI~1\AppData\Local\Temp\tmp4hat3190\test_5.jpg
2026-02-14 08:35:19 | INFO     | face_detection:detectFaces:57 | 图片中未检测到人脸: C:\Users\ADMINI~1\AppData\Local\Temp\tmp4hat3190\test_6.jpg
2026-02-14 08:35:19 | INFO     | face_detection:detectFaces:57 | 图片中未检测到人脸: C:\Users\ADMINI~1\AppData\Local\Temp\tmp4hat3190\test_7.jpg
2026-02-14 08:35:19 | INFO     | face_detection:detectFaces:57 | 图片中未检测到人脸: C:\Users\ADMINI~1\AppData\Local\Temp\tmp4hat3190\test_8.jpg
2026-02-14 08:35:19 | INFO     | face_detection:detectFaces:57 | 图片中未检测到人脸: C:\Users\ADMINI~1\AppData\Local\Temp\tmp4hat3190\test_9.jpg
2026-02-14 08:35:19 | INFO     | face_search:searchFaces:174 | 搜索完成: 处理 10 个文件, 跳过 10 个文件, 找到 0 个匹配结果, 已取消: False
2026-02-14 08:35:19 | INFO     | face_search:searchFaces:70 | 开始搜索人脸: 文件夹=C:\Users\ADMINI~1\AppData\Local\Temp\tmph12tm7bh, 阈值=0.6407900419078315
2026-02-14 08:35:19 | INFO     | face_search:searchFaces:83 | 扫描完成，找到 10 个图片文件
2026-02-14 08:35:19 | INFO     | face_detection:detectFaces:57 | 图片中未检测到人脸: C:\Users\ADMINI~1\AppData\Local\Temp\tmph12tm7bh\test_0.jpg
2026-02-14 08:35:19 | INFO     | face_detection:detectFaces:57 | 图片中未检测到人脸: C:\Users\ADMINI~1\AppData\Local\Temp\tmph12tm7bh\test_1.jpg
2026-02-14 08:35:19 | INFO     | face_detection:detectFaces:57 | 图片中未检测到人脸: C:\Users\ADMINI~1\AppData\Local\Temp\tmph12tm7bh\test_2.jpg
2026-02-14 08:35:19 | INFO     | face_detection:detectFaces:57 | 图片中未检测到人脸: C:\Users\ADMINI~1\AppData\Local\Temp\tmph12tm7bh\test_3.jpg
2026-02-14 08:35:19 | INFO     | face_detection:detectFaces:57 | 图片中未检测到人脸: C:\Users\ADMINI~1\AppData\Local\Temp\tmph12tm7bh\test_4.jpg
2026-02-14 08:35:19 | INFO     | face_detection:detectFaces:57 | 图片中未检测到人脸: C:\Users\ADMINI~1\AppData\Local\Temp\tmph12tm7bh\test_5.jpg
2026-02-14 08:35:19 | INFO     | face_detection:detectFaces:57 | 图片中未检测到人脸: C:\Users\ADMINI~1\AppData\Local\Temp\tmph12tm7bh\test_6.jpg
2026-02-14 08:35:19 | INFO     | face_detection:detectFaces:57 | 图片中未检测到人脸: C:\Users\ADMINI~1\AppData\Local\Temp\tmph12tm7bh\test_7.jpg
2026-02-14 08:35:19 | INFO     | face_detection:detectFaces:57 | 图片中未检测到人脸: C:\Users\ADMINI~1\AppData\Local\Temp\tmph12tm7bh\test_8.jpg
2026-02-14 08:35:19 | INFO     | face_detection:detectFaces:57 | 图片中未检测到人脸: C:\Users\ADMINI~1\AppData\Local\Temp\tmph12tm7bh\test_9.jpg
2026-02-14 08:35:19 | INFO     | face_search:searchFaces:174 | 搜索完成: 处理 10 个文件, 跳过 10 个文件, 找到 0 个匹配结果, 已取消: False
2026-02-14 08:35:20 | INFO     | face_search:searchFaces:70 | 开始搜索人脸: 文件夹=C:\Users\ADMINI~1\AppData\Local\Temp\tmpg06s_y47, 阈值=0.6407900419078315
2026-02-14 08:35:20 | INFO     | face_search:searchFaces:83 | 扫描完成，找到 10 个图片文件
2026-02-14 08:35:20 | INFO     | face_detection:detectFaces:57 | 图片中未检测到人脸: C:\Users\ADMINI~1\AppData\Local\Temp\tmpg06s_y47\test_0.jpg
2026-02-14 08:35:20 | INFO     | face_detection:detectFaces:57 | 图片中未检测到人脸: C:\Users\ADMINI~1\AppData\Local\Temp\tmpg06s_y47\test_1.jpg
2026-02-14 08:35:20 | INFO     | face_detection:detectFaces:57 | 图片中未检测到人脸: C:\Users\ADMINI~1\AppData\Local\Temp\tmpg06s_y47\test_2.jpg
2026-02-14 08:35:20 | INFO     | face_detection:detectFaces:57 | 图片中未检测到人脸: C:\Users\ADMINI~1\AppData\Local\Temp\tmpg06s_y47\test_3.jpg
2026-02-14 08:35:20 | INFO     | face_detection:detectFaces:57 | 图片中未检测到人脸: C:\Users\ADMINI~1\AppData\Local\Temp\tmpg06s_y47\test_4.jpg
2026-02-14 08:35:20 | INFO     | face_detection:detectFaces:57 | 图片中未检测到人脸: C:\Users\ADMINI~1\AppData\Local\Temp\tmpg06s_y47\test_5.jpg
2026-02-14 08:35:20 | INFO     | face_detection:detectFaces:57 | 图片中未检测到人脸: C:\Users\ADMINI~1\AppData\Local\Temp\tmpg06s_y47\test_6.jpg
2026-02-14 08:35:20 | INFO     | face_detection:detectFaces:57 | 图片中未检测到人脸: C:\Users\ADMINI~1\AppData\Local\Temp\tmpg06s_y47\test_7.jpg
2026-02-14 08:35:20 | INFO     | face_detection:detectFaces:57 | 图片中未检测到人脸: C:\Users\ADMINI~1\AppData\Local\Temp\tmpg06s_y47\test_8.jpg
2026-02-14 08:35:20 | INFO     | face_detection:detectFaces:57 | 图片中未检测到人脸: C:\Users\ADMINI~1\AppData\Local\Temp\tmpg06s_y47\test_9.jpg
2026-02-14 08:35:20 | INFO     | face_search:searchFaces:174 | 搜索完成: 处理 10 个文件, 跳过 10 个文件, 找到 0 个匹配结果, 已取消: False
2026-02-14 08:35:20 | INFO     | face_search:searchFaces:70 | 开始搜索人脸: 文件夹=C:\Users\ADMINI~1\AppData\Local\Temp\tmpbbbj07ef, 阈值=0.6407900419078315
2026-02-14 08:35:20 | INFO     | face_search:searchFaces:83 | 扫描完成，找到 10 个图片文件
2026-02-14 08:35:20 | INFO     | face_detection:detectFaces:57 | 图片中未检测到人脸: C:\Users\ADMINI~1\AppData\Local\Temp\tmpbbbj07ef\test_0.jpg
2026-02-14 08:35:20 | INFO     | face_detection:detectFaces:57 | 图片中未检测到人脸: C:\Users\ADMINI~1\AppData\Local\Temp\tmpbbbj07ef\test_1.jpg
2026-02-14 08:35:20 | INFO     | face_detection:detectFaces:57 | 图片中未检测到人脸: C:\Users\ADMINI~1\AppData\Local\Temp\tmpbbbj07ef\test_2.jpg
2026-02-14 08:35:20 | INFO     | face_detection:detectFaces:57 | 图片中未检测到人脸: C:\Users\ADMINI~1\AppData\Local\Temp\tmpbbbj07ef\test_3.jpg
2026-02-14 08:35:20 | INFO     | face_detection:detectFaces:57 | 图片中未检测到人脸: C:\Users\ADMINI~1\AppData\Local\Temp\tmpbbbj07ef\test_4.jpg
2026-02-14 08:35:20 | INFO     | face_detection:detectFaces:57 | 图片中未检测到人脸: C:\Users\ADMINI~1\AppData\Local\Temp\tmpbbbj07ef\test_5.jpg
2026-02-14 08:35:20 | INFO     | face_detection:detectFaces:57 | 图片中未检测到人脸: C:\Users\ADMINI~1\AppData\Local\Temp\tmpbbbj07ef\test_6.jpg
2026-02-14 08:35:20 | INFO     | face_detection:detectFaces:57 | 图片中未检测到人脸: C:\Users\ADMINI~1\AppData\Local\Temp\tmpbbbj07ef\test_7.jpg
2026-02-14 08:35:20 | INFO     | face_detection:detectFaces:57 | 图片中未检测到人脸: C:\Users\ADMINI~1\AppData\Local\Temp\tmpbbbj07ef\test_8.jpg
2026-02-14 08:35:20 | INFO     | face_detection:detectFaces:57 | 图片中未检测到人脸: C:\Users\ADMINI~1\AppData\Local\Temp\tmpbbbj07ef\test_9.jpg
2026-02-14 08:35:20 | INFO     | face_search:searchFaces:174 | 搜索完成: 处理 10 个文件, 跳过 10 个文件, 找到 0 个匹配结果, 已取消: False
2026-02-14 08:35:20 | INFO     | face_search:searchFaces:70 | 开始搜索人脸: 文件夹=C:\Users\ADMINI~1\AppData\Local\Temp\tmp67oyp2oq, 阈值=0.6407900419078315
2026-02-14 08:35:20 | INFO     | face_search:searchFaces:83 | 扫描完成，找到 10 个图片文件
2026-02-14 08:35:20 | INFO     | face_detection:detectFaces:57 | 图片中未检测到人脸: C:\Users\ADMINI~1\AppData\Local\Temp\tmp67oyp2oq\test_0.jpg
2026-02-14 08:35:20 | INFO     | face_detection:detectFaces:57 | 图片中未检测到人脸: C:\Users\ADMINI~1\AppData\Local\Temp\tmp67oyp2oq\test_1.jpg
2026-02-14 08:35:20 | INFO     | face_detection:detectFaces:57 | 图片中未检测到人脸: C:\Users\ADMINI~1\AppData\Local\Temp\tmp67oyp2oq\test_2.jpg
2026-02-14 08:35:20 | INFO     | face_detection:detectFaces:57 | 图片中未检测到人脸: C:\Users\ADMINI~1\AppData\Local\Temp\tmp67oyp2oq\test_3.jpg
2026-02-14 08:35:20 | INFO     | face_detection:detectFaces:57 | 图片中未检测到人脸: C:\Users\ADMINI~1\AppData\Local\Temp\tmp67oyp2oq\test_4.jpg
2026-02-14 08:35:20 | INFO     | face_detection:detectFaces:57 | 图片中未检测到人脸: C:\Users\ADMINI~1\AppData\Local\Temp\tmp67oyp2oq\test_5.jpg
2026-02-14 08:35:20 | INFO     | face_detection:detectFaces:57 | 图片中未检测到人脸: C:\Users\ADMINI~1\AppData\Local\Temp\tmp67oyp2oq\test_6.jpg
2026-02-14 08:35:20 | INFO     | face_detection:detectFaces:57 | 图片中未检测到人脸: C:\Users\ADMINI~1\AppData\Local\Temp\tmp67oyp2oq\test_7.jpg
2026-02-14 08:35:20 | INFO     | face_detection:detectFaces:57 | 图片中未检测到人脸: C:\Users\ADMINI~1\AppData\Local\Temp\tmp67oyp2oq\test_8.jpg
2026-02-14 08:35:20 | INFO     | face_detection:detectFaces:57 | 图片中未检测到人脸: C:\Users\ADMINI~1\AppData\Local\Temp\tmp67oyp2oq\test_9.jpg
2026-02-14 08:35:20 | INFO     | face_search:searchFaces:174 | 搜索完成: 处理 10 个文件, 跳过 10 个文件, 找到 0 个匹配结果, 已取消: False
2026-02-14 08:35:20 | INFO     | face_search:searchFaces:70 | 开始搜索人脸: 文件夹=C:\Users\ADMINI~1\AppData\Local\Temp\tmpqzxu57vo, 阈值=0.17022309725483156
2026-02-14 08:35:20 | INFO     | face_search:searchFaces:83 | 扫描完成，找到 7 个图片文件
2026-02-14 08:35:21 | INFO     | face_detection:detectFaces:57 | 图片中未检测到人脸: C:\Users\ADMINI~1\AppData\Local\Temp\tmpqzxu57vo\test_0.jpg
2026-02-14 08:35:21 | INFO     | face_detection:detectFaces:57 | 图片中未检测到人脸: C:\Users\ADMINI~1\AppData\Local\Temp\tmpqzxu57vo\test_1.jpg
2026-02-14 08:35:21 | INFO     | face_detection:detectFaces:57 | 图片中未检测到人脸: C:\Users\ADMINI~1\AppData\Local\Temp\tmpqzxu57vo\test_2.jpg
2026-02-14 08:35:21 | INFO     | face_detection:detectFaces:57 | 图片中未检测到人脸: C:\Users\ADMINI~1\AppData\Local\Temp\tmpqzxu57vo\test_3.jpg
2026-02-14 08:35:21 | INFO     | face_detection:detectFaces:57 | 图片中未检测到人脸: C:\Users\ADMINI~1\AppData\Local\Temp\tmpqzxu57vo\test_4.jpg
2026-02-14 08:35:21 | INFO     | face_detection:detectFaces:57 | 图片中未检测到人脸: C:\Users\ADMINI~1\AppData\Local\Temp\tmpqzxu57vo\test_5.jpg
2026-02-14 08:35:21 | INFO     | face_detection:detectFaces:57 | 图片中未检测到人脸: C:\Users\ADMINI~1\AppData\Local\Temp\tmpqzxu57vo\test_6.jpg
2026-02-14 08:35:21 | INFO     | face_search:searchFaces:174 | 搜索完成: 处理 7 个文件, 跳过 7 个文件, 找到 0 个匹配结果, 已取消: False
2026-02-14 08:35:21 | INFO     | face_search:searchFaces:70 | 开始搜索人脸: 文件夹=C:\Users\ADMINI~1\AppData\Local\Temp\tmpdgwm63kh, 阈值=0.17022309725483156
2026-02-14 08:35:21 | INFO     | face_search:searchFaces:83 | 扫描完成，找到 7 个图片文件
2026-02-14 08:35:21 | INFO     | face_detection:detectFaces:57 | 图片中未检测到人脸: C:\Users\ADMINI~1\AppData\Local\Temp\tmpdgwm63kh\test_0.jpg
2026-02-14 08:35:21 | INFO     | face_detection:detectFaces:57 | 图片中未检测到人脸: C:\Users\ADMINI~1\AppData\Local\Temp\tmpdgwm63kh\test_1.jpg
2026-02-14 08:35:21 | INFO     | face_detection:detectFaces:57 | 图片中未检测到人脸: C:\Users\ADMINI~1\AppData\Local\Temp\tmpdgwm63kh\test_2.jpg
2026-02-14 08:35:21 | INFO     | face_detection:detectFaces:57 | 图片中未检测到人脸: C:\Users\ADMINI~1\AppData\Local\Temp\tmpdgwm63kh\test_3.jpg
2026-02-14 08:35:21 | INFO     | face_detection:detectFaces:57 | 图片中未检测到人脸: C:\Users\ADMINI~1\AppData\Local\Temp\tmpdgwm63kh\test_4.jpg
2026-02-14 08:35:21 | INFO     | face_detection:detectFaces:57 | 图片中未检测到人脸: C:\Users\ADMINI~1\AppData\Local\Temp\tmpdgwm63kh\test_5.jpg
2026-02-14 08:35:21 | INFO     | face_detection:detectFaces:57 | 图片中未检测到人脸: C:\Users\ADMINI~1\AppData\Local\Temp\tmpdgwm63kh\test_6.jpg
2026-02-14 08:35:21 | INFO     | face_search:searchFaces:174 | 搜索完成: 处理 7 个文件, 跳过 7 个文件, 找到 0 个匹配结果, 已取消: False
2026-02-14 08:35:21 | INFO     | face_search:searchFaces:70 | 开始搜索人脸: 文件夹=C:\Users\ADMINI~1\AppData\Local\Temp\tmpb4z8zwo3, 阈值=0.17022309725483156
2026-02-14 08:35:21 | INFO     | face_search:searchFaces:83 | 扫描完成，找到 7 个图片文件
2026-02-14 08:35:21 | INFO     | face_detection:detectFaces:57 | 图片中未检测到人脸: C:\Users\ADMINI~1\AppData\Local\Temp\tmpb4z8zwo3\test_0.jpg
2026-02-14 08:35:21 | INFO     | face_detection:detectFaces:57 | 图片中未检测到人脸: C:\Users\ADMINI~1\AppData\Local\Temp\tmpb4z8zwo3\test_1.jpg
2026-02-14 08:35:21 | INFO     | face_detection:detectFaces:57 | 图片中未检测到人脸: C:\Users\ADMINI~1\AppData\Local\Temp\tmpb4z8zwo3\test_2.jpg
2026-02-14 08:35:21 | INFO     | face_detection:detectFaces:57 | 图片中未检测到人脸: C:\Users\ADMINI~1\AppData\Local\Temp\tmpb4z8zwo3\test_3.jpg
2026-02-14 08:35:21 | INFO     | face_detection:detectFaces:57 | 图片中未检测到人脸: C:\Users\ADMINI~1\AppData\Local\Temp\tmpb4z8zwo3\test_4.jpg
2026-02-14 08:35:21 | INFO     | face_detection:detectFaces:57 | 图片中未检测到人脸: C:\Users\ADMINI~1\AppData\Local\Temp\tmpb4z8zwo3\test_5.jpg
2026-02-14 08:35:21 | INFO     | face_detection:detectFaces:57 | 图片中未检测到人脸: C:\Users\ADMINI~1\AppData\Local\Temp\tmpb4z8zwo3\test_6.jpg
2026-02-14 08:35:21 | INFO     | face_search:searchFaces:174 | 搜索完成: 处理 7 个文件, 跳过 7 个文件, 找到 0 个匹配结果, 已取消: False
2026-02-14 08:35:21 | INFO     | face_search:searchFaces:70 | 开始搜索人脸: 文件夹=C:\Users\ADMINI~1\AppData\Local\Temp\tmp_g1rwylz, 阈值=0.17022309725483156
2026-02-14 08:35:21 | INFO     | face_search:searchFaces:83 | 扫描完成，找到 7 个图片文件
2026-02-14 08:35:21 | INFO     | face_detection:detectFaces:57 | 图片中未检测到人脸: C:\Users\ADMINI~1\AppData\Local\Temp\tmp_g1rwylz\test_0.jpg
2026-02-14 08:35:21 | INFO     | face_detection:detectFaces:57 | 图片中未检测到人脸: C:\Users\ADMINI~1\AppData\Local\Temp\tmp_g1rwylz\test_1.jpg
2026-02-14 08:35:21 | INFO     | face_detection:detectFaces:57 | 图片中未检测到人脸: C:\Users\ADMINI~1\AppData\Local\Temp\tmp_g1rwylz\test_2.jpg
2026-02-14 08:35:21 | INFO     | face_detection:detectFaces:57 | 图片中未检测到人脸: C:\Users\ADMINI~1\AppData\Local\Temp\tmp_g1rwylz\test_3.jpg
2026-02-14 08:35:21 | INFO     | face_detection:detectFaces:57 | 图片中未检测到人脸: C:\Users\ADMINI~1\AppData\Local\Temp\tmp_g1rwylz\test_4.jpg
2026-02-14 08:35:21 | INFO     | face_detection:detectFaces:57 | 图片中未检测到人脸: C:\Users\ADMINI~1\AppData\Local\Temp\tmp_g1rwylz\test_5.jpg
2026-02-14 08:35:21 | INFO     | face_detection:detectFaces:57 | 图片中未检测到人脸: C:\Users\ADMINI~1\AppData\Local\Temp\tmp_g1rwylz\test_6.jpg
2026-02-14 08:35:21 | INFO     | face_search:searchFaces:174 | 搜索完成: 处理 7 个文件, 跳过 7 个文件, 找到 0 个匹配结果, 已取消: False
2026-02-14 08:35:21 | INFO     | face_search:searchFaces:70 | 开始搜索人脸: 文件夹=C:\Users\ADMINI~1\AppData\Local\Temp\tmpejd2484t, 阈值=0.17022309725483156
2026-02-14 08:35:21 | INFO     | face_search:searchFaces:83 | 扫描完成，找到 7 个图片文件
2026-02-14 08:35:21 | INFO     | face_detection:detectFaces:57 | 图片中未检测到人脸: C:\Users\ADMINI~1\AppData\Local\Temp\tmpejd2484t\test_0.jpg
2026-02-14 08:35:21 | INFO     | face_detection:detectFaces:57 | 图片中未检测到人脸: C:\Users\ADMINI~1\AppData\Local\Temp\tmpejd2484t\test_1.jpg
2026-02-14 08:35:21 | INFO     | face_detection:detectFaces:57 | 图片中未检测到人脸: C:\Users\ADMINI~1\AppData\Local\Temp\tmpejd2484t\test_2.jpg
2026-02-14 08:35:21 | INFO     | face_detection:detectFaces:57 | 图片中未检测到人脸: C:\Users\ADMINI~1\AppData\Local\Temp\tmpejd2484t\test_3.jpg
2026-02-14 08:35:21 | INFO     | face_detection:detectFaces:57 | 图片中未检测到人脸: C:\Users\ADMINI~1\AppData\Local\Temp\tmpejd2484t\test_4.jpg
2026-02-14 08:35:21 | INFO     | face_detection:detectFaces:57 | 图片中未检测到人脸: C:\Users\ADMINI~1\AppData\Local\Temp\tmpejd2484t\test_5.jpg
2026-02-14 08:35:21 | INFO     | face_detection:detectFaces:57 | 图片中未检测到人脸: C:\Users\ADMINI~1\AppData\Local\Temp\tmpejd2484t\test_6.jpg
2026-02-14 08:35:21 | INFO     | face_search:searchFaces:174 | 搜索完成: 处理 7 个文件, 跳过 7 个文件, 找到 0 个匹配结果, 已取消: False
2026-02-14 08:35:21 | INFO     | face_search:searchFaces:70 | 开始搜索人脸: 文件夹=C:\Users\ADMINI~1\AppData\Local\Temp\tmpxf9v4i31, 阈值=0.17022309725483156
2026-02-14 08:35:21 | INFO     | face_search:searchFaces:83 | 扫描完成，找到 7 个图片文件
2026-02-14 08:35:21 | INFO     | face_detection:detectFaces:57 | 图片中未检测到人脸: C:\Users\ADMINI~1\AppData\Local\Temp\tmpxf9v4i31\test_0.jpg
2026-02-14 08:35:21 | INFO     | face_detection:detectFaces:57 | 图片中未检测到人脸: C:\Users\ADMINI~1\AppData\Local\Temp\tmpxf9v4i31\test_1.jpg
2026-02-14 08:35:21 | INFO     | face_detection:detectFaces:57 | 图片中未检测到人脸: C:\Users\ADMINI~1\AppData\Local\Temp\tmpxf9v4i31\test_2.jpg
2026-02-14 08:35:21 | INFO     | face_detection:detectFaces:57 | 图片中未检测到人脸: C:\Users\ADMINI~1\AppData\Local\Temp\tmpxf9v4i31\test_3.jpg
2026-02-14 08:35:21 | INFO     | face_detection:detectFaces:57 | 图片中未检测到人脸: C:\Users\ADMINI~1\AppData\Local\Temp\tmpxf9v4i31\test_4.jpg
2026-02-14 08:35:21 | INFO     | face_detection:detectFaces:57 | 图片中未检测到人脸: C:\Users\ADMINI~1\AppData\Local\Temp\tmpxf9v4i31\test_5.jpg
2026-02-14 08:35:21 | INFO     | face_detection:detectFaces:57 | 图片中未检测到人脸: C:\Users\ADMINI~1\AppData\Local\Temp\tmpxf9v4i31\test_6.jpg
2026-02-14 08:35:21 | INFO     | face_search:searchFaces:174 | 搜索完成: 处理 7 个文件, 跳过 7 个文件, 找到 0 个匹配结果, 已取消: False
2026-02-14 08:35:21 | INFO     | face_search:searchFaces:70 | 开始搜索人脸: 文件夹=C:\Users\ADMINI~1\AppData\Local\Temp\tmp67m1czug, 阈值=0.17022309725483156
2026-02-14 08:35:21 | INFO     | face_search:searchFaces:83 | 扫描完成，找到 7 个图片文件
2026-02-14 08:35:21 | INFO     | face_detection:detectFaces:57 | 图片中未检测到人脸: C:\Users\ADMINI~1\AppData\Local\Temp\tmp67m1czug\test_0.jpg
2026-02-14 08:35:21 | INFO     | face_detection:detectFaces:57 | 图片中未检测到人脸: C:\Users\ADMINI~1\AppData\Local\Temp\tmp67m1czug\test_1.jpg
2026-02-14 08:35:21 | INFO     | face_detection:detectFaces:57 | 图片中未检测到人脸: C:\Users\ADMINI~1\AppData\Local\Temp\tmp67m1czug\test_2.jpg
2026-02-14 08:35:21 | INFO     | face_detection:detectFaces:57 | 图片中未检测到人脸: C:\Users\ADMINI~1\AppData\Local\Temp\tmp67m1czug\test_3.jpg
2026-02-14 08:35:21 | INFO     | face_detection:detectFaces:57 | 图片中未检测到人脸: C:\Users\ADMINI~1\AppData\Local\Temp\tmp67m1czug\test_4.jpg
2026-02-14 08:35:21 | INFO     | face_detection:detectFaces:57 | 图片中未检测到人脸: C:\Users\ADMINI~1\AppData\Local\Temp\tmp67m1czug\test_5.jpg
2026-02-14 08:35:21 | INFO     | face_detection:detectFaces:57 | 图片中未检测到人脸: C:\Users\ADMINI~1\AppData\Local\Temp\tmp67m1czug\test_6.jpg
2026-02-14 08:35:21 | INFO     | face_search:searchFaces:174 | 搜索完成: 处理 7 个文件, 跳过 7 个文件, 找到 0 个匹配结果, 已取消: False
2026-02-14 08:35:22 | INFO     | face_search:searchFaces:70 | 开始搜索人脸: 文件夹=C:\Users\ADMINI~1\AppData\Local\Temp\tmp1cmvud9k, 阈值=0.7759418941793765
2026-02-14 08:35:22 | INFO     | face_search:searchFaces:83 | 扫描完成，找到 9 个图片文件
2026-02-14 08:35:22 | INFO     | face_detection:detectFaces:57 | 图片中未检测到人脸: C:\Users\ADMINI~1\AppData\Local\Temp\tmp1cmvud9k\test_0.jpg
2026-02-14 08:35:22 | INFO     | face_detection:detectFaces:57 | 图片中未检测到人脸: C:\Users\ADMINI~1\AppData\Local\Temp\tmp1cmvud9k\test_1.jpg
2026-02-14 08:35:22 | INFO     | face_detection:detectFaces:57 | 图片中未检测到人脸: C:\Users\ADMINI~1\AppData\Local\Temp\tmp1cmvud9k\test_2.jpg
2026-02-14 08:35:22 | INFO     | face_detection:detectFaces:57 | 图片中未检测到人脸: C:\Users\ADMINI~1\AppData\Local\Temp\tmp1cmvud9k\test_3.jpg
2026-02-14 08:35:22 | INFO     | face_detection:detectFaces:57 | 图片中未检测到人脸: C:\Users\ADMINI~1\AppData\Local\Temp\tmp1cmvud9k\test_4.jpg
2026-02-14 08:35:22 | INFO     | face_detection:detectFaces:57 | 图片中未检测到人脸: C:\Users\ADMINI~1\AppData\Local\Temp\tmp1cmvud9k\test_5.jpg
2026-02-14 08:35:22 | INFO     | face_detection:detectFaces:57 | 图片中未检测到人脸: C:\Users\ADMINI~1\AppData\Local\Temp\tmp1cmvud9k\test_6.jpg
2026-02-14 08:35:22 | INFO     | face_detection:detectFaces:57 | 图片中未检测到人脸: C:\Users\ADMINI~1\AppData\Local\Temp\tmp1cmvud9k\test_7.jpg
2026-02-14 08:35:22 | INFO     | face_detection:detectFaces:57 | 图片中未检测到人脸: C:\Users\ADMINI~1\AppData\Local\Temp\tmp1cmvud9k\test_8.jpg
2026-02-14 08:35:22 | INFO     | face_search:searchFaces:174 | 搜索完成: 处理 9 个文件, 跳过 9 个文件, 找到 0 个匹配结果, 已取消: False
2026-02-14 08:35:22 | INFO     | face_search:searchFaces:70 | 开始搜索人脸: 文件夹=C:\Users\ADMINI~1\AppData\Local\Temp\tmp8cxzahkg, 阈值=0.7759418941793765
2026-02-14 08:35:22 | INFO     | face_search:searchFaces:83 | 扫描完成，找到 9 个图片文件
2026-02-14 08:35:22 | INFO     | face_detection:detectFaces:57 | 图片中未检测到人脸: C:\Users\ADMINI~1\AppData\Local\Temp\tmp8cxzahkg\test_0.jpg
2026-02-14 08:35:22 | INFO     | face_detection:detectFaces:57 | 图片中未检测到人脸: C:\Users\ADMINI~1\AppData\Local\Temp\tmp8cxzahkg\test_1.jpg
2026-02-14 08:35:22 | INFO     | face_detection:detectFaces:57 | 图片中未检测到人脸: C:\Users\ADMINI~1\AppData\Local\Temp\tmp8cxzahkg\test_2.jpg
2026-02-14 08:35:22 | INFO     | face_detection:detectFaces:57 | 图片中未检测到人脸: C:\Users\ADMINI~1\AppData\Local\Temp\tmp8cxzahkg\test_3.jpg
2026-02-14 08:35:22 | INFO     | face_detection:detectFaces:57 | 图片中未检测到人脸: C:\Users\ADMINI~1\AppData\Local\Temp\tmp8cxzahkg\test_4.jpg
2026-02-14 08:35:22 | INFO     | face_detection:detectFaces:57 | 图片中未检测到人脸: C:\Users\ADMINI~1\AppData\Local\Temp\tmp8cxzahkg\test_5.jpg
2026-02-14 08:35:22 | INFO     | face_detection:detectFaces:57 | 图片中未检测到人脸: C:\Users\ADMINI~1\AppData\Local\Temp\tmp8cxzahkg\test_6.jpg
2026-02-14 08:35:22 | INFO     | face_detection:detectFaces:57 | 图片中未检测到人脸: C:\Users\ADMINI~1\AppData\Local\Temp\tmp8cxzahkg\test_7.jpg
2026-02-14 08:35:22 | INFO     | face_detection:detectFaces:57 | 图片中未检测到人脸: C:\Users\ADMINI~1\AppData\Local\Temp\tmp8cxzahkg\test_8.jpg
2026-02-14 08:35:22 | INFO     | face_search:searchFaces:174 | 搜索完成: 处理 9 个文件, 跳过 9 个文件, 找到 0 个匹配结果, 已取消: False
2026-02-14 08:35:22 | INFO     | face_search:searchFaces:70 | 开始搜索人脸: 文件夹=C:\Users\ADMINI~1\AppData\Local\Temp\tmpvm4l749i, 阈值=0.7759418941793765
2026-02-14 08:35:22 | INFO     | face_search:searchFaces:83 | 扫描完成，找到 9 个图片文件
2026-02-14 08:35:22 | INFO     | face_detection:detectFaces:57 | 图片中未检测到人脸: C:\Users\ADMINI~1\AppData\Local\Temp\tmpvm4l749i\test_0.jpg
2026-02-14 08:35:22 | INFO     | face_detection:detectFaces:57 | 图片中未检测到人脸: C:\Users\ADMINI~1\AppData\Local\Temp\tmpvm4l749i\test_1.jpg
2026-02-14 08:35:22 | INFO     | face_detection:detectFaces:57 | 图片中未检测到人脸: C:\Users\ADMINI~1\AppData\Local\Temp\tmpvm4l749i\test_2.jpg
2026-02-14 08:35:22 | INFO     | face_detection:detectFaces:57 | 图片中未检测到人脸: C:\Users\ADMINI~1\AppData\Local\Temp\tmpvm4l749i\test_3.jpg
2026-02-14 08:35:22 | INFO     | face_detection:detectFaces:57 | 图片中未检测到人脸: C:\Users\ADMINI~1\AppData\Local\Temp\tmpvm4l749i\test_4.jpg
2026-02-14 08:35:22 | INFO     | face_detection:detectFaces:57 | 图片中未检测到人脸: C:\Users\ADMINI~1\AppData\Local\Temp\tmpvm4l749i\test_5.jpg
2026-02-14 08:35:22 | INFO     | face_detection:detectFaces:57 | 图片中未检测到人脸: C:\Users\ADMINI~1\AppData\Local\Temp\tmpvm4l749i\test_6.jpg
2026-02-14 08:35:22 | INFO     | face_detection:detectFaces:57 | 图片中未检测到人脸: C:\Users\ADMINI~1\AppData\Local\Temp\tmpvm4l749i\test_7.jpg
2026-02-14 08:35:22 | INFO     | face_detection:detectFaces:57 | 图片中未检测到人脸: C:\Users\ADMINI~1\AppData\Local\Temp\tmpvm4l749i\test_8.jpg
2026-02-14 08:35:22 | INFO     | face_search:searchFaces:174 | 搜索完成: 处理 9 个文件, 跳过 9 个文件, 找到 0 个匹配结果, 已取消: False
2026-02-14 08:35:22 | INFO     | face_search:searchFaces:70 | 开始搜索人脸: 文件夹=C:\Users\ADMINI~1\AppData\Local\Temp\tmpz5lul83j, 阈值=0.7759418941793765
2026-02-14 08:35:22 | INFO     | face_search:searchFaces:83 | 扫描完成，找到 9 个图片文件
2026-02-14 08:35:22 | INFO     | face_detection:detectFaces:57 | 图片中未检测到人脸: C:\Users\ADMINI~1\AppData\Local\Temp\tmpz5lul83j\test_0.jpg
2026-02-14 08:35:22 | INFO     | face_detection:detectFaces:57 | 图片中未检测到人脸: C:\Users\ADMINI~1\AppData\Local\Temp\tmpz5lul83j\test_1.jpg
2026-02-14 08:35:22 | INFO     | face_detection:detectFaces:57 | 图片中未检测到人脸: C:\Users\ADMINI~1\AppData\Local\Temp\tmpz5lul83j\test_2.jpg
2026-02-14 08:35:22 | INFO     | face_detection:detectFaces:57 | 图片中未检测到人脸: C:\Users\ADMINI~1\AppData\Local\Temp\tmpz5lul83j\test_3.jpg
2026-02-14 08:35:22 | INFO     | face_detection:detectFaces:57 | 图片中未检测到人脸: C:\Users\ADMINI~1\AppData\Local\Temp\tmpz5lul83j\test_4.jpg
2026-02-14 08:35:22 | INFO     | face_detection:detectFaces:57 | 图片中未检测到人脸: C:\Users\ADMINI~1\AppData\Local\Temp\tmpz5lul83j\test_5.jpg
2026-02-14 08:35:22 | INFO     | face_detection:detectFaces:57 | 图片中未检测到人脸: C:\Users\ADMINI~1\AppData\Local\Temp\tmpz5lul83j\test_6.jpg
2026-02-14 08:35:22 | INFO     | face_detection:detectFaces:57 | 图片中未检测到人脸: C:\Users\ADMINI~1\AppData\Local\Temp\tmpz5lul83j\test_7.jpg
2026-02-14 08:35:22 | INFO     | face_detection:detectFaces:57 | 图片中未检测到人脸: C:\Users\ADMINI~1\AppData\Local\Temp\tmpz5lul83j\test_8.jpg
2026-02-14 08:35:22 | INFO     | face_search:searchFaces:174 | 搜索完成: 处理 9 个文件, 跳过 9 个文件, 找到 0 个匹配结果, 已取消: False
2026-02-14 08:35:22 | INFO     | face_search:searchFaces:70 | 开始搜索人脸: 文件夹=C:\Users\ADMINI~1\AppData\Local\Temp\tmp6j8eehe3, 阈值=0.7759418941793765
2026-02-14 08:35:22 | INFO     | face_search:searchFaces:83 | 扫描完成，找到 9 个图片文件
2026-02-14 08:35:22 | INFO     | face_detection:detectFaces:57 | 图片中未检测到人脸: C:\Users\ADMINI~1\AppData\Local\Temp\tmp6j8eehe3\test_0.jpg
2026-02-14 08:35:22 | INFO     | face_detection:detectFaces:57 | 图片中未检测到人脸: C:\Users\ADMINI~1\AppData\Local\Temp\tmp6j8eehe3\test_1.jpg
2026-02-14 08:35:22 | INFO     | face_detection:detectFaces:57 | 图片中未检测到人脸: C:\Users\ADMINI~1\AppData\Local\Temp\tmp6j8eehe3\test_2.jpg
2026-02-14 08:35:22 | INFO     | face_detection:detectFaces:57 | 图片中未检测到人脸: C:\Users\ADMINI~1\AppData\Local\Temp\tmp6j8eehe3\test_3.jpg
2026-02-14 08:35:22 | INFO     | face_detection:detectFaces:57 | 图片中未检测到人脸: C:\Users\ADMINI~1\AppData\Local\Temp\tmp6j8eehe3\test_4.jpg
2026-02-14 08:35:22 | INFO     | face_detection:detectFaces:57 | 图片中未检测到人脸: C:\Users\ADMINI~1\AppData\Local\Temp\tmp6j8eehe3\test_5.jpg
2026-02-14 08:35:22 | INFO     | face_detection:detectFaces:57 | 图片中未检测到人脸: C:\Users\ADMINI~1\AppData\Local\Temp\tmp6j8eehe3\test_6.jpg
2026-02-14 08:35:22 | INFO     | face_detection:detectFaces:57 | 图片中未检测到人脸: C:\Users\ADMINI~1\AppData\Local\Temp\tmp6j8eehe3\test_7.jpg
2026-02-14 08:35:22 | INFO     | face_detection:detectFaces:57 | 图片中未检测到人脸: C:\Users\ADMINI~1\AppData\Local\Temp\tmp6j8eehe3\test_8.jpg
2026-02-14 08:35:22 | INFO     | face_search:searchFaces:174 | 搜索完成: 处理 9 个文件, 跳过 9 个文件, 找到 0 个匹配结果, 已取消: False
2026-02-14 08:35:22 | INFO     | face_search:searchFaces:70 | 开始搜索人脸: 文件夹=C:\Users\ADMINI~1\AppData\Local\Temp\tmp2u1tpzmm, 阈值=0.7759418941793765
2026-02-14 08:35:22 | INFO     | face_search:searchFaces:83 | 扫描完成，找到 9 个图片文件
2026-02-14 08:35:23 | INFO     | face_detection:detectFaces:57 | 图片中未检测到人脸: C:\Users\ADMINI~1\AppData\Local\Temp\tmp2u1tpzmm\test_0.jpg
2026-02-14 08:35:23 | INFO     | face_detection:detectFaces:57 | 图片中未检测到人脸: C:\Users\ADMINI~1\AppData\Local\Temp\tmp2u1tpzmm\test_1.jpg
2026-02-14 08:35:23 | INFO     | face_detection:detectFaces:57 | 图片中未检测到人脸: C:\Users\ADMINI~1\AppData\Local\Temp\tmp2u1tpzmm\test_2.jpg
2026-02-14 08:35:23 | INFO     | face_detection:detectFaces:57 | 图片中未检测到人脸: C:\Users\ADMINI~1\AppData\Local\Temp\tmp2u1tpzmm\test_3.jpg
2026-02-14 08:35:23 | INFO     | face_detection:detectFaces:57 | 图片中未检测到人脸: C:\Users\ADMINI~1\AppData\Local\Temp\tmp2u1tpzmm\test_4.jpg
2026-02-14 08:35:23 | INFO     | face_detection:detectFaces:57 | 图片中未检测到人脸: C:\Users\ADMINI~1\AppData\Local\Temp\tmp2u1tpzmm\test_5.jpg
2026-02-14 08:35:23 | INFO     | face_detection:detectFaces:57 | 图片中未检测到人脸: C:\Users\ADMINI~1\AppData\Local\Temp\tmp2u1tpzmm\test_6.jpg
2026-02-14 08:35:23 | INFO     | face_detection:detectFaces:57 | 图片中未检测到人脸: C:\Users\ADMINI~1\AppData\Local\Temp\tmp2u1tpzmm\test_7.jpg
2026-02-14 08:35:23 | INFO     | face_detection:detectFaces:57 | 图片中未检测到人脸: C:\Users\ADMINI~1\AppData\Local\Temp\tmp2u1tpzmm\test_8.jpg
2026-02-14 08:35:23 | INFO     | face_search:searchFaces:174 | 搜索完成: 处理 9 个文件, 跳过 9 个文件, 找到 0 个匹配结果, 已取消: False
2026-02-14 08:35:23 | INFO     | face_search:searchFaces:70 | 开始搜索人脸: 文件夹=C:\Users\ADMINI~1\AppData\Local\Temp\tmpvrmubsf4, 阈值=0.7759418941793765
2026-02-14 08:35:23 | INFO     | face_search:searchFaces:83 | 扫描完成，找到 9 个图片文件
2026-02-14 08:35:23 | INFO     | face_detection:detectFaces:57 | 图片中未检测到人脸: C:\Users\ADMINI~1\AppData\Local\Temp\tmpvrmubsf4\test_0.jpg
2026-02-14 08:35:23 | INFO     | face_detection:detectFaces:57 | 图片中未检测到人脸: C:\Users\ADMINI~1\AppData\Local\Temp\tmpvrmubsf4\test_1.jpg
2026-02-14 08:35:23 | INFO     | face_detection:detectFaces:57 | 图片中未检测到人脸: C:\Users\ADMINI~1\AppData\Local\Temp\tmpvrmubsf4\test_2.jpg
2026-02-14 08:35:23 | INFO     | face_detection:detectFaces:57 | 图片中未检测到人脸: C:\Users\ADMINI~1\AppData\Local\Temp\tmpvrmubsf4\test_3.jpg
2026-02-14 08:35:23 | INFO     | face_detection:detectFaces:57 | 图片中未检测到人脸: C:\Users\ADMINI~1\AppData\Local\Temp\tmpvrmubsf4\test_4.jpg
2026-02-14 08:35:23 | INFO     | face_detection:detectFaces:57 | 图片中未检测到人脸: C:\Users\ADMINI~1\AppData\Local\Temp\tmpvrmubsf4\test_5.jpg
2026-02-14 08:35:23 | INFO     | face_detection:detectFaces:57 | 图片中未检测到人脸: C:\Users\ADMINI~1\AppData\Local\Temp\tmpvrmubsf4\test_6.jpg
2026-02-14 08:35:23 | INFO     | face_detection:detectFaces:57 | 图片中未检测到人脸: C:\Users\ADMINI~1\AppData\Local\Temp\tmpvrmubsf4\test_7.jpg
2026-02-14 08:35:23 | INFO     | face_detection:detectFaces:57 | 图片中未检测到人脸: C:\Users\ADMINI~1\AppData\Local\Temp\tmpvrmubsf4\test_8.jpg
2026-02-14 08:35:23 | INFO     | face_search:searchFaces:174 | 搜索完成: 处理 9 个文件, 跳过 9 个文件, 找到 0 个匹配结果, 已取消: False
2026-02-14 08:35:23 | INFO     | face_search:searchFaces:70 | 开始搜索人脸: 文件夹=C:\Users\ADMINI~1\AppData\Local\Temp\tmpkfwv4o0n, 阈值=0.9810460907415091
2026-02-14 08:35:23 | INFO     | face_search:searchFaces:83 | 扫描完成，找到 5 个图片文件
2026-02-14 08:35:23 | INFO     | face_detection:detectFaces:57 | 图片中未检测到人脸: C:\Users\ADMINI~1\AppData\Local\Temp\tmpkfwv4o0n\test_0.jpg
2026-02-14 08:35:23 | INFO     | face_detection:detectFaces:57 | 图片中未检测到人脸: C:\Users\ADMINI~1\AppData\Local\Temp\tmpkfwv4o0n\test_1.jpg
2026-02-14 08:35:23 | INFO     | face_detection:detectFaces:57 | 图片中未检测到人脸: C:\Users\ADMINI~1\AppData\Local\Temp\tmpkfwv4o0n\test_2.jpg
2026-02-14 08:35:23 | INFO     | face_detection:detectFaces:57 | 图片中未检测到人脸: C:\Users\ADMINI~1\AppData\Local\Temp\tmpkfwv4o0n\test_3.jpg
2026-02-14 08:35:23 | INFO     | face_detection:detectFaces:57 | 图片中未检测到人脸: C:\Users\ADMINI~1\AppData\Local\Temp\tmpkfwv4o0n\test_4.jpg
2026-02-14 08:35:23 | INFO     | face_search:searchFaces:174 | 搜索完成: 处理 5 个文件, 跳过 5 个文件, 找到 0 个匹配结果, 已取消: False
2026-02-14 08:35:23 | INFO     | face_search:searchFaces:70 | 开始搜索人脸: 文件夹=C:\Users\ADMINI~1\AppData\Local\Temp\tmp1tptl3da, 阈值=0.9810460907415091
2026-02-14 08:35:23 | INFO     | face_search:searchFaces:83 | 扫描完成，找到 5 个图片文件
2026-02-14 08:35:23 | INFO     | face_detection:detectFaces:57 | 图片中未检测到人脸: C:\Users\ADMINI~1\AppData\Local\Temp\tmp1tptl3da\test_0.jpg
2026-02-14 08:35:23 | INFO     | face_detection:detectFaces:57 | 图片中未检测到人脸: C:\Users\ADMINI~1\AppData\Local\Temp\tmp1tptl3da\test_1.jpg
2026-02-14 08:35:23 | INFO     | face_detection:detectFaces:57 | 图片中未检测到人脸: C:\Users\ADMINI~1\AppData\Local\Temp\tmp1tptl3da\test_2.jpg
2026-02-14 08:35:23 | INFO     | face_detection:detectFaces:57 | 图片中未检测到人脸: C:\Users\ADMINI~1\AppData\Local\Temp\tmp1tptl3da\test_3.jpg
2026-02-14 08:35:23 | INFO     | face_detection:detectFaces:57 | 图片中未检测到人脸: C:\Users\ADMINI~1\AppData\Local\Temp\tmp1tptl3da\test_4.jpg
2026-02-14 08:35:23 | INFO     | face_search:searchFaces:174 | 搜索完成: 处理 5 个文件, 跳过 5 个文件, 找到 0 个匹配结果, 已取消: False
2026-02-14 08:35:23 | INFO     | face_search:searchFaces:70 | 开始搜索人脸: 文件夹=C:\Users\ADMINI~1\AppData\Local\Temp\tmp4tmbersq, 阈值=0.9810460907415091
2026-02-14 08:35:23 | INFO     | face_search:searchFaces:83 | 扫描完成，找到 5 个图片文件
2026-02-14 08:35:23 | INFO     | face_detection:detectFaces:57 | 图片中未检测到人脸: C:\Users\ADMINI~1\AppData\Local\Temp\tmp4tmbersq\test_0.jpg
2026-02-14 08:35:23 | INFO     | face_detection:detectFaces:57 | 图片中未检测到人脸: C:\Users\ADMINI~1\AppData\Local\Temp\tmp4tmbersq\test_1.jpg
2026-02-14 08:35:23 | INFO     | face_detection:detectFaces:57 | 图片中未检测到人脸: C:\Users\ADMINI~1\AppData\Local\Temp\tmp4tmbersq\test_2.jpg
2026-02-14 08:35:23 | INFO     | face_detection:detectFaces:57 | 图片中未检测到人脸: C:\Users\ADMINI~1\AppData\Local\Temp\tmp4tmbersq\test_3.jpg
2026-02-14 08:35:23 | INFO     | face_detection:detectFaces:57 | 图片中未检测到人脸: C:\Users\ADMINI~1\AppData\Local\Temp\tmp4tmbersq\test_4.jpg
2026-02-14 08:35:23 | INFO     | face_search:searchFaces:174 | 搜索完成: 处理 5 个文件, 跳过 5 个文件, 找到 0 个匹配结果, 已取消: False
2026-02-14 08:35:23 | INFO     | face_search:searchFaces:70 | 开始搜索人脸: 文件夹=C:\Users\ADMINI~1\AppData\Local\Temp\tmphi_tn0to, 阈值=0.9810460907415091
2026-02-14 08:35:23 | INFO     | face_search:searchFaces:83 | 扫描完成，找到 5 个图片文件
2026-02-14 08:35:23 | INFO     | face_detection:detectFaces:57 | 图片中未检测到人脸: C:\Users\ADMINI~1\AppData\Local\Temp\tmphi_tn0to\test_0.jpg
2026-02-14 08:35:23 | INFO     | face_detection:detectFaces:57 | 图片中未检测到人脸: C:\Users\ADMINI~1\AppData\Local\Temp\tmphi_tn0to\test_1.jpg
2026-02-14 08:35:23 | INFO     | face_detection:detectFaces:57 | 图片中未检测到人脸: C:\Users\ADMINI~1\AppData\Local\Temp\tmphi_tn0to\test_2.jpg
2026-02-14 08:35:23 | INFO     | face_detection:detectFaces:57 | 图片中未检测到人脸: C:\Users\ADMINI~1\AppData\Local\Temp\tmphi_tn0to\test_3.jpg
2026-02-14 08:35:23 | INFO     | face_detection:detectFaces:57 | 图片中未检测到人脸: C:\Users\ADMINI~1\AppData\Local\Temp\tmphi_tn0to\test_4.jpg
2026-02-14 08:35:23 | INFO     | face_search:searchFaces:174 | 搜索完成: 处理 5 个文件, 跳过 5 个文件, 找到 0 个匹配结果, 已取消: False
2026-02-14 08:35:23 | INFO     | face_search:searchFaces:70 | 开始搜索人脸: 文件夹=C:\Users\ADMINI~1\AppData\Local\Temp\tmp2ft0w67j, 阈值=0.9810460907415091
2026-02-14 08:35:23 | INFO     | face_search:searchFaces:83 | 扫描完成，找到 5 个图片文件
2026-02-14 08:35:23 | INFO     | face_detection:detectFaces:57 | 图片中未检测到人脸: C:\Users\ADMINI~1\AppData\Local\Temp\tmp2ft0w67j\test_0.jpg
2026-02-14 08:35:23 | INFO     | face_detection:detectFaces:57 | 图片中未检测到人脸: C:\Users\ADMINI~1\AppData\Local\Temp\tmp2ft0w67j\test_1.jpg
2026-02-14 08:35:23 | INFO     | face_detection:detectFaces:57 | 图片中未检测到人脸: C:\Users\ADMINI~1\AppData\Local\Temp\tmp2ft0w67j\test_2.jpg
2026-02-14 08:35:23 | INFO     | face_detection:detectFaces:57 | 图片中未检测到人脸: C:\Users\ADMINI~1\AppData\Local\Temp\tmp2ft0w67j\test_3.jpg
2026-02-14 08:35:23 | INFO     | face_detection:detectFaces:57 | 图片中未检测到人脸: C:\Users\ADMINI~1\AppData\Local\Temp\tmp2ft0w67j\test_4.jpg
2026-02-14 08:35:23 | INFO     | face_search:searchFaces:174 | 搜索完成: 处理 5 个文件, 跳过 5 个文件, 找到 0 个匹配结果, 已取消: False
2026-02-14 08:35:23 | INFO     | face_search:searchFaces:70 | 开始搜索人脸: 文件夹=C:\Users\ADMINI~1\AppData\Local\Temp\tmp70mxoawa, 阈值=0.0
2026-02-14 08:35:23 | INFO     | face_search:searchFaces:83 | 扫描完成，找到 2 个图片文件
2026-02-14 08:35:23 | INFO     | face_detection:detectFaces:57 | 图片中未检测到人脸: C:\Users\ADMINI~1\AppData\Local\Temp\tmp70mxoawa\test_0.jpg
2026-02-14 08:35:23 | INFO     | face_detection:detectFaces:57 | 图片中未检测到人脸: C:\Users\ADMINI~1\AppData\Local\Temp\tmp70mxoawa\test_1.jpg
2026-02-14 08:35:23 | INFO     | face_search:searchFaces:174 | 搜索完成: 处理 2 个文件, 跳过 2 个文件, 找到 0 个匹配结果, 已取消: False
2026-02-14 08:35:23 | INFO     | face_search:searchFaces:70 | 开始搜索人脸: 文件夹=C:\Users\ADMINI~1\AppData\Local\Temp\tmpy6l30jfz, 阈值=0.0
2026-02-14 08:35:23 | INFO     | face_search:searchFaces:83 | 扫描完成，找到 3 个图片文件
2026-02-14 08:35:23 | INFO     | face_detection:detectFaces:57 | 图片中未检测到人脸: C:\Users\ADMINI~1\AppData\Local\Temp\tmpy6l30jfz\test_0.jpg
2026-02-14 08:35:23 | INFO     | face_detection:detectFaces:57 | 图片中未检测到人脸: C:\Users\ADMINI~1\AppData\Local\Temp\tmpy6l30jfz\test_1.jpg
2026-02-14 08:35:24 | INFO     | face_detection:detectFaces:57 | 图片中未检测到人脸: C:\Users\ADMINI~1\AppData\Local\Temp\tmpy6l30jfz\test_2.jpg
2026-02-14 08:35:24 | INFO     | face_search:searchFaces:174 | 搜索完成: 处理 3 个文件, 跳过 3 个文件, 找到 0 个匹配结果, 已取消: False
2026-02-14 08:35:24 | INFO     | face_search:searchFaces:70 | 开始搜索人脸: 文件夹=C:\Users\ADMINI~1\AppData\Local\Temp\tmpfs20ygkp, 阈值=5e-324
2026-02-14 08:35:24 | INFO     | face_search:searchFaces:83 | 扫描完成，找到 3 个图片文件
2026-02-14 08:35:24 | INFO     | face_detection:detectFaces:57 | 图片中未检测到人脸: C:\Users\ADMINI~1\AppData\Local\Temp\tmpfs20ygkp\test_0.jpg
2026-02-14 08:35:24 | INFO     | face_detection:detectFaces:57 | 图片中未检测到人脸: C:\Users\ADMINI~1\AppData\Local\Temp\tmpfs20ygkp\test_1.jpg
2026-02-14 08:35:24 | INFO     | face_detection:detectFaces:57 | 图片中未检测到人脸: C:\Users\ADMINI~1\AppData\Local\Temp\tmpfs20ygkp\test_2.jpg
2026-02-14 08:35:24 | INFO     | face_search:searchFaces:174 | 搜索完成: 处理 3 个文件, 跳过 3 个文件, 找到 0 个匹配结果, 已取消: False
2026-02-14 08:35:24 | INFO     | face_search:searchFaces:70 | 开始搜索人脸: 文件夹=C:\Users\ADMINI~1\AppData\Local\Temp\tmpe8thpo0a, 阈值=0.0
2026-02-14 08:35:24 | INFO     | face_search:searchFaces:83 | 扫描完成，找到 2 个图片文件
2026-02-14 08:35:24 | INFO     | face_detection:detectFaces:57 | 图片中未检测到人脸: C:\Users\ADMINI~1\AppData\Local\Temp\tmpe8thpo0a\test_0.jpg
2026-02-14 08:35:24 | INFO     | face_detection:detectFaces:57 | 图片中未检测到人脸: C:\Users\ADMINI~1\AppData\Local\Temp\tmpe8thpo0a\test_1.jpg
2026-02-14 08:35:24 | INFO     | face_search:searchFaces:174 | 搜索完成: 处理 2 个文件, 跳过 2 个文件, 找到 0 个匹配结果, 已取消: False
2026-02-14 08:35:24 | INFO     | face_search:searchFaces:70 | 开始搜索人脸: 文件夹=C:\Users\ADMINI~1\AppData\Local\Temp\tmpn_y6whkg, 阈值=0.011704634449769548
2026-02-14 08:35:24 | INFO     | face_search:searchFaces:83 | 扫描完成，找到 2 个图片文件
2026-02-14 08:35:24 | INFO     | face_detection:detectFaces:57 | 图片中未检测到人脸: C:\Users\ADMINI~1\AppData\Local\Temp\tmpn_y6whkg\test_0.jpg
2026-02-14 08:35:24 | INFO     | face_detection:detectFaces:57 | 图片中未检测到人脸: C:\Users\ADMINI~1\AppData\Local\Temp\tmpn_y6whkg\test_1.jpg
2026-02-14 08:35:24 | INFO     | face_search:searchFaces:174 | 搜索完成: 处理 2 个文件, 跳过 2 个文件, 找到 0 个匹配结果, 已取消: False
2026-02-14 08:35:24 | INFO     | face_search:searchFaces:70 | 开始搜索人脸: 文件夹=C:\Users\ADMINI~1\AppData\Local\Temp\tmp8ew_imhe, 阈值=0.640285639752253
2026-02-14 08:35:24 | INFO     | face_search:searchFaces:83 | 扫描完成，找到 7 个图片文件
2026-02-14 08:35:24 | INFO     | face_detection:detectFaces:57 | 图片中未检测到人脸: C:\Users\ADMINI~1\AppData\Local\Temp\tmp8ew_imhe\test_0.jpg
2026-02-14 08:35:24 | INFO     | face_detection:detectFaces:57 | 图片中未检测到人脸: C:\Users\ADMINI~1\AppData\Local\Temp\tmp8ew_imhe\test_1.jpg
2026-02-14 08:35:24 | INFO     | face_detection:detectFaces:57 | 图片中未检测到人脸: C:\Users\ADMINI~1\AppData\Local\Temp\tmp8ew_imhe\test_2.jpg
2026-02-14 08:35:24 | INFO     | face_detection:detectFaces:57 | 图片中未检测到人脸: C:\Users\ADMINI~1\AppData\Local\Temp\tmp8ew_imhe\test_3.jpg
2026-02-14 08:35:24 | INFO     | face_detection:detectFaces:57 | 图片中未检测到人脸: C:\Users\ADMINI~1\AppData\Local\Temp\tmp8ew_imhe\test_4.jpg
2026-02-14 08:35:24 | INFO     | face_detection:detectFaces:57 | 图片中未检测到人脸: C:\Users\ADMINI~1\AppData\Local\Temp\tmp8ew_imhe\test_5.jpg
2026-02-14 08:35:24 | INFO     | face_detection:detectFaces:57 | 图片中未检测到人脸: C:\Users\ADMINI~1\AppData\Local\Temp\tmp8ew_imhe\test_6.jpg
2026-02-14 08:35:24 | INFO     | face_search:searchFaces:174 | 搜索完成: 处理 7 个文件, 跳过 7 个文件, 找到 0 个匹配结果, 已取消: False
2026-02-14 08:35:24 | INFO     | face_search:searchFaces:70 | 开始搜索人脸: 文件夹=C:\Users\ADMINI~1\AppData\Local\Temp\tmpwgjdrsjx, 阈值=0.7495409507442327
2026-02-14 08:35:24 | INFO     | face_search:searchFaces:83 | 扫描完成，找到 3 个图片文件
2026-02-14 08:35:24 | INFO     | face_detection:detectFaces:57 | 图片中未检测到人脸: C:\Users\ADMINI~1\AppData\Local\Temp\tmpwgjdrsjx\test_0.jpg
2026-02-14 08:35:24 | INFO     | face_detection:detectFaces:57 | 图片中未检测到人脸: C:\Users\ADMINI~1\AppData\Local\Temp\tmpwgjdrsjx\test_1.jpg
2026-02-14 08:35:24 | INFO     | face_detection:detectFaces:57 | 图片中未检测到人脸: C:\Users\ADMINI~1\AppData\Local\Temp\tmpwgjdrsjx\test_2.jpg
2026-02-14 08:35:24 | INFO     | face_search:searchFaces:174 | 搜索完成: 处理 3 个文件, 跳过 3 个文件, 找到 0 个匹配结果, 已取消: False
2026-02-14 08:35:24 | INFO     | face_search:searchFaces:70 | 开始搜索人脸: 文件夹=C:\Users\ADMINI~1\AppData\Local\Temp\tmpbki95pa2, 阈值=0.46876785369953333
2026-02-14 08:35:24 | INFO     | face_search:searchFaces:83 | 扫描完成，找到 8 个图片文件
2026-02-14 08:35:24 | INFO     | face_detection:detectFaces:57 | 图片中未检测到人脸: C:\Users\ADMINI~1\AppData\Local\Temp\tmpbki95pa2\test_0.jpg
2026-02-14 08:35:24 | INFO     | face_detection:detectFaces:57 | 图片中未检测到人脸: C:\Users\ADMINI~1\AppData\Local\Temp\tmpbki95pa2\test_1.jpg
2026-02-14 08:35:24 | INFO     | face_detection:detectFaces:57 | 图片中未检测到人脸: C:\Users\ADMINI~1\AppData\Local\Temp\tmpbki95pa2\test_2.jpg
2026-02-14 08:35:24 | INFO     | face_detection:detectFaces:57 | 图片中未检测到人脸: C:\Users\ADMINI~1\AppData\Local\Temp\tmpbki95pa2\test_3.jpg
2026-02-14 08:35:24 | INFO     | face_detection:detectFaces:57 | 图片中未检测到人脸: C:\Users\ADMINI~1\AppData\Local\Temp\tmpbki95pa2\test_4.jpg
2026-02-14 08:35:24 | INFO     | face_detection:detectFaces:57 | 图片中未检测到人脸: C:\Users\ADMINI~1\AppData\Local\Temp\tmpbki95pa2\test_5.jpg
2026-02-14 08:35:24 | INFO     | face_detection:detectFaces:57 | 图片中未检测到人脸: C:\Users\ADMINI~1\AppData\Local\Temp\tmpbki95pa2\test_6.jpg
2026-02-14 08:35:24 | INFO     | face_detection:detectFaces:57 | 图片中未检测到人脸: C:\Users\ADMINI~1\AppData\Local\Temp\tmpbki95pa2\test_7.jpg
2026-02-14 08:35:24 | INFO     | face_search:searchFaces:174 | 搜索完成: 处理 8 个文件, 跳过 8 个文件, 找到 0 个匹配结果, 已取消: False
2026-02-14 08:35:24 | INFO     | face_search:searchFaces:70 | 开始搜索人脸: 文件夹=C:\Users\ADMINI~1\AppData\Local\Temp\tmp55bt6ok2, 阈值=0.4329282967845042
2026-02-14 08:35:24 | INFO     | face_search:searchFaces:83 | 扫描完成，找到 3 个图片文件
2026-02-14 08:35:24 | INFO     | face_detection:detectFaces:57 | 图片中未检测到人脸: C:\Users\ADMINI~1\AppData\Local\Temp\tmp55bt6ok2\test_0.jpg
2026-02-14 08:35:24 | INFO     | face_detection:detectFaces:57 | 图片中未检测到人脸: C:\Users\ADMINI~1\AppData\Local\Temp\tmp55bt6ok2\test_1.jpg
2026-02-14 08:35:24 | INFO     | face_detection:detectFaces:57 | 图片中未检测到人脸: C:\Users\ADMINI~1\AppData\Local\Temp\tmp55bt6ok2\test_2.jpg
2026-02-14 08:35:24 | INFO     | face_search:searchFaces:174 | 搜索完成: 处理 3 个文件, 跳过 3 个文件, 找到 0 个匹配结果, 已取消: False
2026-02-14 08:35:24 | INFO     | face_search:searchFaces:70 | 开始搜索人脸: 文件夹=C:\Users\ADMINI~1\AppData\Local\Temp\tmp0gtbjrob, 阈值=0.7360545389045586
2026-02-14 08:35:24 | INFO     | face_search:searchFaces:83 | 扫描完成，找到 2 个图片文件
2026-02-14 08:35:24 | INFO     | face_detection:detectFaces:57 | 图片中未检测到人脸: C:\Users\ADMINI~1\AppData\Local\Temp\tmp0gtbjrob\test_0.jpg
2026-02-14 08:35:24 | INFO     | face_detection:detectFaces:57 | 图片中未检测到人脸: C:\Users\ADMINI~1\AppData\Local\Temp\tmp0gtbjrob\test_1.jpg
2026-02-14 08:35:24 | INFO     | face_search:searchFaces:174 | 搜索完成: 处理 2 个文件, 跳过 2 个文件, 找到 0 个匹配结果, 已取消: False
2026-02-14 08:35:25 | INFO     | face_search:searchFaces:70 | 开始搜索人脸: 文件夹=C:\Users\ADMINI~1\AppData\Local\Temp\tmp2ifenq9x, 阈值=0.10406696823107711
2026-02-14 08:35:25 | INFO     | face_search:searchFaces:83 | 扫描完成，找到 5 个图片文件
2026-02-14 08:35:25 | INFO     | face_detection:detectFaces:57 | 图片中未检测到人脸: C:\Users\ADMINI~1\AppData\Local\Temp\tmp2ifenq9x\test_0.jpg
2026-02-14 08:35:25 | INFO     | face_detection:detectFaces:57 | 图片中未检测到人脸: C:\Users\ADMINI~1\AppData\Local\Temp\tmp2ifenq9x\test_1.jpg
2026-02-14 08:35:25 | INFO     | face_detection:detectFaces:57 | 图片中未检测到人脸: C:\Users\ADMINI~1\AppData\Local\Temp\tmp2ifenq9x\test_2.jpg
2026-02-14 08:35:25 | INFO     | face_detection:detectFaces:57 | 图片中未检测到人脸: C:\Users\ADMINI~1\AppData\Local\Temp\tmp2ifenq9x\test_3.jpg
2026-02-14 08:35:25 | INFO     | face_detection:detectFaces:57 | 图片中未检测到人脸: C:\Users\ADMINI~1\AppData\Local\Temp\tmp2ifenq9x\test_4.jpg
2026-02-14 08:35:25 | INFO     | face_search:searchFaces:174 | 搜索完成: 处理 5 个文件, 跳过 5 个文件, 找到 0 个匹配结果, 已取消: False
2026-02-14 08:35:25 | INFO     | face_search:searchFaces:70 | 开始搜索人脸: 文件夹=C:\Users\ADMINI~1\AppData\Local\Temp\tmp6eqp074_, 阈值=0.10406696823107711
2026-02-14 08:35:25 | INFO     | face_search:searchFaces:83 | 扫描完成，找到 5 个图片文件
2026-02-14 08:35:25 | INFO     | face_detection:detectFaces:57 | 图片中未检测到人脸: C:\Users\ADMINI~1\AppData\Local\Temp\tmp6eqp074_\test_0.jpg
2026-02-14 08:35:25 | INFO     | face_detection:detectFaces:57 | 图片中未检测到人脸: C:\Users\ADMINI~1\AppData\Local\Temp\tmp6eqp074_\test_1.jpg
2026-02-14 08:35:25 | INFO     | face_detection:detectFaces:57 | 图片中未检测到人脸: C:\Users\ADMINI~1\AppData\Local\Temp\tmp6eqp074_\test_2.jpg
2026-02-14 08:35:25 | INFO     | face_detection:detectFaces:57 | 图片中未检测到人脸: C:\Users\ADMINI~1\AppData\Local\Temp\tmp6eqp074_\test_3.jpg
2026-02-14 08:35:25 | INFO     | face_detection:detectFaces:57 | 图片中未检测到人脸: C:\Users\ADMINI~1\AppData\Local\Temp\tmp6eqp074_\test_4.jpg
2026-02-14 08:35:25 | INFO     | face_search:searchFaces:174 | 搜索完成: 处理 5 个文件, 跳过 5 个文件, 找到 0 个匹配结果, 已取消: False
2026-02-14 08:35:25 | INFO     | face_search:searchFaces:70 | 开始搜索人脸: 文件夹=C:\Users\ADMINI~1\AppData\Local\Temp\tmp49edz_a7, 阈值=0.10406696823107711
2026-02-14 08:35:25 | INFO     | face_search:searchFaces:83 | 扫描完成，找到 5 个图片文件
2026-02-14 08:35:25 | INFO     | face_detection:detectFaces:57 | 图片中未检测到人脸: C:\Users\ADMINI~1\AppData\Local\Temp\tmp49edz_a7\test_0.jpg
2026-02-14 08:35:25 | INFO     | face_detection:detectFaces:57 | 图片中未检测到人脸: C:\Users\ADMINI~1\AppData\Local\Temp\tmp49edz_a7\test_1.jpg
2026-02-14 08:35:25 | INFO     | face_detection:detectFaces:57 | 图片中未检测到人脸: C:\Users\ADMINI~1\AppData\Local\Temp\tmp49edz_a7\test_2.jpg
2026-02-14 08:35:25 | INFO     | face_detection:detectFaces:57 | 图片中未检测到人脸: C:\Users\ADMINI~1\AppData\Local\Temp\tmp49edz_a7\test_3.jpg
2026-02-14 08:35:25 | INFO     | face_detection:detectFaces:57 | 图片中未检测到人脸: C:\Users\ADMINI~1\AppData\Local\Temp\tmp49edz_a7\test_4.jpg
2026-02-14 08:35:25 | INFO     | face_search:searchFaces:174 | 搜索完成: 处理 5 个文件, 跳过 5 个文件, 找到 0 个匹配结果, 已取消: False
2026-02-14 08:35:25 | INFO     | face_search:searchFaces:70 | 开始搜索人脸: 文件夹=C:\Users\ADMINI~1\AppData\Local\Temp\tmpythjcp2_, 阈值=0.10406696823107711
2026-02-14 08:35:25 | INFO     | face_search:searchFaces:83 | 扫描完成，找到 5 个图片文件
2026-02-14 08:35:25 | INFO     | face_detection:detectFaces:57 | 图片中未检测到人脸: C:\Users\ADMINI~1\AppData\Local\Temp\tmpythjcp2_\test_0.jpg
2026-02-14 08:35:25 | INFO     | face_detection:detectFaces:57 | 图片中未检测到人脸: C:\Users\ADMINI~1\AppData\Local\Temp\tmpythjcp2_\test_1.jpg
2026-02-14 08:35:25 | INFO     | face_detection:detectFaces:57 | 图片中未检测到人脸: C:\Users\ADMINI~1\AppData\Local\Temp\tmpythjcp2_\test_2.jpg
2026-02-14 08:35:25 | INFO     | face_detection:detectFaces:57 | 图片中未检测到人脸: C:\Users\ADMINI~1\AppData\Local\Temp\tmpythjcp2_\test_3.jpg
2026-02-14 08:35:25 | INFO     | face_detection:detectFaces:57 | 图片中未检测到人脸: C:\Users\ADMINI~1\AppData\Local\Temp\tmpythjcp2_\test_4.jpg
2026-02-14 08:35:25 | INFO     | face_search:searchFaces:174 | 搜索完成: 处理 5 个文件, 跳过 5 个文件, 找到 0 个匹配结果, 已取消: False
2026-02-14 08:35:25 | INFO     | face_search:searchFaces:70 | 开始搜索人脸: 文件夹=C:\Users\ADMINI~1\AppData\Local\Temp\tmpzdvzc6tr, 阈值=0.10406696823107711
2026-02-14 08:35:25 | INFO     | face_search:searchFaces:83 | 扫描完成，找到 5 个图片文件
2026-02-14 08:35:25 | INFO     | face_detection:detectFaces:57 | 图片中未检测到人脸: C:\Users\ADMINI~1\AppData\Local\Temp\tmpzdvzc6tr\test_0.jpg
2026-02-14 08:35:25 | INFO     | face_detection:detectFaces:57 | 图片中未检测到人脸: C:\Users\ADMINI~1\AppData\Local\Temp\tmpzdvzc6tr\test_1.jpg
2026-02-14 08:35:25 | INFO     | face_detection:detectFaces:57 | 图片中未检测到人脸: C:\Users\ADMINI~1\AppData\Local\Temp\tmpzdvzc6tr\test_2.jpg
2026-02-14 08:35:25 | INFO     | face_detection:detectFaces:57 | 图片中未检测到人脸: C:\Users\ADMINI~1\AppData\Local\Temp\tmpzdvzc6tr\test_3.jpg
2026-02-14 08:35:25 | INFO     | face_detection:detectFaces:57 | 图片中未检测到人脸: C:\Users\ADMINI~1\AppData\Local\Temp\tmpzdvzc6tr\test_4.jpg
2026-02-14 08:35:25 | INFO     | face_search:searchFaces:174 | 搜索完成: 处理 5 个文件, 跳过 5 个文件, 找到 0 个匹配结果, 已取消: False
2026-02-14 08:35:25 | INFO     | face_search:searchFaces:70 | 开始搜索人脸: 文件夹=C:\Users\ADMINI~1\AppData\Local\Temp\tmpjwyhkl_m, 阈值=0.10406696823107711
2026-02-14 08:35:25 | INFO     | face_search:searchFaces:83 | 扫描完成，找到 5 个图片文件
2026-02-14 08:35:25 | INFO     | face_detection:detectFaces:57 | 图片中未检测到人脸: C:\Users\ADMINI~1\AppData\Local\Temp\tmpjwyhkl_m\test_0.jpg
2026-02-14 08:35:25 | INFO     | face_detection:detectFaces:57 | 图片中未检测到人脸: C:\Users\ADMINI~1\AppData\Local\Temp\tmpjwyhkl_m\test_1.jpg
2026-02-14 08:35:25 | INFO     | face_detection:detectFaces:57 | 图片中未检测到人脸: C:\Users\ADMINI~1\AppData\Local\Temp\tmpjwyhkl_m\test_2.jpg
2026-02-14 08:35:25 | INFO     | face_detection:detectFaces:57 | 图片中未检测到人脸: C:\Users\ADMINI~1\AppData\Local\Temp\tmpjwyhkl_m\test_3.jpg
2026-02-14 08:35:25 | INFO     | face_detection:detectFaces:57 | 图片中未检测到人脸: C:\Users\ADMINI~1\AppData\Local\Temp\tmpjwyhkl_m\test_4.jpg
2026-02-14 08:35:25 | INFO     | face_search:searchFaces:174 | 搜索完成: 处理 5 个文件, 跳过 5 个文件, 找到 0 个匹配结果, 已取消: False
2026-02-14 08:35:25 | INFO     | face_search:searchFaces:70 | 开始搜索人脸: 文件夹=C:\Users\ADMINI~1\AppData\Local\Temp\tmpdj5398vs, 阈值=0.10406696823107711
2026-02-14 08:35:25 | INFO     | face_search:searchFaces:83 | 扫描完成，找到 5 个图片文件
2026-02-14 08:35:25 | INFO     | face_detection:detectFaces:57 | 图片中未检测到人脸: C:\Users\ADMINI~1\AppData\Local\Temp\tmpdj5398vs\test_0.jpg
2026-02-14 08:35:26 | INFO     | face_detection:detectFaces:57 | 图片中未检测到人脸: C:\Users\ADMINI~1\AppData\Local\Temp\tmpdj5398vs\test_1.jpg
2026-02-14 08:35:26 | INFO     | face_detection:detectFaces:57 | 图片中未检测到人脸: C:\Users\ADMINI~1\AppData\Local\Temp\tmpdj5398vs\test_2.jpg
2026-02-14 08:35:26 | INFO     | face_detection:detectFaces:57 | 图片中未检测到人脸: C:\Users\ADMINI~1\AppData\Local\Temp\tmpdj5398vs\test_3.jpg
2026-02-14 08:35:26 | INFO     | face_detection:detectFaces:57 | 图片中未检测到人脸: C:\Users\ADMINI~1\AppData\Local\Temp\tmpdj5398vs\test_4.jpg
2026-02-14 08:35:26 | INFO     | face_search:searchFaces:174 | 搜索完成: 处理 5 个文件, 跳过 5 个文件, 找到 0 个匹配结果, 已取消: False
2026-02-14 08:35:26 | INFO     | face_search:searchFaces:70 | 开始搜索人脸: 文件夹=C:\Users\ADMINI~1\AppData\Local\Temp\tmpuwmynbwb, 阈值=1.1125369292536007e-308
2026-02-14 08:35:26 | INFO     | face_search:searchFaces:83 | 扫描完成，找到 3 个图片文件
2026-02-14 08:35:26 | INFO     | face_detection:detectFaces:57 | 图片中未检测到人脸: C:\Users\ADMINI~1\AppData\Local\Temp\tmpuwmynbwb\test_0.jpg
2026-02-14 08:35:26 | INFO     | face_detection:detectFaces:57 | 图片中未检测到人脸: C:\Users\ADMINI~1\AppData\Local\Temp\tmpuwmynbwb\test_1.jpg
2026-02-14 08:35:26 | INFO     | face_detection:detectFaces:57 | 图片中未检测到人脸: C:\Users\ADMINI~1\AppData\Local\Temp\tmpuwmynbwb\test_2.jpg
2026-02-14 08:35:26 | INFO     | face_search:searchFaces:174 | 搜索完成: 处理 3 个文件, 跳过 3 个文件, 找到 0 个匹配结果, 已取消: False
2026-02-14 08:35:26 | INFO     | face_search:searchFaces:70 | 开始搜索人脸: 文件夹=C:\Users\ADMINI~1\AppData\Local\Temp\tmpsvyxzwjq, 阈值=1.1125369292536007e-308
2026-02-14 08:35:26 | INFO     | face_search:searchFaces:83 | 扫描完成，找到 3 个图片文件
2026-02-14 08:35:26 | INFO     | face_detection:detectFaces:57 | 图片中未检测到人脸: C:\Users\ADMINI~1\AppData\Local\Temp\tmpsvyxzwjq\test_0.jpg
2026-02-14 08:35:26 | INFO     | face_detection:detectFaces:57 | 图片中未检测到人脸: C:\Users\ADMINI~1\AppData\Local\Temp\tmpsvyxzwjq\test_1.jpg
2026-02-14 08:35:26 | INFO     | face_detection:detectFaces:57 | 图片中未检测到人脸: C:\Users\ADMINI~1\AppData\Local\Temp\tmpsvyxzwjq\test_2.jpg
2026-02-14 08:35:26 | INFO     | face_search:searchFaces:174 | 搜索完成: 处理 3 个文件, 跳过 3 个文件, 找到 0 个匹配结果, 已取消: False
2026-02-14 08:35:26 | INFO     | face_search:searchFaces:70 | 开始搜索人脸: 文件夹=C:\Users\ADMINI~1\AppData\Local\Temp\tmpb9q7nj9x, 阈值=1.1125369292536007e-308
2026-02-14 08:35:26 | INFO     | face_search:searchFaces:83 | 扫描完成，找到 3 个图片文件
2026-02-14 08:35:26 | INFO     | face_detection:detectFaces:57 | 图片中未检测到人脸: C:\Users\ADMINI~1\AppData\Local\Temp\tmpb9q7nj9x\test_0.jpg
2026-02-14 08:35:26 | INFO     | face_detection:detectFaces:57 | 图片中未检测到人脸: C:\Users\ADMINI~1\AppData\Local\Temp\tmpb9q7nj9x\test_1.jpg
2026-02-14 08:35:26 | INFO     | face_detection:detectFaces:57 | 图片中未检测到人脸: C:\Users\ADMINI~1\AppData\Local\Temp\tmpb9q7nj9x\test_2.jpg
2026-02-14 08:35:26 | INFO     | face_search:searchFaces:174 | 搜索完成: 处理 3 个文件, 跳过 3 个文件, 找到 0 个匹配结果, 已取消: False
2026-02-14 08:35:26 | INFO     | face_search:searchFaces:70 | 开始搜索人脸: 文件夹=C:\Users\ADMINI~1\AppData\Local\Temp\tmplpc04tkp, 阈值=1.1125369292536007e-308
2026-02-14 08:35:26 | INFO     | face_search:searchFaces:83 | 扫描完成，找到 3 个图片文件
2026-02-14 08:35:26 | INFO     | face_detection:detectFaces:57 | 图片中未检测到人脸: C:\Users\ADMINI~1\AppData\Local\Temp\tmplpc04tkp\test_0.jpg
2026-02-14 08:35:26 | INFO     | face_detection:detectFaces:57 | 图片中未检测到人脸: C:\Users\ADMINI~1\AppData\Local\Temp\tmplpc04tkp\test_1.jpg
2026-02-14 08:35:26 | INFO     | face_detection:detectFaces:57 | 图片中未检测到人脸: C:\Users\ADMINI~1\AppData\Local\Temp\tmplpc04tkp\test_2.jpg
2026-02-14 08:35:26 | INFO     | face_search:searchFaces:174 | 搜索完成: 处理 3 个文件, 跳过 3 个文件, 找到 0 个匹配结果, 已取消: False
2026-02-14 08:35:26 | INFO     | face_search:searchFaces:70 | 开始搜索人脸: 文件夹=C:\Users\ADMINI~1\AppData\Local\Temp\tmpy5_fu99k, 阈值=1.1125369292536007e-308
2026-02-14 08:35:26 | INFO     | face_search:searchFaces:83 | 扫描完成，找到 3 个图片文件
2026-02-14 08:35:26 | INFO     | face_detection:detectFaces:57 | 图片中未检测到人脸: C:\Users\ADMINI~1\AppData\Local\Temp\tmpy5_fu99k\test_0.jpg
2026-02-14 08:35:26 | INFO     | face_detection:detectFaces:57 | 图片中未检测到人脸: C:\Users\ADMINI~1\AppData\Local\Temp\tmpy5_fu99k\test_1.jpg
2026-02-14 08:35:26 | INFO     | face_detection:detectFaces:57 | 图片中未检测到人脸: C:\Users\ADMINI~1\AppData\Local\Temp\tmpy5_fu99k\test_2.jpg
2026-02-14 08:35:26 | INFO     | face_search:searchFaces:174 | 搜索完成: 处理 3 个文件, 跳过 3 个文件, 找到 0 个匹配结果, 已取消: False
2026-02-14 08:35:26 | INFO     | face_search:searchFaces:70 | 开始搜索人脸: 文件夹=C:\Users\ADMINI~1\AppData\Local\Temp\tmp59qoxoad, 阈值=1.1125369292536007e-308
2026-02-14 08:35:26 | INFO     | face_search:searchFaces:83 | 扫描完成，找到 3 个图片文件
2026-02-14 08:35:26 | INFO     | face_detection:detectFaces:57 | 图片中未检测到人脸: C:\Users\ADMINI~1\AppData\Local\Temp\tmp59qoxoad\test_0.jpg
2026-02-14 08:35:26 | INFO     | face_detection:detectFaces:57 | 图片中未检测到人脸: C:\Users\ADMINI~1\AppData\Local\Temp\tmp59qoxoad\test_1.jpg
2026-02-14 08:35:26 | INFO     | face_detection:detectFaces:57 | 图片中未检测到人脸: C:\Users\ADMINI~1\AppData\Local\Temp\tmp59qoxoad\test_2.jpg
2026-02-14 08:35:26 | INFO     | face_search:searchFaces:174 | 搜索完成: 处理 3 个文件, 跳过 3 个文件, 找到 0 个匹配结果, 已取消: False
2026-02-14 08:35:26 | INFO     | face_search:searchFaces:70 | 开始搜索人脸: 文件夹=C:\Users\ADMINI~1\AppData\Local\Temp\tmp561rxly5, 阈值=1.1125369292536007e-308
2026-02-14 08:35:26 | INFO     | face_search:searchFaces:83 | 扫描完成，找到 3 个图片文件
2026-02-14 08:35:26 | INFO     | face_detection:detectFaces:57 | 图片中未检测到人脸: C:\Users\ADMINI~1\AppData\Local\Temp\tmp561rxly5\test_0.jpg
2026-02-14 08:35:26 | INFO     | face_detection:detectFaces:57 | 图片中未检测到人脸: C:\Users\ADMINI~1\AppData\Local\Temp\tmp561rxly5\test_1.jpg
2026-02-14 08:35:26 | INFO     | face_detection:detectFaces:57 | 图片中未检测到人脸: C:\Users\ADMINI~1\AppData\Local\Temp\tmp561rxly5\test_2.jpg
2026-02-14 08:35:26 | INFO     | face_search:searchFaces:174 | 搜索完成: 处理 3 个文件, 跳过 3 个文件, 找到 0 个匹配结果, 已取消: False
2026-02-14 08:35:26 | INFO     | face_search:searchFaces:70 | 开始搜索人脸: 文件夹=C:\Users\ADMINI~1\AppData\Local\Temp\tmp5kd4s7i2, 阈值=0.2495408422894128
2026-02-14 08:35:26 | INFO     | face_search:searchFaces:83 | 扫描完成，找到 5 个图片文件
2026-02-14 08:35:26 | INFO     | face_detection:detectFaces:57 | 图片中未检测到人脸: C:\Users\ADMINI~1\AppData\Local\Temp\tmp5kd4s7i2\test_0.jpg
2026-02-14 08:35:26 | INFO     | face_detection:detectFaces:57 | 图片中未检测到人脸: C:\Users\ADMINI~1\AppData\Local\Temp\tmp5kd4s7i2\test_1.jpg
2026-02-14 08:35:26 | INFO     | face_detection:detectFaces:57 | 图片中未检测到人脸: C:\Users\ADMINI~1\AppData\Local\Temp\tmp5kd4s7i2\test_2.jpg
2026-02-14 08:35:26 | INFO     | face_detection:detectFaces:57 | 图片中未检测到人脸: C:\Users\ADMINI~1\AppData\Local\Temp\tmp5kd4s7i2\test_3.jpg
2026-02-14 08:35:26 | INFO     | face_detection:detectFaces:57 | 图片中未检测到人脸: C:\Users\ADMINI~1\AppData\Local\Temp\tmp5kd4s7i2\test_4.jpg
2026-02-14 08:35:26 | INFO     | face_search:searchFaces:174 | 搜索完成: 处理 5 个文件, 跳过 5 个文件, 找到 0 个匹配结果, 已取消: False
2026-02-14 08:35:26 | INFO     | face_search:searchFaces:70 | 开始搜索人脸: 文件夹=C:\Users\ADMINI~1\AppData\Local\Temp\tmpqu7frne9, 阈值=0.2495408422894128
2026-02-14 08:35:26 | INFO     | face_search:searchFaces:83 | 扫描完成，找到 5 个图片文件
2026-02-14 08:35:26 | INFO     | face_detection:detectFaces:57 | 图片中未检测到人脸: C:\Users\ADMINI~1\AppData\Local\Temp\tmpqu7frne9\test_0.jpg
2026-02-14 08:35:26 | INFO     | face_detection:detectFaces:57 | 图片中未检测到人脸: C:\Users\ADMINI~1\AppData\Local\Temp\tmpqu7frne9\test_1.jpg
2026-02-14 08:35:26 | INFO     | face_detection:detectFaces:57 | 图片中未检测到人脸: C:\Users\ADMINI~1\AppData\Local\Temp\tmpqu7frne9\test_2.jpg
2026-02-14 08:35:26 | INFO     | face_detection:detectFaces:57 | 图片中未检测到人脸: C:\Users\ADMINI~1\AppData\Local\Temp\tmpqu7frne9\test_3.jpg
2026-02-14 08:35:26 | INFO     | face_detection:detectFaces:57 | 图片中未检测到人脸: C:\Users\ADMINI~1\AppData\Local\Temp\tmpqu7frne9\test_4.jpg
2026-02-14 08:35:26 | INFO     | face_search:searchFaces:174 | 搜索完成: 处理 5 个文件, 跳过 5 个文件, 找到 0 个匹配结果, 已取消: False
2026-02-14 08:35:26 | INFO     | face_search:searchFaces:70 | 开始搜索人脸: 文件夹=C:\Users\ADMINI~1\AppData\Local\Temp\tmpygc941dh, 阈值=0.2495408422894128
2026-02-14 08:35:26 | INFO     | face_search:searchFaces:83 | 扫描完成，找到 5 个图片文件
2026-02-14 08:35:26 | INFO     | face_detection:detectFaces:57 | 图片中未检测到人脸: C:\Users\ADMINI~1\AppData\Local\Temp\tmpygc941dh\test_0.jpg
2026-02-14 08:35:26 | INFO     | face_detection:detectFaces:57 | 图片中未检测到人脸: C:\Users\ADMINI~1\AppData\Local\Temp\tmpygc941dh\test_1.jpg
2026-02-14 08:35:26 | INFO     | face_detection:detectFaces:57 | 图片中未检测到人脸: C:\Users\ADMINI~1\AppData\Local\Temp\tmpygc941dh\test_2.jpg
2026-02-14 08:35:26 | INFO     | face_detection:detectFaces:57 | 图片中未检测到人脸: C:\Users\ADMINI~1\AppData\Local\Temp\tmpygc941dh\test_3.jpg
2026-02-14 08:35:26 | INFO     | face_detection:detectFaces:57 | 图片中未检测到人脸: C:\Users\ADMINI~1\AppData\Local\Temp\tmpygc941dh\test_4.jpg
2026-02-14 08:35:26 | INFO     | face_search:searchFaces:174 | 搜索完成: 处理 5 个文件, 跳过 5 个文件, 找到 0 个匹配结果, 已取消: False
2026-02-14 08:35:27 | INFO     | face_search:searchFaces:70 | 开始搜索人脸: 文件夹=C:\Users\ADMINI~1\AppData\Local\Temp\tmpgigxdacf, 阈值=0.2495408422894128
2026-02-14 08:35:27 | INFO     | face_search:searchFaces:83 | 扫描完成，找到 5 个图片文件
2026-02-14 08:35:27 | INFO     | face_detection:detectFaces:57 | 图片中未检测到人脸: C:\Users\ADMINI~1\AppData\Local\Temp\tmpgigxdacf\test_0.jpg
2026-02-14 08:35:27 | INFO     | face_detection:detectFaces:57 | 图片中未检测到人脸: C:\Users\ADMINI~1\AppData\Local\Temp\tmpgigxdacf\test_1.jpg
2026-02-14 08:35:27 | INFO     | face_detection:detectFaces:57 | 图片中未检测到人脸: C:\Users\ADMINI~1\AppData\Local\Temp\tmpgigxdacf\test_2.jpg
2026-02-14 08:35:27 | INFO     | face_detection:detectFaces:57 | 图片中未检测到人脸: C:\Users\ADMINI~1\AppData\Local\Temp\tmpgigxdacf\test_3.jpg
2026-02-14 08:35:27 | INFO     | face_detection:detectFaces:57 | 图片中未检测到人脸: C:\Users\ADMINI~1\AppData\Local\Temp\tmpgigxdacf\test_4.jpg
2026-02-14 08:35:27 | INFO     | face_search:searchFaces:174 | 搜索完成: 处理 5 个文件, 跳过 5 个文件, 找到 0 个匹配结果, 已取消: False
2026-02-14 08:35:27 | INFO     | face_search:searchFaces:70 | 开始搜索人脸: 文件夹=C:\Users\ADMINI~1\AppData\Local\Temp\tmphbawoyfg, 阈值=0.2495408422894128
2026-02-14 08:35:27 | INFO     | face_search:searchFaces:83 | 扫描完成，找到 5 个图片文件
2026-02-14 08:35:27 | INFO     | face_detection:detectFaces:57 | 图片中未检测到人脸: C:\Users\ADMINI~1\AppData\Local\Temp\tmphbawoyfg\test_0.jpg
2026-02-14 08:35:27 | INFO     | face_detection:detectFaces:57 | 图片中未检测到人脸: C:\Users\ADMINI~1\AppData\Local\Temp\tmphbawoyfg\test_1.jpg
2026-02-14 08:35:27 | INFO     | face_detection:detectFaces:57 | 图片中未检测到人脸: C:\Users\ADMINI~1\AppData\Local\Temp\tmphbawoyfg\test_2.jpg
2026-02-14 08:35:27 | INFO     | face_detection:detectFaces:57 | 图片中未检测到人脸: C:\Users\ADMINI~1\AppData\Local\Temp\tmphbawoyfg\test_3.jpg
2026-02-14 08:35:27 | INFO     | face_detection:detectFaces:57 | 图片中未检测到人脸: C:\Users\ADMINI~1\AppData\Local\Temp\tmphbawoyfg\test_4.jpg
2026-02-14 08:35:27 | INFO     | face_search:searchFaces:174 | 搜索完成: 处理 5 个文件, 跳过 5 个文件, 找到 0 个匹配结果, 已取消: False
2026-02-14 08:35:27 | INFO     | face_search:searchFaces:70 | 开始搜索人脸: 文件夹=C:\Users\ADMINI~1\AppData\Local\Temp\tmpxbzdhgqd, 阈值=0.2495408422894128
2026-02-14 08:35:27 | INFO     | face_search:searchFaces:83 | 扫描完成，找到 5 个图片文件
2026-02-14 08:35:27 | INFO     | face_detection:detectFaces:57 | 图片中未检测到人脸: C:\Users\ADMINI~1\AppData\Local\Temp\tmpxbzdhgqd\test_0.jpg
2026-02-14 08:35:27 | INFO     | face_detection:detectFaces:57 | 图片中未检测到人脸: C:\Users\ADMINI~1\AppData\Local\Temp\tmpxbzdhgqd\test_1.jpg
2026-02-14 08:35:27 | INFO     | face_detection:detectFaces:57 | 图片中未检测到人脸: C:\Users\ADMINI~1\AppData\Local\Temp\tmpxbzdhgqd\test_2.jpg
2026-02-14 08:35:27 | INFO     | face_detection:detectFaces:57 | 图片中未检测到人脸: C:\Users\ADMINI~1\AppData\Local\Temp\tmpxbzdhgqd\test_3.jpg
2026-02-14 08:35:27 | INFO     | face_detection:detectFaces:57 | 图片中未检测到人脸: C:\Users\ADMINI~1\AppData\Local\Temp\tmpxbzdhgqd\test_4.jpg
2026-02-14 08:35:27 | INFO     | face_search:searchFaces:174 | 搜索完成: 处理 5 个文件, 跳过 5 个文件, 找到 0 个匹配结果, 已取消: False
2026-02-14 08:35:27 | INFO     | face_search:searchFaces:70 | 开始搜索人脸: 文件夹=C:\Users\ADMINI~1\AppData\Local\Temp\tmpzjvlknio, 阈值=0.0
2026-02-14 08:35:27 | INFO     | face_search:searchFaces:83 | 扫描完成，找到 5 个图片文件
2026-02-14 08:35:27 | INFO     | face_search:cancelSearch:195 | 收到取消搜索请求
2026-02-14 08:35:27 | INFO     | face_detection:detectFaces:57 | 图片中未检测到人脸: C:\Users\ADMINI~1\AppData\Local\Temp\tmpzjvlknio\test_0.jpg
2026-02-14 08:35:27 | INFO     | face_search:searchFaces:94 | 搜索已取消，已处理 1/5 个文件
2026-02-14 08:35:27 | INFO     | face_search:searchFaces:174 | 搜索完成: 处理 1 个文件, 跳过 1 个文件, 找到 0 个匹配结果, 已取消: True
2026-02-14 08:35:27 | INFO     | face_search:searchFaces:70 | 开始搜索人脸: 文件夹=C:\Users\ADMINI~1\AppData\Local\Temp\tmpsiky8szx, 阈值=0.0
2026-02-14 08:35:27 | INFO     | face_search:searchFaces:83 | 扫描完成，找到 13 个图片文件
2026-02-14 08:35:27 | INFO     | face_search:cancelSearch:195 | 收到取消搜索请求
2026-02-14 08:35:27 | INFO     | face_detection:detectFaces:57 | 图片中未检测到人脸: C:\Users\ADMINI~1\AppData\Local\Temp\tmpsiky8szx\test_0.jpg
2026-02-14 08:35:27 | INFO     | face_search:searchFaces:94 | 搜索已取消，已处理 1/13 个文件
2026-02-14 08:35:27 | INFO     | face_search:searchFaces:174 | 搜索完成: 处理 1 个文件, 跳过 1 个文件, 找到 0 个匹配结果, 已取消: True
2026-02-14 08:35:27 | INFO     | face_search:searchFaces:70 | 开始搜索人脸: 文件夹=C:\Users\ADMINI~1\AppData\Local\Temp\tmp3pq19qux, 阈值=0.0
2026-02-14 08:35:27 | INFO     | face_search:searchFaces:83 | 扫描完成，找到 13 个图片文件
2026-02-14 08:35:27 | INFO     | face_search:cancelSearch:195 | 收到取消搜索请求
2026-02-14 08:35:27 | INFO     | face_detection:detectFaces:57 | 图片中未检测到人脸: C:\Users\ADMINI~1\AppData\Local\Temp\tmp3pq19qux\test_0.jpg
2026-02-14 08:35:27 | INFO     | face_search:searchFaces:94 | 搜索已取消，已处理 1/13 个文件
2026-02-14 08:35:27 | INFO     | face_search:searchFaces:174 | 搜索完成: 处理 1 个文件, 跳过 1 个文件, 找到 0 个匹配结果, 已取消: True
2026-02-14 08:35:27 | INFO     | face_search:searchFaces:70 | 开始搜索人脸: 文件夹=C:\Users\ADMINI~1\AppData\Local\Temp\tmp_1tbmv56, 阈值=0.7337825906373144
2026-02-14 08:35:27 | INFO     | face_search:searchFaces:83 | 扫描完成，找到 12 个图片文件
2026-02-14 08:35:27 | INFO     | face_search:cancelSearch:195 | 收到取消搜索请求
2026-02-14 08:35:27 | INFO     | face_detection:detectFaces:57 | 图片中未检测到人脸: C:\Users\ADMINI~1\AppData\Local\Temp\tmp_1tbmv56\test_0.jpg
2026-02-14 08:35:27 | INFO     | face_search:searchFaces:94 | 搜索已取消，已处理 1/12 个文件
2026-02-14 08:35:27 | INFO     | face_search:searchFaces:174 | 搜索完成: 处理 1 个文件, 跳过 1 个文件, 找到 0 个匹配结果, 已取消: True
2026-02-14 08:35:27 | INFO     | face_search:searchFaces:70 | 开始搜索人脸: 文件夹=C:\Users\ADMINI~1\AppData\Local\Temp\tmpx8zwpwx2, 阈值=0.44007791628654835
2026-02-14 08:35:27 | INFO     | face_search:searchFaces:83 | 扫描完成，找到 8 个图片文件
2026-02-14 08:35:27 | INFO     | face_search:cancelSearch:195 | 收到取消搜索请求
2026-02-14 08:35:27 | INFO     | face_detection:detectFaces:57 | 图片中未检测到人脸: C:\Users\ADMINI~1\AppData\Local\Temp\tmpx8zwpwx2\test_0.jpg
2026-02-14 08:35:27 | INFO     | face_search:searchFaces:94 | 搜索已取消，已处理 1/8 个文件
2026-02-14 08:35:27 | INFO     | face_search:searchFaces:174 | 搜索完成: 处理 1 个文件, 跳过 1 个文件, 找到 0 个匹配结果, 已取消: True
2026-02-14 08:35:27 | INFO     | face_search:searchFaces:70 | 开始搜索人脸: 文件夹=C:\Users\ADMINI~1\AppData\Local\Temp\tmpr_k_grp9, 阈值=0.6352439863656955
2026-02-14 08:35:27 | INFO     | face_search:searchFaces:83 | 扫描完成，找到 7 个图片文件
2026-02-14 08:35:27 | INFO     | face_search:cancelSearch:195 | 收到取消搜索请求
2026-02-14 08:35:27 | INFO     | face_detection:detectFaces:57 | 图片中未检测到人脸: C:\Users\ADMINI~1\AppData\Local\Temp\tmpr_k_grp9\test_0.jpg
2026-02-14 08:35:27 | INFO     | face_search:searchFaces:94 | 搜索已取消，已处理 1/7 个文件
2026-02-14 08:35:27 | INFO     | face_search:searchFaces:174 | 搜索完成: 处理 1 个文件, 跳过 1 个文件, 找到 0 个匹配结果, 已取消: True
2026-02-14 08:35:27 | INFO     | face_search:searchFaces:70 | 开始搜索人脸: 文件夹=C:\Users\ADMINI~1\AppData\Local\Temp\tmp7df_4ieb, 阈值=0.5195994909663978
2026-02-14 08:35:27 | INFO     | face_search:searchFaces:83 | 扫描完成，找到 5 个图片文件
2026-02-14 08:35:27 | INFO     | face_search:cancelSearch:195 | 收到取消搜索请求
2026-02-14 08:35:27 | INFO     | face_detection:detectFaces:57 | 图片中未检测到人脸: C:\Users\ADMINI~1\AppData\Local\Temp\tmp7df_4ieb\test_0.jpg
2026-02-14 08:35:27 | INFO     | face_search:searchFaces:94 | 搜索已取消，已处理 1/5 个文件
2026-02-14 08:35:27 | INFO     | face_search:searchFaces:174 | 搜索完成: 处理 1 个文件, 跳过 1 个文件, 找到 0 个匹配结果, 已取消: True
2026-02-14 08:35:28 | INFO     | face_search:searchFaces:70 | 开始搜索人脸: 文件夹=C:\Users\ADMINI~1\AppData\Local\Temp\tmpnbuy6f3h, 阈值=0.9152083808447566
2026-02-14 08:35:28 | INFO     | face_search:searchFaces:83 | 扫描完成，找到 15 个图片文件
2026-02-14 08:35:28 | INFO     | face_search:cancelSearch:195 | 收到取消搜索请求
2026-02-14 08:35:28 | INFO     | face_detection:detectFaces:57 | 图片中未检测到人脸: C:\Users\ADMINI~1\AppData\Local\Temp\tmpnbuy6f3h\test_0.jpg
2026-02-14 08:35:28 | INFO     | face_search:searchFaces:94 | 搜索已取消，已处理 1/15 个文件
2026-02-14 08:35:28 | INFO     | face_search:searchFaces:174 | 搜索完成: 处理 1 个文件, 跳过 1 个文件, 找到 0 个匹配结果, 已取消: True
2026-02-14 08:35:28 | INFO     | face_search:searchFaces:70 | 开始搜索人脸: 文件夹=C:\Users\ADMINI~1\AppData\Local\Temp\tmp48eekj_g, 阈值=0.0026899319300102147
2026-02-14 08:35:28 | INFO     | face_search:searchFaces:83 | 扫描完成，找到 8 个图片文件
2026-02-14 08:35:28 | INFO     | face_search:cancelSearch:195 | 收到取消搜索请求
2026-02-14 08:35:28 | INFO     | face_detection:detectFaces:57 | 图片中未检测到人脸: C:\Users\ADMINI~1\AppData\Local\Temp\tmp48eekj_g\test_0.jpg
2026-02-14 08:35:28 | INFO     | face_search:searchFaces:94 | 搜索已取消，已处理 1/8 个文件
2026-02-14 08:35:28 | INFO     | face_search:searchFaces:174 | 搜索完成: 处理 1 个文件, 跳过 1 个文件, 找到 0 个匹配结果, 已取消: True
2026-02-14 08:35:28 | INFO     | face_search:searchFaces:70 | 开始搜索人脸: 文件夹=C:\Users\ADMINI~1\AppData\Local\Temp\tmpgja5ouaw, 阈值=0.99999
2026-02-14 08:35:28 | INFO     | face_search:searchFaces:83 | 扫描完成，找到 6 个图片文件
2026-02-14 08:35:28 | INFO     | face_search:cancelSearch:195 | 收到取消搜索请求
2026-02-14 08:35:28 | INFO     | face_detection:detectFaces:57 | 图片中未检测到人脸: C:\Users\ADMINI~1\AppData\Local\Temp\tmpgja5ouaw\test_0.jpg
2026-02-14 08:35:28 | INFO     | face_search:searchFaces:94 | 搜索已取消，已处理 1/6 个文件
2026-02-14 08:35:28 | INFO     | face_search:searchFaces:174 | 搜索完成: 处理 1 个文件, 跳过 1 个文件, 找到 0 个匹配结果, 已取消: True
2026-02-14 08:35:28 | INFO     | face_search:searchFaces:70 | 开始搜索人脸: 文件夹=C:\Users\ADMINI~1\AppData\Local\Temp\tmp6hokmmx9, 阈值=0.6445222254890902
2026-02-14 08:35:28 | INFO     | face_search:searchFaces:83 | 扫描完成，找到 5 个图片文件
2026-02-14 08:35:28 | INFO     | face_search:cancelSearch:195 | 收到取消搜索请求
2026-02-14 08:35:28 | INFO     | face_detection:detectFaces:57 | 图片中未检测到人脸: C:\Users\ADMINI~1\AppData\Local\Temp\tmp6hokmmx9\test_0.jpg
2026-02-14 08:35:28 | INFO     | face_search:searchFaces:94 | 搜索已取消，已处理 1/5 个文件
2026-02-14 08:35:28 | INFO     | face_search:searchFaces:174 | 搜索完成: 处理 1 个文件, 跳过 1 个文件, 找到 0 个匹配结果, 已取消: True
2026-02-14 08:35:28 | INFO     | face_search:searchFaces:70 | 开始搜索人脸: 文件夹=C:\Users\ADMINI~1\AppData\Local\Temp\tmp8e6j_7nu, 阈值=0.6445222254890902
2026-02-14 08:35:28 | INFO     | face_search:searchFaces:83 | 扫描完成，找到 5 个图片文件
2026-02-14 08:35:28 | INFO     | face_search:cancelSearch:195 | 收到取消搜索请求
2026-02-14 08:35:28 | INFO     | face_detection:detectFaces:57 | 图片中未检测到人脸: C:\Users\ADMINI~1\AppData\Local\Temp\tmp8e6j_7nu\test_0.jpg
2026-02-14 08:35:28 | INFO     | face_search:searchFaces:94 | 搜索已取消，已处理 1/5 个文件
2026-02-14 08:35:28 | INFO     | face_search:searchFaces:174 | 搜索完成: 处理 1 个文件, 跳过 1 个文件, 找到 0 个匹配结果, 已取消: True
2026-02-14 08:35:28 | INFO     | face_search:searchFaces:70 | 开始搜索人脸: 文件夹=C:\Users\ADMINI~1\AppData\Local\Temp\tmprt9vt722, 阈值=0.6445222254890902
2026-02-14 08:35:28 | INFO     | face_search:searchFaces:83 | 扫描完成，找到 5 个图片文件
2026-02-14 08:35:28 | INFO     | face_search:cancelSearch:195 | 收到取消搜索请求
2026-02-14 08:35:28 | INFO     | face_detection:detectFaces:57 | 图片中未检测到人脸: C:\Users\ADMINI~1\AppData\Local\Temp\tmprt9vt722\test_0.jpg
2026-02-14 08:35:28 | INFO     | face_search:searchFaces:94 | 搜索已取消，已处理 1/5 个文件
2026-02-14 08:35:28 | INFO     | face_search:searchFaces:174 | 搜索完成: 处理 1 个文件, 跳过 1 个文件, 找到 0 个匹配结果, 已取消: True
2026-02-14 08:35:28 | INFO     | face_search:searchFaces:70 | 开始搜索人脸: 文件夹=C:\Users\ADMINI~1\AppData\Local\Temp\tmp6nnhbez3, 阈值=0.6445222254890902
2026-02-14 08:35:28 | INFO     | face_search:searchFaces:83 | 扫描完成，找到 5 个图片文件
2026-02-14 08:35:28 | INFO     | face_search:cancelSearch:195 | 收到取消搜索请求
2026-02-14 08:35:28 | INFO     | face_detection:detectFaces:57 | 图片中未检测到人脸: C:\Users\ADMINI~1\AppData\Local\Temp\tmp6nnhbez3\test_0.jpg
2026-02-14 08:35:28 | INFO     | face_search:searchFaces:94 | 搜索已取消，已处理 1/5 个文件
2026-02-14 08:35:28 | INFO     | face_search:searchFaces:174 | 搜索完成: 处理 1 个文件, 跳过 1 个文件, 找到 0 个匹配结果, 已取消: True
2026-02-14 08:35:28 | INFO     | face_search:searchFaces:70 | 开始搜索人脸: 文件夹=C:\Users\ADMINI~1\AppData\Local\Temp\tmpvzt2e6bd, 阈值=0.6445222254890902
2026-02-14 08:35:28 | INFO     | face_search:searchFaces:83 | 扫描完成，找到 5 个图片文件
2026-02-14 08:35:28 | INFO     | face_search:cancelSearch:195 | 收到取消搜索请求
2026-02-14 08:35:28 | INFO     | face_detection:detectFaces:57 | 图片中未检测到人脸: C:\Users\ADMINI~1\AppData\Local\Temp\tmpvzt2e6bd\test_0.jpg
2026-02-14 08:35:28 | INFO     | face_search:searchFaces:94 | 搜索已取消，已处理 1/5 个文件
2026-02-14 08:35:28 | INFO     | face_search:searchFaces:174 | 搜索完成: 处理 1 个文件, 跳过 1 个文件, 找到 0 个匹配结果, 已取消: True
2026-02-14 08:35:28 | INFO     | face_search:searchFaces:70 | 开始搜索人脸: 文件夹=C:\Users\ADMINI~1\AppData\Local\Temp\tmp1knjqa_y, 阈值=0.0
2026-02-14 08:35:28 | INFO     | face_search:searchFaces:83 | 扫描完成，找到 3 个图片文件
2026-02-14 08:35:28 | INFO     | face_detection:detectFaces:57 | 图片中未检测到人脸: C:\Users\ADMINI~1\AppData\Local\Temp\tmp1knjqa_y\test_0.jpg
2026-02-14 08:35:28 | INFO     | face_detection:detectFaces:57 | 图片中未检测到人脸: C:\Users\ADMINI~1\AppData\Local\Temp\tmp1knjqa_y\test_1.jpg
2026-02-14 08:35:28 | INFO     | face_search:cancelSearch:195 | 收到取消搜索请求
2026-02-14 08:35:28 | INFO     | face_detection:detectFaces:57 | 图片中未检测到人脸: C:\Users\ADMINI~1\AppData\Local\Temp\tmp1knjqa_y\test_2.jpg
2026-02-14 08:35:28 | INFO     | face_search:cancelSearch:195 | 收到取消搜索请求
2026-02-14 08:35:28 | INFO     | face_search:searchFaces:174 | 搜索完成: 处理 3 个文件, 跳过 3 个文件, 找到 0 个匹配结果, 已取消: True
2026-02-14 08:35:28 | INFO     | face_search:searchFaces:70 | 开始搜索人脸: 文件夹=C:\Users\ADMINI~1\AppData\Local\Temp\tmpq9yfglnw, 阈值=0.0
2026-02-14 08:35:28 | INFO     | face_search:searchFaces:83 | 扫描完成，找到 6 个图片文件
2026-02-14 08:35:28 | INFO     | face_detection:detectFaces:57 | 图片中未检测到人脸: C:\Users\ADMINI~1\AppData\Local\Temp\tmpq9yfglnw\test_0.jpg
2026-02-14 08:35:28 | INFO     | face_detection:detectFaces:57 | 图片中未检测到人脸: C:\Users\ADMINI~1\AppData\Local\Temp\tmpq9yfglnw\test_1.jpg
2026-02-14 08:35:28 | INFO     | face_search:cancelSearch:195 | 收到取消搜索请求
2026-02-14 08:35:28 | INFO     | face_detection:detectFaces:57 | 图片中未检测到人脸: C:\Users\ADMINI~1\AppData\Local\Temp\tmpq9yfglnw\test_2.jpg
2026-02-14 08:35:28 | INFO     | face_search:searchFaces:94 | 搜索已取消，已处理 3/6 个文件
2026-02-14 08:35:28 | INFO     | face_search:cancelSearch:195 | 收到取消搜索请求
2026-02-14 08:35:28 | INFO     | face_search:searchFaces:174 | 搜索完成: 处理 3 个文件, 跳过 3 个文件, 找到 0 个匹配结果, 已取消: True
2026-02-14 08:35:28 | INFO     | face_search:searchFaces:70 | 开始搜索人脸: 文件夹=C:\Users\ADMINI~1\AppData\Local\Temp\tmp1oswymil, 阈值=5.804065736797108e-197
2026-02-14 08:35:28 | INFO     | face_search:searchFaces:83 | 扫描完成，找到 6 个图片文件
2026-02-14 08:35:28 | INFO     | face_detection:detectFaces:57 | 图片中未检测到人脸: C:\Users\ADMINI~1\AppData\Local\Temp\tmp1oswymil\test_0.jpg
2026-02-14 08:35:28 | INFO     | face_detection:detectFaces:57 | 图片中未检测到人脸: C:\Users\ADMINI~1\AppData\Local\Temp\tmp1oswymil\test_1.jpg
2026-02-14 08:35:28 | INFO     | face_search:cancelSearch:195 | 收到取消搜索请求
2026-02-14 08:35:28 | INFO     | face_detection:detectFaces:57 | 图片中未检测到人脸: C:\Users\ADMINI~1\AppData\Local\Temp\tmp1oswymil\test_2.jpg
2026-02-14 08:35:28 | INFO     | face_search:searchFaces:94 | 搜索已取消，已处理 3/6 个文件
2026-02-14 08:35:28 | INFO     | face_search:cancelSearch:195 | 收到取消搜索请求
2026-02-14 08:35:28 | INFO     | face_search:searchFaces:174 | 搜索完成: 处理 3 个文件, 跳过 3 个文件, 找到 0 个匹配结果, 已取消: True
2026-02-14 08:35:28 | INFO     | face_search:searchFaces:70 | 开始搜索人脸: 文件夹=C:\Users\ADMINI~1\AppData\Local\Temp\tmp1jeez88j, 阈值=0.0
2026-02-14 08:35:28 | INFO     | face_search:searchFaces:83 | 扫描完成，找到 8 个图片文件
2026-02-14 08:35:28 | INFO     | face_detection:detectFaces:57 | 图片中未检测到人脸: C:\Users\ADMINI~1\AppData\Local\Temp\tmp1jeez88j\test_0.jpg
2026-02-14 08:35:28 | INFO     | face_detection:detectFaces:57 | 图片中未检测到人脸: C:\Users\ADMINI~1\AppData\Local\Temp\tmp1jeez88j\test_1.jpg
2026-02-14 08:35:28 | INFO     | face_search:cancelSearch:195 | 收到取消搜索请求
2026-02-14 08:35:28 | INFO     | face_detection:detectFaces:57 | 图片中未检测到人脸: C:\Users\ADMINI~1\AppData\Local\Temp\tmp1jeez88j\test_2.jpg
2026-02-14 08:35:28 | INFO     | face_search:searchFaces:94 | 搜索已取消，已处理 3/8 个文件
2026-02-14 08:35:28 | INFO     | face_search:cancelSearch:195 | 收到取消搜索请求
2026-02-14 08:35:28 | INFO     | face_search:searchFaces:174 | 搜索完成: 处理 3 个文件, 跳过 3 个文件, 找到 0 个匹配结果, 已取消: True
2026-02-14 08:35:29 | INFO     | face_search:searchFaces:70 | 开始搜索人脸: 文件夹=C:\Users\ADMINI~1\AppData\Local\Temp\tmpo0nn000i, 阈值=0.22333592142627962
2026-02-14 08:35:29 | INFO     | face_search:searchFaces:83 | 扫描完成，找到 8 个图片文件
2026-02-14 08:35:29 | INFO     | face_detection:detectFaces:57 | 图片中未检测到人脸: C:\Users\ADMINI~1\AppData\Local\Temp\tmpo0nn000i\test_0.jpg
2026-02-14 08:35:29 | INFO     | face_detection:detectFaces:57 | 图片中未检测到人脸: C:\Users\ADMINI~1\AppData\Local\Temp\tmpo0nn000i\test_1.jpg
2026-02-14 08:35:29 | INFO     | face_search:cancelSearch:195 | 收到取消搜索请求
2026-02-14 08:35:29 | INFO     | face_detection:detectFaces:57 | 图片中未检测到人脸: C:\Users\ADMINI~1\AppData\Local\Temp\tmpo0nn000i\test_2.jpg
2026-02-14 08:35:29 | INFO     | face_search:searchFaces:94 | 搜索已取消，已处理 3/8 个文件
2026-02-14 08:35:29 | INFO     | face_search:cancelSearch:195 | 收到取消搜索请求
2026-02-14 08:35:29 | INFO     | face_search:searchFaces:174 | 搜索完成: 处理 3 个文件, 跳过 3 个文件, 找到 0 个匹配结果, 已取消: True
2026-02-14 08:35:29 | INFO     | face_search:searchFaces:70 | 开始搜索人脸: 文件夹=C:\Users\ADMINI~1\AppData\Local\Temp\tmpu04hgteb, 阈值=0.6816542704294882
2026-02-14 08:35:29 | INFO     | face_search:searchFaces:83 | 扫描完成，找到 5 个图片文件
2026-02-14 08:35:29 | INFO     | face_detection:detectFaces:57 | 图片中未检测到人脸: C:\Users\ADMINI~1\AppData\Local\Temp\tmpu04hgteb\test_0.jpg
2026-02-14 08:35:29 | INFO     | face_detection:detectFaces:57 | 图片中未检测到人脸: C:\Users\ADMINI~1\AppData\Local\Temp\tmpu04hgteb\test_1.jpg
2026-02-14 08:35:29 | INFO     | face_search:cancelSearch:195 | 收到取消搜索请求
2026-02-14 08:35:29 | INFO     | face_detection:detectFaces:57 | 图片中未检测到人脸: C:\Users\ADMINI~1\AppData\Local\Temp\tmpu04hgteb\test_2.jpg
2026-02-14 08:35:29 | INFO     | face_search:searchFaces:94 | 搜索已取消，已处理 3/5 个文件
2026-02-14 08:35:29 | INFO     | face_search:cancelSearch:195 | 收到取消搜索请求
2026-02-14 08:35:29 | INFO     | face_search:searchFaces:174 | 搜索完成: 处理 3 个文件, 跳过 3 个文件, 找到 0 个匹配结果, 已取消: True
2026-02-14 08:35:29 | INFO     | face_search:searchFaces:70 | 开始搜索人脸: 文件夹=C:\Users\ADMINI~1\AppData\Local\Temp\tmp9toqxo2f, 阈值=0.13476022020875902
2026-02-14 08:35:29 | INFO     | face_search:searchFaces:83 | 扫描完成，找到 8 个图片文件
2026-02-14 08:35:29 | INFO     | face_detection:detectFaces:57 | 图片中未检测到人脸: C:\Users\ADMINI~1\AppData\Local\Temp\tmp9toqxo2f\test_0.jpg
2026-02-14 08:35:29 | INFO     | face_detection:detectFaces:57 | 图片中未检测到人脸: C:\Users\ADMINI~1\AppData\Local\Temp\tmp9toqxo2f\test_1.jpg
2026-02-14 08:35:29 | INFO     | face_search:cancelSearch:195 | 收到取消搜索请求
2026-02-14 08:35:29 | INFO     | face_detection:detectFaces:57 | 图片中未检测到人脸: C:\Users\ADMINI~1\AppData\Local\Temp\tmp9toqxo2f\test_2.jpg
2026-02-14 08:35:29 | INFO     | face_search:searchFaces:94 | 搜索已取消，已处理 3/8 个文件
2026-02-14 08:35:29 | INFO     | face_search:cancelSearch:195 | 收到取消搜索请求
2026-02-14 08:35:29 | INFO     | face_search:searchFaces:174 | 搜索完成: 处理 3 个文件, 跳过 3 个文件, 找到 0 个匹配结果, 已取消: True
2026-02-14 08:35:29 | INFO     | face_search:searchFaces:70 | 开始搜索人脸: 文件夹=C:\Users\ADMINI~1\AppData\Local\Temp\tmpad685e_v, 阈值=0.8725711009005044
2026-02-14 08:35:29 | INFO     | face_search:searchFaces:83 | 扫描完成，找到 4 个图片文件
2026-02-14 08:35:29 | INFO     | face_detection:detectFaces:57 | 图片中未检测到人脸: C:\Users\ADMINI~1\AppData\Local\Temp\tmpad685e_v\test_0.jpg
2026-02-14 08:35:29 | INFO     | face_detection:detectFaces:57 | 图片中未检测到人脸: C:\Users\ADMINI~1\AppData\Local\Temp\tmpad685e_v\test_1.jpg
2026-02-14 08:35:29 | INFO     | face_search:cancelSearch:195 | 收到取消搜索请求
2026-02-14 08:35:29 | INFO     | face_detection:detectFaces:57 | 图片中未检测到人脸: C:\Users\ADMINI~1\AppData\Local\Temp\tmpad685e_v\test_2.jpg
2026-02-14 08:35:29 | INFO     | face_search:searchFaces:94 | 搜索已取消，已处理 3/4 个文件
2026-02-14 08:35:29 | INFO     | face_search:cancelSearch:195 | 收到取消搜索请求
2026-02-14 08:35:29 | INFO     | face_search:searchFaces:174 | 搜索完成: 处理 3 个文件, 跳过 3 个文件, 找到 0 个匹配结果, 已取消: True
2026-02-14 08:35:29 | INFO     | face_search:searchFaces:70 | 开始搜索人脸: 文件夹=C:\Users\ADMINI~1\AppData\Local\Temp\tmpwy0n32h1, 阈值=0.3545971741519514
2026-02-14 08:35:29 | INFO     | face_search:searchFaces:83 | 扫描完成，找到 4 个图片文件
2026-02-14 08:35:29 | INFO     | face_detection:detectFaces:57 | 图片中未检测到人脸: C:\Users\ADMINI~1\AppData\Local\Temp\tmpwy0n32h1\test_0.jpg
2026-02-14 08:35:29 | INFO     | face_detection:detectFaces:57 | 图片中未检测到人脸: C:\Users\ADMINI~1\AppData\Local\Temp\tmpwy0n32h1\test_1.jpg
2026-02-14 08:35:29 | INFO     | face_search:cancelSearch:195 | 收到取消搜索请求
2026-02-14 08:35:29 | INFO     | face_detection:detectFaces:57 | 图片中未检测到人脸: C:\Users\ADMINI~1\AppData\Local\Temp\tmpwy0n32h1\test_2.jpg
2026-02-14 08:35:29 | INFO     | face_search:searchFaces:94 | 搜索已取消，已处理 3/4 个文件
2026-02-14 08:35:29 | INFO     | face_search:cancelSearch:195 | 收到取消搜索请求
2026-02-14 08:35:29 | INFO     | face_search:searchFaces:174 | 搜索完成: 处理 3 个文件, 跳过 3 个文件, 找到 0 个匹配结果, 已取消: True
2026-02-14 08:35:29 | INFO     | face_search:searchFaces:70 | 开始搜索人脸: 文件夹=C:\Users\ADMINI~1\AppData\Local\Temp\tmpkjoeka59, 阈值=0.4207908887443862
2026-02-14 08:35:29 | INFO     | face_search:searchFaces:83 | 扫描完成，找到 5 个图片文件
2026-02-14 08:35:29 | INFO     | face_detection:detectFaces:57 | 图片中未检测到人脸: C:\Users\ADMINI~1\AppData\Local\Temp\tmpkjoeka59\test_0.jpg
2026-02-14 08:35:29 | INFO     | face_detection:detectFaces:57 | 图片中未检测到人脸: C:\Users\ADMINI~1\AppData\Local\Temp\tmpkjoeka59\test_1.jpg
2026-02-14 08:35:29 | INFO     | face_search:cancelSearch:195 | 收到取消搜索请求
2026-02-14 08:35:29 | INFO     | face_detection:detectFaces:57 | 图片中未检测到人脸: C:\Users\ADMINI~1\AppData\Local\Temp\tmpkjoeka59\test_2.jpg
2026-02-14 08:35:29 | INFO     | face_search:searchFaces:94 | 搜索已取消，已处理 3/5 个文件
2026-02-14 08:35:29 | INFO     | face_search:cancelSearch:195 | 收到取消搜索请求
2026-02-14 08:35:29 | INFO     | face_search:searchFaces:174 | 搜索完成: 处理 3 个文件, 跳过 3 个文件, 找到 0 个匹配结果, 已取消: True
2026-02-14 08:35:29 | INFO     | face_search:searchFaces:70 | 开始搜索人脸: 文件夹=C:\Users\ADMINI~1\AppData\Local\Temp\tmpxjcqjwve, 阈值=0.152273380060068
2026-02-14 08:35:29 | INFO     | face_search:searchFaces:83 | 扫描完成，找到 3 个图片文件
2026-02-14 08:35:29 | INFO     | face_detection:detectFaces:57 | 图片中未检测到人脸: C:\Users\ADMINI~1\AppData\Local\Temp\tmpxjcqjwve\test_0.jpg
2026-02-14 08:35:29 | INFO     | face_detection:detectFaces:57 | 图片中未检测到人脸: C:\Users\ADMINI~1\AppData\Local\Temp\tmpxjcqjwve\test_1.jpg
2026-02-14 08:35:29 | INFO     | face_search:cancelSearch:195 | 收到取消搜索请求
2026-02-14 08:35:29 | INFO     | face_detection:detectFaces:57 | 图片中未检测到人脸: C:\Users\ADMINI~1\AppData\Local\Temp\tmpxjcqjwve\test_2.jpg
2026-02-14 08:35:29 | INFO     | face_search:cancelSearch:195 | 收到取消搜索请求
2026-02-14 08:35:29 | INFO     | face_search:searchFaces:174 | 搜索完成: 处理 3 个文件, 跳过 3 个文件, 找到 0 个匹配结果, 已取消: True
2026-02-14 08:35:29 | INFO     | face_search:searchFaces:70 | 开始搜索人脸: 文件夹=C:\Users\ADMINI~1\AppData\Local\Temp\tmpsze8pkso, 阈值=0.152273380060068
2026-02-14 08:35:29 | INFO     | face_search:searchFaces:83 | 扫描完成，找到 3 个图片文件
2026-02-14 08:35:29 | INFO     | face_detection:detectFaces:57 | 图片中未检测到人脸: C:\Users\ADMINI~1\AppData\Local\Temp\tmpsze8pkso\test_0.jpg
2026-02-14 08:35:29 | INFO     | face_detection:detectFaces:57 | 图片中未检测到人脸: C:\Users\ADMINI~1\AppData\Local\Temp\tmpsze8pkso\test_1.jpg
2026-02-14 08:35:29 | INFO     | face_search:cancelSearch:195 | 收到取消搜索请求
2026-02-14 08:35:29 | INFO     | face_detection:detectFaces:57 | 图片中未检测到人脸: C:\Users\ADMINI~1\AppData\Local\Temp\tmpsze8pkso\test_2.jpg
2026-02-14 08:35:29 | INFO     | face_search:cancelSearch:195 | 收到取消搜索请求
2026-02-14 08:35:29 | INFO     | face_search:searchFaces:174 | 搜索完成: 处理 3 个文件, 跳过 3 个文件, 找到 0 个匹配结果, 已取消: True
2026-02-14 08:35:29 | INFO     | face_search:searchFaces:70 | 开始搜索人脸: 文件夹=C:\Users\ADMINI~1\AppData\Local\Temp\tmp859qkk6f, 阈值=0.152273380060068
2026-02-14 08:35:29 | INFO     | face_search:searchFaces:83 | 扫描完成，找到 3 个图片文件
2026-02-14 08:35:29 | INFO     | face_detection:detectFaces:57 | 图片中未检测到人脸: C:\Users\ADMINI~1\AppData\Local\Temp\tmp859qkk6f\test_0.jpg
2026-02-14 08:35:29 | INFO     | face_detection:detectFaces:57 | 图片中未检测到人脸: C:\Users\ADMINI~1\AppData\Local\Temp\tmp859qkk6f\test_1.jpg
2026-02-14 08:35:29 | INFO     | face_search:cancelSearch:195 | 收到取消搜索请求
2026-02-14 08:35:29 | INFO     | face_detection:detectFaces:57 | 图片中未检测到人脸: C:\Users\ADMINI~1\AppData\Local\Temp\tmp859qkk6f\test_2.jpg
2026-02-14 08:35:29 | INFO     | face_search:cancelSearch:195 | 收到取消搜索请求
2026-02-14 08:35:29 | INFO     | face_search:searchFaces:174 | 搜索完成: 处理 3 个文件, 跳过 3 个文件, 找到 0 个匹配结果, 已取消: True
2026-02-14 08:35:29 | INFO     | face_search:searchFaces:70 | 开始搜索人脸: 文件夹=C:\Users\ADMINI~1\AppData\Local\Temp\tmpm0g1h6wi, 阈值=0.152273380060068
2026-02-14 08:35:29 | INFO     | face_search:searchFaces:83 | 扫描完成，找到 3 个图片文件
2026-02-14 08:35:29 | INFO     | face_detection:detectFaces:57 | 图片中未检测到人脸: C:\Users\ADMINI~1\AppData\Local\Temp\tmpm0g1h6wi\test_0.jpg
2026-02-14 08:35:29 | INFO     | face_detection:detectFaces:57 | 图片中未检测到人脸: C:\Users\ADMINI~1\AppData\Local\Temp\tmpm0g1h6wi\test_1.jpg
2026-02-14 08:35:29 | INFO     | face_search:cancelSearch:195 | 收到取消搜索请求
2026-02-14 08:35:30 | INFO     | face_detection:detectFaces:57 | 图片中未检测到人脸: C:\Users\ADMINI~1\AppData\Local\Temp\tmpm0g1h6wi\test_2.jpg
2026-02-14 08:35:30 | INFO     | face_search:cancelSearch:195 | 收到取消搜索请求
2026-02-14 08:35:30 | INFO     | face_search:searchFaces:174 | 搜索完成: 处理 3 个文件, 跳过 3 个文件, 找到 0 个匹配结果, 已取消: True
2026-02-14 08:35:30 | INFO     | face_search:searchFaces:70 | 开始搜索人脸: 文件夹=C:\Users\ADMINI~1\AppData\Local\Temp\tmpe2a863xo, 阈值=0.152273380060068
2026-02-14 08:35:30 | INFO     | face_search:searchFaces:83 | 扫描完成，找到 3 个图片文件
2026-02-14 08:35:30 | INFO     | face_detection:detectFaces:57 | 图片中未检测到人脸: C:\Users\ADMINI~1\AppData\Local\Temp\tmpe2a863xo\test_0.jpg
2026-02-14 08:35:30 | INFO     | face_detection:detectFaces:57 | 图片中未检测到人脸: C:\Users\ADMINI~1\AppData\Local\Temp\tmpe2a863xo\test_1.jpg
2026-02-14 08:35:30 | INFO     | face_search:cancelSearch:195 | 收到取消搜索请求
2026-02-14 08:35:30 | INFO     | face_detection:detectFaces:57 | 图片中未检测到人脸: C:\Users\ADMINI~1\AppData\Local\Temp\tmpe2a863xo\test_2.jpg
2026-02-14 08:35:30 | INFO     | face_search:cancelSearch:195 | 收到取消搜索请求
2026-02-14 08:35:30 | INFO     | face_search:searchFaces:174 | 搜索完成: 处理 3 个文件, 跳过 3 个文件, 找到 0 个匹配结果, 已取消: True
2026-02-14 08:35:30 | INFO     | face_search:searchFaces:70 | 开始搜索人脸: 文件夹=C:\Users\ADMINI~1\AppData\Local\Temp\tmpd_3bdtjf, 阈值=0.152273380060068
2026-02-14 08:35:30 | INFO     | face_search:searchFaces:83 | 扫描完成，找到 3 个图片文件
2026-02-14 08:35:30 | INFO     | face_detection:detectFaces:57 | 图片中未检测到人脸: C:\Users\ADMINI~1\AppData\Local\Temp\tmpd_3bdtjf\test_0.jpg
2026-02-14 08:35:30 | INFO     | face_detection:detectFaces:57 | 图片中未检测到人脸: C:\Users\ADMINI~1\AppData\Local\Temp\tmpd_3bdtjf\test_1.jpg
2026-02-14 08:35:30 | INFO     | face_search:cancelSearch:195 | 收到取消搜索请求
2026-02-14 08:35:30 | INFO     | face_detection:detectFaces:57 | 图片中未检测到人脸: C:\Users\ADMINI~1\AppData\Local\Temp\tmpd_3bdtjf\test_2.jpg
2026-02-14 08:35:30 | INFO     | face_search:cancelSearch:195 | 收到取消搜索请求
2026-02-14 08:35:30 | INFO     | face_search:searchFaces:174 | 搜索完成: 处理 3 个文件, 跳过 3 个文件, 找到 0 个匹配结果, 已取消: True
2026-02-14 08:35:30 | INFO     | face_search:searchFaces:70 | 开始搜索人脸: 文件夹=C:\Users\ADMINI~1\AppData\Local\Temp\tmpb0swmj4k, 阈值=0.152273380060068
2026-02-14 08:35:30 | INFO     | face_search:searchFaces:83 | 扫描完成，找到 3 个图片文件
2026-02-14 08:35:30 | INFO     | face_detection:detectFaces:57 | 图片中未检测到人脸: C:\Users\ADMINI~1\AppData\Local\Temp\tmpb0swmj4k\test_0.jpg
2026-02-14 08:35:30 | INFO     | face_detection:detectFaces:57 | 图片中未检测到人脸: C:\Users\ADMINI~1\AppData\Local\Temp\tmpb0swmj4k\test_1.jpg
2026-02-14 08:35:30 | INFO     | face_search:cancelSearch:195 | 收到取消搜索请求
2026-02-14 08:35:30 | INFO     | face_detection:detectFaces:57 | 图片中未检测到人脸: C:\Users\ADMINI~1\AppData\Local\Temp\tmpb0swmj4k\test_2.jpg
2026-02-14 08:35:30 | INFO     | face_search:cancelSearch:195 | 收到取消搜索请求
2026-02-14 08:35:30 | INFO     | face_search:searchFaces:174 | 搜索完成: 处理 3 个文件, 跳过 3 个文件, 找到 0 个匹配结果, 已取消: True
2026-02-14 08:35:30 | INFO     | face_search:searchFaces:70 | 开始搜索人脸: 文件夹=C:\Users\ADMINI~1\AppData\Local\Temp\tmpo0k9h7nd, 阈值=1.175494351e-38
2026-02-14 08:35:30 | INFO     | face_search:searchFaces:83 | 扫描完成，找到 6 个图片文件
2026-02-14 08:35:30 | INFO     | face_detection:detectFaces:57 | 图片中未检测到人脸: C:\Users\ADMINI~1\AppData\Local\Temp\tmpo0k9h7nd\test_0.jpg
2026-02-14 08:35:30 | INFO     | face_detection:detectFaces:57 | 图片中未检测到人脸: C:\Users\ADMINI~1\AppData\Local\Temp\tmpo0k9h7nd\test_1.jpg
2026-02-14 08:35:30 | INFO     | face_search:cancelSearch:195 | 收到取消搜索请求
2026-02-14 08:35:30 | INFO     | face_detection:detectFaces:57 | 图片中未检测到人脸: C:\Users\ADMINI~1\AppData\Local\Temp\tmpo0k9h7nd\test_2.jpg
2026-02-14 08:35:30 | INFO     | face_search:searchFaces:94 | 搜索已取消，已处理 3/6 个文件
2026-02-14 08:35:30 | INFO     | face_search:cancelSearch:195 | 收到取消搜索请求
2026-02-14 08:35:30 | INFO     | face_search:searchFaces:174 | 搜索完成: 处理 3 个文件, 跳过 3 个文件, 找到 0 个匹配结果, 已取消: True
2026-02-14 08:35:30 | INFO     | face_search:searchFaces:70 | 开始搜索人脸: 文件夹=C:\Users\ADMINI~1\AppData\Local\Temp\tmp66c4nhdd, 阈值=1.175494351e-38
2026-02-14 08:35:30 | INFO     | face_search:searchFaces:83 | 扫描完成，找到 6 个图片文件
2026-02-14 08:35:30 | INFO     | face_detection:detectFaces:57 | 图片中未检测到人脸: C:\Users\ADMINI~1\AppData\Local\Temp\tmp66c4nhdd\test_0.jpg
2026-02-14 08:35:30 | INFO     | face_detection:detectFaces:57 | 图片中未检测到人脸: C:\Users\ADMINI~1\AppData\Local\Temp\tmp66c4nhdd\test_1.jpg
2026-02-14 08:35:30 | INFO     | face_search:cancelSearch:195 | 收到取消搜索请求
2026-02-14 08:35:30 | INFO     | face_detection:detectFaces:57 | 图片中未检测到人脸: C:\Users\ADMINI~1\AppData\Local\Temp\tmp66c4nhdd\test_2.jpg
2026-02-14 08:35:30 | INFO     | face_search:searchFaces:94 | 搜索已取消，已处理 3/6 个文件
2026-02-14 08:35:30 | INFO     | face_search:cancelSearch:195 | 收到取消搜索请求
2026-02-14 08:35:30 | INFO     | face_search:searchFaces:174 | 搜索完成: 处理 3 个文件, 跳过 3 个文件, 找到 0 个匹配结果, 已取消: True
2026-02-14 08:35:30 | INFO     | face_search:searchFaces:70 | 开始搜索人脸: 文件夹=C:\Users\ADMINI~1\AppData\Local\Temp\tmphh7d94n9, 阈值=1.175494351e-38
2026-02-14 08:35:30 | INFO     | face_search:searchFaces:83 | 扫描完成，找到 6 个图片文件
2026-02-14 08:35:30 | INFO     | face_detection:detectFaces:57 | 图片中未检测到人脸: C:\Users\ADMINI~1\AppData\Local\Temp\tmphh7d94n9\test_0.jpg
2026-02-14 08:35:30 | INFO     | face_detection:detectFaces:57 | 图片中未检测到人脸: C:\Users\ADMINI~1\AppData\Local\Temp\tmphh7d94n9\test_1.jpg
2026-02-14 08:35:30 | INFO     | face_search:cancelSearch:195 | 收到取消搜索请求
2026-02-14 08:35:30 | INFO     | face_detection:detectFaces:57 | 图片中未检测到人脸: C:\Users\ADMINI~1\AppData\Local\Temp\tmphh7d94n9\test_2.jpg
2026-02-14 08:35:30 | INFO     | face_search:searchFaces:94 | 搜索已取消，已处理 3/6 个文件
2026-02-14 08:35:30 | INFO     | face_search:cancelSearch:195 | 收到取消搜索请求
2026-02-14 08:35:30 | INFO     | face_search:searchFaces:174 | 搜索完成: 处理 3 个文件, 跳过 3 个文件, 找到 0 个匹配结果, 已取消: True
2026-02-14 08:35:30 | INFO     | face_search:searchFaces:70 | 开始搜索人脸: 文件夹=C:\Users\ADMINI~1\AppData\Local\Temp\tmpt8zfj3p5, 阈值=1.175494351e-38
2026-02-14 08:35:30 | INFO     | face_search:searchFaces:83 | 扫描完成，找到 6 个图片文件
2026-02-14 08:35:30 | INFO     | face_detection:detectFaces:57 | 图片中未检测到人脸: C:\Users\ADMINI~1\AppData\Local\Temp\tmpt8zfj3p5\test_0.jpg
2026-02-14 08:35:30 | INFO     | face_detection:detectFaces:57 | 图片中未检测到人脸: C:\Users\ADMINI~1\AppData\Local\Temp\tmpt8zfj3p5\test_1.jpg
2026-02-14 08:35:30 | INFO     | face_search:cancelSearch:195 | 收到取消搜索请求
2026-02-14 08:35:30 | INFO     | face_detection:detectFaces:57 | 图片中未检测到人脸: C:\Users\ADMINI~1\AppData\Local\Temp\tmpt8zfj3p5\test_2.jpg
2026-02-14 08:35:30 | INFO     | face_search:searchFaces:94 | 搜索已取消，已处理 3/6 个文件
2026-02-14 08:35:30 | INFO     | face_search:cancelSearch:195 | 收到取消搜索请求
2026-02-14 08:35:30 | INFO     | face_search:searchFaces:174 | 搜索完成: 处理 3 个文件, 跳过 3 个文件, 找到 0 个匹配结果, 已取消: True
2026-02-14 08:35:30 | INFO     | face_search:searchFaces:70 | 开始搜索人脸: 文件夹=C:\Users\ADMINI~1\AppData\Local\Temp\tmpr29y3xeu, 阈值=1.175494351e-38
2026-02-14 08:35:30 | INFO     | face_search:searchFaces:83 | 扫描完成，找到 6 个图片文件
2026-02-14 08:35:30 | INFO     | face_detection:detectFaces:57 | 图片中未检测到人脸: C:\Users\ADMINI~1\AppData\Local\Temp\tmpr29y3xeu\test_0.jpg
2026-02-14 08:35:30 | INFO     | face_detection:detectFaces:57 | 图片中未检测到人脸: C:\Users\ADMINI~1\AppData\Local\Temp\tmpr29y3xeu\test_1.jpg
2026-02-14 08:35:30 | INFO     | face_search:cancelSearch:195 | 收到取消搜索请求
2026-02-14 08:35:30 | INFO     | face_detection:detectFaces:57 | 图片中未检测到人脸: C:\Users\ADMINI~1\AppData\Local\Temp\tmpr29y3xeu\test_2.jpg
2026-02-14 08:35:30 | INFO     | face_search:searchFaces:94 | 搜索已取消，已处理 3/6 个文件
2026-02-14 08:35:30 | INFO     | face_search:cancelSearch:195 | 收到取消搜索请求
2026-02-14 08:35:30 | INFO     | face_search:searchFaces:174 | 搜索完成: 处理 3 个文件, 跳过 3 个文件, 找到 0 个匹配结果, 已取消: True
2026-02-14 08:35:31 | INFO     | face_search:searchFaces:70 | 开始搜索人脸: 文件夹=C:\Users\ADMINI~1\AppData\Local\Temp\tmpf4mib62r, 阈值=1.175494351e-38
2026-02-14 08:35:31 | INFO     | face_search:searchFaces:83 | 扫描完成，找到 6 个图片文件
2026-02-14 08:35:31 | INFO     | face_detection:detectFaces:57 | 图片中未检测到人脸: C:\Users\ADMINI~1\AppData\Local\Temp\tmpf4mib62r\test_0.jpg
2026-02-14 08:35:31 | INFO     | face_detection:detectFaces:57 | 图片中未检测到人脸: C:\Users\ADMINI~1\AppData\Local\Temp\tmpf4mib62r\test_1.jpg
2026-02-14 08:35:31 | INFO     | face_search:cancelSearch:195 | 收到取消搜索请求
2026-02-14 08:35:31 | INFO     | face_detection:detectFaces:57 | 图片中未检测到人脸: C:\Users\ADMINI~1\AppData\Local\Temp\tmpf4mib62r\test_2.jpg
2026-02-14 08:35:31 | INFO     | face_search:searchFaces:94 | 搜索已取消，已处理 3/6 个文件
2026-02-14 08:35:31 | INFO     | face_search:cancelSearch:195 | 收到取消搜索请求
2026-02-14 08:35:31 | INFO     | face_search:searchFaces:174 | 搜索完成: 处理 3 个文件, 跳过 3 个文件, 找到 0 个匹配结果, 已取消: True
2026-02-14 08:35:31 | INFO     | face_search:searchFaces:70 | 开始搜索人脸: 文件夹=C:\Users\ADMINI~1\AppData\Local\Temp\tmp5x9vuhew, 阈值=1.175494351e-38
2026-02-14 08:35:31 | INFO     | face_search:searchFaces:83 | 扫描完成，找到 6 个图片文件
2026-02-14 08:35:31 | INFO     | face_detection:detectFaces:57 | 图片中未检测到人脸: C:\Users\ADMINI~1\AppData\Local\Temp\tmp5x9vuhew\test_0.jpg
2026-02-14 08:35:31 | INFO     | face_detection:detectFaces:57 | 图片中未检测到人脸: C:\Users\ADMINI~1\AppData\Local\Temp\tmp5x9vuhew\test_1.jpg
2026-02-14 08:35:31 | INFO     | face_search:cancelSearch:195 | 收到取消搜索请求
2026-02-14 08:35:31 | INFO     | face_detection:detectFaces:57 | 图片中未检测到人脸: C:\Users\ADMINI~1\AppData\Local\Temp\tmp5x9vuhew\test_2.jpg
2026-02-14 08:35:31 | INFO     | face_search:searchFaces:94 | 搜索已取消，已处理 3/6 个文件
2026-02-14 08:35:31 | INFO     | face_search:cancelSearch:195 | 收到取消搜索请求
2026-02-14 08:35:31 | INFO     | face_search:searchFaces:174 | 搜索完成: 处理 3 个文件, 跳过 3 个文件, 找到 0 个匹配结果, 已取消: True
2026-02-14 08:35:31 | INFO     | face_search:searchFaces:70 | 开始搜索人脸: 文件夹=C:\Users\ADMINI~1\AppData\Local\Temp\tmp6jqxh4ty, 阈值=1.0
2026-02-14 08:35:31 | INFO     | face_search:searchFaces:83 | 扫描完成，找到 7 个图片文件
2026-02-14 08:35:31 | INFO     | face_detection:detectFaces:57 | 图片中未检测到人脸: C:\Users\ADMINI~1\AppData\Local\Temp\tmp6jqxh4ty\test_0.jpg
2026-02-14 08:35:31 | INFO     | face_detection:detectFaces:57 | 图片中未检测到人脸: C:\Users\ADMINI~1\AppData\Local\Temp\tmp6jqxh4ty\test_1.jpg
2026-02-14 08:35:31 | INFO     | face_search:cancelSearch:195 | 收到取消搜索请求
2026-02-14 08:35:31 | INFO     | face_detection:detectFaces:57 | 图片中未检测到人脸: C:\Users\ADMINI~1\AppData\Local\Temp\tmp6jqxh4ty\test_2.jpg
2026-02-14 08:35:31 | INFO     | face_search:searchFaces:94 | 搜索已取消，已处理 3/7 个文件
2026-02-14 08:35:31 | INFO     | face_search:cancelSearch:195 | 收到取消搜索请求
2026-02-14 08:35:31 | INFO     | face_search:searchFaces:174 | 搜索完成: 处理 3 个文件, 跳过 3 个文件, 找到 0 个匹配结果, 已取消: True
2026-02-14 08:35:31 | INFO     | face_search:searchFaces:70 | 开始搜索人脸: 文件夹=C:\Users\ADMINI~1\AppData\Local\Temp\tmp2hq50h9w, 阈值=1.0
2026-02-14 08:35:31 | INFO     | face_search:searchFaces:83 | 扫描完成，找到 7 个图片文件
2026-02-14 08:35:31 | INFO     | face_detection:detectFaces:57 | 图片中未检测到人脸: C:\Users\ADMINI~1\AppData\Local\Temp\tmp2hq50h9w\test_0.jpg
2026-02-14 08:35:31 | INFO     | face_detection:detectFaces:57 | 图片中未检测到人脸: C:\Users\ADMINI~1\AppData\Local\Temp\tmp2hq50h9w\test_1.jpg
2026-02-14 08:35:31 | INFO     | face_search:cancelSearch:195 | 收到取消搜索请求
2026-02-14 08:35:31 | INFO     | face_detection:detectFaces:57 | 图片中未检测到人脸: C:\Users\ADMINI~1\AppData\Local\Temp\tmp2hq50h9w\test_2.jpg
2026-02-14 08:35:31 | INFO     | face_search:searchFaces:94 | 搜索已取消，已处理 3/7 个文件
2026-02-14 08:35:31 | INFO     | face_search:cancelSearch:195 | 收到取消搜索请求
2026-02-14 08:35:31 | INFO     | face_search:searchFaces:174 | 搜索完成: 处理 3 个文件, 跳过 3 个文件, 找到 0 个匹配结果, 已取消: True
2026-02-14 08:35:31 | INFO     | face_search:searchFaces:70 | 开始搜索人脸: 文件夹=C:\Users\ADMINI~1\AppData\Local\Temp\tmpsl7lpjvr, 阈值=1.0
2026-02-14 08:35:31 | INFO     | face_search:searchFaces:83 | 扫描完成，找到 7 个图片文件
2026-02-14 08:35:31 | INFO     | face_detection:detectFaces:57 | 图片中未检测到人脸: C:\Users\ADMINI~1\AppData\Local\Temp\tmpsl7lpjvr\test_0.jpg
2026-02-14 08:35:31 | INFO     | face_detection:detectFaces:57 | 图片中未检测到人脸: C:\Users\ADMINI~1\AppData\Local\Temp\tmpsl7lpjvr\test_1.jpg
2026-02-14 08:35:31 | INFO     | face_search:cancelSearch:195 | 收到取消搜索请求
2026-02-14 08:35:31 | INFO     | face_detection:detectFaces:57 | 图片中未检测到人脸: C:\Users\ADMINI~1\AppData\Local\Temp\tmpsl7lpjvr\test_2.jpg
2026-02-14 08:35:31 | INFO     | face_search:searchFaces:94 | 搜索已取消，已处理 3/7 个文件
2026-02-14 08:35:31 | INFO     | face_search:cancelSearch:195 | 收到取消搜索请求
2026-02-14 08:35:31 | INFO     | face_search:searchFaces:174 | 搜索完成: 处理 3 个文件, 跳过 3 个文件, 找到 0 个匹配结果, 已取消: True
2026-02-14 08:35:31 | INFO     | face_search:searchFaces:70 | 开始搜索人脸: 文件夹=C:\Users\ADMINI~1\AppData\Local\Temp\tmprevc015g, 阈值=1.0
2026-02-14 08:35:31 | INFO     | face_search:searchFaces:83 | 扫描完成，找到 7 个图片文件
2026-02-14 08:35:31 | INFO     | face_detection:detectFaces:57 | 图片中未检测到人脸: C:\Users\ADMINI~1\AppData\Local\Temp\tmprevc015g\test_0.jpg
2026-02-14 08:35:31 | INFO     | face_detection:detectFaces:57 | 图片中未检测到人脸: C:\Users\ADMINI~1\AppData\Local\Temp\tmprevc015g\test_1.jpg
2026-02-14 08:35:31 | INFO     | face_search:cancelSearch:195 | 收到取消搜索请求
2026-02-14 08:35:31 | INFO     | face_detection:detectFaces:57 | 图片中未检测到人脸: C:\Users\ADMINI~1\AppData\Local\Temp\tmprevc015g\test_2.jpg
2026-02-14 08:35:31 | INFO     | face_search:searchFaces:94 | 搜索已取消，已处理 3/7 个文件
2026-02-14 08:35:31 | INFO     | face_search:cancelSearch:195 | 收到取消搜索请求
2026-02-14 08:35:31 | INFO     | face_search:searchFaces:174 | 搜索完成: 处理 3 个文件, 跳过 3 个文件, 找到 0 个匹配结果, 已取消: True
2026-02-14 08:35:31 | INFO     | face_search:searchFaces:70 | 开始搜索人脸: 文件夹=C:\Users\ADMINI~1\AppData\Local\Temp\tmps4z9hfrv, 阈值=1.0
2026-02-14 08:35:31 | INFO     | face_search:searchFaces:83 | 扫描完成，找到 7 个图片文件
2026-02-14 08:35:31 | INFO     | face_detection:detectFaces:57 | 图片中未检测到人脸: C:\Users\ADMINI~1\AppData\Local\Temp\tmps4z9hfrv\test_0.jpg
2026-02-14 08:35:31 | INFO     | face_detection:detectFaces:57 | 图片中未检测到人脸: C:\Users\ADMINI~1\AppData\Local\Temp\tmps4z9hfrv\test_1.jpg
2026-02-14 08:35:31 | INFO     | face_search:cancelSearch:195 | 收到取消搜索请求
2026-02-14 08:35:31 | INFO     | face_detection:detectFaces:57 | 图片中未检测到人脸: C:\Users\ADMINI~1\AppData\Local\Temp\tmps4z9hfrv\test_2.jpg
2026-02-14 08:35:31 | INFO     | face_search:searchFaces:94 | 搜索已取消，已处理 3/7 个文件
2026-02-14 08:35:31 | INFO     | face_search:cancelSearch:195 | 收到取消搜索请求
2026-02-14 08:35:31 | INFO     | face_search:searchFaces:174 | 搜索完成: 处理 3 个文件, 跳过 3 个文件, 找到 0 个匹配结果, 已取消: True
2026-02-14 08:35:31 | INFO     | face_search:searchFaces:70 | 开始搜索人脸: 文件夹=C:\Users\ADMINI~1\AppData\Local\Temp\tmpzfstdj9b, 阈值=1.0
2026-02-14 08:35:31 | INFO     | face_search:searchFaces:83 | 扫描完成，找到 7 个图片文件
2026-02-14 08:35:31 | INFO     | face_detection:detectFaces:57 | 图片中未检测到人脸: C:\Users\ADMINI~1\AppData\Local\Temp\tmpzfstdj9b\test_0.jpg
2026-02-14 08:35:31 | INFO     | face_detection:detectFaces:57 | 图片中未检测到人脸: C:\Users\ADMINI~1\AppData\Local\Temp\tmpzfstdj9b\test_1.jpg
2026-02-14 08:35:31 | INFO     | face_search:cancelSearch:195 | 收到取消搜索请求
2026-02-14 08:35:31 | INFO     | face_detection:detectFaces:57 | 图片中未检测到人脸: C:\Users\ADMINI~1\AppData\Local\Temp\tmpzfstdj9b\test_2.jpg
2026-02-14 08:35:31 | INFO     | face_search:searchFaces:94 | 搜索已取消，已处理 3/7 个文件
2026-02-14 08:35:31 | INFO     | face_search:cancelSearch:195 | 收到取消搜索请求
2026-02-14 08:35:31 | INFO     | face_search:searchFaces:174 | 搜索完成: 处理 3 个文件, 跳过 3 个文件, 找到 0 个匹配结果, 已取消: True
2026-02-14 08:35:31 | INFO     | face_search:cancelSearch:195 | 收到取消搜索请求
2026-02-14 08:35:32 | INFO     | face_search:cancelSearch:195 | 收到取消搜索请求
2026-02-14 08:35:32 | INFO     | face_search:cancelSearch:195 | 收到取消搜索请求
2026-02-14 08:35:32 | INFO     | face_search:cancelSearch:195 | 收到取消搜索请求
2026-02-14 08:35:32 | INFO     | face_search:cancelSearch:195 | 收到取消搜索请求
2026-02-14 08:35:32 | INFO     | face_search:cancelSearch:195 | 收到取消搜索请求
2026-02-14 08:35:32 | INFO     | face_search:cancelSearch:195 | 收到取消搜索请求
2026-02-14 08:35:32 | INFO     | face_search:cancelSearch:195 | 收到取消搜索请求
2026-02-14 08:35:36 | INFO     | app:upload_image:122 | 图片上传成功: 9e6ca162-8e84-4582-aa4d-bf3eaf26a90e, 文件名: test.jpg
2026-02-14 08:35:36 | INFO     | app:upload_image:122 | 图片上传成功: 4200a336-9da3-4a1b-9707-586c783e7850, 文件名: test.png
2026-02-14 08:35:36 | WARNING  | error_handlers:handle_validation_error:110 | 验证错误: 未提供文件, 字段: file
2026-02-14 08:35:36 | WARNING  | error_handlers:handle_validation_error:110 | 验证错误: 未选择文件, 字段: file
2026-02-14 08:35:36 | WARNING  | error_handlers:handle_validation_error:110 | 验证错误: Unsupported file format. Supported formats: .jpg, .jpeg, .png, .webp, 字段: file
2026-02-14 08:35:36 | INFO     | app:upload_image:122 | 图片上传成功: 9bcb7eda-d3b4-4a27-ab81-dc6c99adfd1f, 文件名: test.jpg
2026-02-14 08:35:36 | INFO     | app:upload_image:122 | 图片上传成功: 73119cd8-c11b-4a78-9b07-007d8259e188, 文件名: test.jpg
2026-02-14 08:35:36 | WARNING  | app:preview_image:159 | 预览请求失败，未找到图片: nonexistent-id
2026-02-14 08:35:36 | WARNING  | error_handlers:handle_not_found_error:125 | 资源未找到: 未找到图片: nonexistent-id, 类型: image, ID: nonexistent-id
2026-02-14 08:35:36 | INFO     | app:upload_image:122 | 图片上传成功: 4cdad632-d363-467c-b078-cd7eb5473dad, 文件名: test.jpg
2026-02-14 08:35:36 | WARNING  | error_handlers:handle_file_too_large:161 | 文件大小超限: 10MB
2026-02-14 08:35:36 | INFO     | app:upload_image:122 | 图片上传成功: 38a573e6-a467-4138-9b72-848ce2b258a2, 文件名: test.jpg
2026-02-14 08:35:36 | INFO     | app:upload_image:122 | 图片上传成功: e0a4ab5f-8961-4a21-870a-59acf29ee732, 文件名: test.png
2026-02-14 08:35:36 | INFO     | app:upload_image:122 | 图片上传成功: 7e61bc85-672a-495e-8881-6bbe2812dece, 文件名: test.jpeg
2026-02-14 08:35:36 | INFO     | app:upload_image:122 | 图片上传成功: 170a1f30-f515-4a26-8768-18f4f1dc0329, 文件名: test.webp
2026-02-14 08:35:36 | WARNING  | error_handlers:handle_validation_error:110 | 验证错误: Unsupported file format. Supported formats: .jpg, .jpeg, .png, .webp, 字段: file
2026-02-14 08:35:36 | WARNING  | error_handlers:handle_validation_error:110 | 验证错误: Unsupported file format. Supported formats: .jpg, .jpeg, .png, .webp, 字段: file
2026-02-14 08:35:36 | WARNING  | error_handlers:handle_validation_error:110 | 验证错误: Unsupported file format. Supported formats: .jpg, .jpeg, .png, .webp, 字段: file
2026-02-14 08:35:36 | WARNING  | error_handlers:handle_validation_error:110 | 验证错误: Unsupported file format. Supported formats: .jpg, .jpeg, .png, .webp, 字段: file
2026-02-14 08:35:36 | WARNING  | error_handlers:handle_validation_error:110 | 验证错误: Unsupported file format. Supported formats: .jpg, .jpeg, .png, .webp, 字段: file
2026-02-14 08:35:36 | WARNING  | error_handlers:handle_validation_error:110 | 验证错误: Unsupported file format. Supported formats: .jpg, .jpeg, .png, .webp, 字段: file
2026-02-14 08:35:37 | WARNING  | error_handlers:handle_validation_error:110 | 验证错误: Unsupported file format. Supported formats: .jpg, .jpeg, .png, .webp, 字段: file
2026-02-14 08:35:37 | WARNING  | error_handlers:handle_validation_error:110 | 验证错误: Unsupported file format. Supported formats: .jpg, .jpeg, .png, .webp, 字段: file
2026-02-14 08:35:37 | INFO     | app:upload_image:122 | 图片上传成功: 88fe5b3d-e879-45c1-afe0-d61b8f8d3f08, 文件名: test.jpg
2026-02-14 08:35:38 | INFO     | app:upload_image:122 | 图片上传成功: ee9f1118-5335-459d-912f-364f7e05da3f, 文件名: test.jpg
2026-02-14 08:35:38 | INFO     | app:upload_image:122 | 图片上传成功: cdde1f3b-c2e3-4097-b523-d7b11935c651, 文件名: test.jpg
2026-02-14 08:35:38 | INFO     | app:upload_image:122 | 图片上传成功: 28d493d8-8fad-4642-8ddf-c6b1b34ccbbf, 文件名: test.jpg
2026-02-14 08:35:38 | INFO     | app:upload_image:122 | 图片上传成功: 3e59de8c-7a97-478e-8d3a-e7486bc1bdec, 文件名: test.jpg
2026-02-14 08:35:38 | INFO     | app:upload_image:122 | 图片上传成功: 64207ef5-7fa8-402b-bf8d-77fd23260f4b, 文件名: test.jpg
2026-02-14 08:35:39 | INFO     | app:upload_image:122 | 图片上传成功: e5e01a2b-1752-4e5a-807e-e2c22d0ab9f5, 文件名: test.jpg
2026-02-14 08:35:39 | INFO     | app:upload_image:122 | 图片上传成功: 8456a736-7fa4-4950-a629-599c88c5bc47, 文件名: test.jpg
2026-02-14 08:35:39 | INFO     | app:upload_image:122 | 图片上传成功: edde8f7f-049c-497c-acfb-3a6651844516, 文件名: test.jpg
2026-02-14 08:35:39 | INFO     | app:upload_image:122 | 图片上传成功: 8f4b69a9-b6f4-495c-9988-00042f457ceb, 文件名: test.jpg
2026-02-14 08:35:41 | WARNING  | error_handlers:handle_file_too_large:161 | 文件大小超限: 10MB
2026-02-14 08:35:51 | WARNING  | error_handlers:handle_file_too_large:161 | 文件大小超限: 10MB
2026-02-14 08:36:02 | WARNING  | error_handlers:handle_file_too_large:161 | 文件大小超限: 10MB
2026-02-14 08:36:14 | WARNING  | error_handlers:handle_file_too_large:161 | 文件大小超限: 10MB
2026-02-14 08:36:36 | WARNING  | error_handlers:handle_file_too_large:161 | 文件大小超限: 10MB
2026-02-14 08:36:48 | WARNING  | error_handlers:handle_file_too_large:161 | 文件大小超限: 10MB
2026-02-14 08:37:07 | WARNING  | error_handlers:handle_file_too_large:161 | 文件大小超限: 10MB
2026-02-14 08:37:27 | WARNING  | error_handlers:handle_file_too_large:161 | 文件大小超限: 10MB
2026-02-14 08:37:42 | WARNING  | error_handlers:handle_file_too_large:161 | 文件大小超限: 10MB
2026-02-14 08:37:58 | WARNING  | error_handlers:handle_file_too_large:161 | 文件大小超限: 10MB
2026-02-14 08:38:14 | WARNING  | error_handlers:handle_file_too_large:161 | 文件大小超限: 10MB
2026-02-14 08:38:27 | WARNING  | error_handlers:handle_file_too_large:161 | 文件大小超限: 10MB
2026-02-14 08:38:37 | WARNING  | error_handlers:handle_file_too_large:161 | 文件大小超限: 10MB
2026-02-14 08:38:51 | WARNING  | error_handlers:handle_file_too_large:161 | 文件大小超限: 10MB
2026-02-14 08:39:02 | WARNING  | error_handlers:handle_file_too_large:161 | 文件大小超限: 10MB
2026-02-14 08:39:15 | WARNING  | error_handlers:handle_file_too_large:161 | 文件大小超限: 10MB
2026-02-14 08:39:29 | WARNING  | error_handlers:handle_file_too_large:161 | 文件大小超限: 10MB
2026-02-14 08:39:46 | WARNING  | error_handlers:handle_file_too_large:161 | 文件大小超限: 10MB
2026-02-14 08:40:02 | WARNING  | error_handlers:handle_file_too_large:161 | 文件大小超限: 10MB
2026-02-14 08:40:13 | WARNING  | error_handlers:handle_file_too_large:161 | 文件大小超限: 10MB
2026-02-14 08:40:25 | WARNING  | error_handlers:handle_file_too_large:161 | 文件大小超限: 10MB
2026-02-14 08:40:39 | WARNING  | error_handlers:handle_file_too_large:161 | 文件大小超限: 10MB
2026-02-14 08:40:54 | WARNING  | error_handlers:handle_file_too_large:161 | 文件大小超限: 10MB
2026-02-14 08:40:56 | WARNING  | error_handlers:handle_file_too_large:161 | 文件大小超限: 10MB
2026-02-14 08:40:56 | INFO     | app:upload_image:122 | 图片上传成功: 24f5bff4-5c06-4b63-902b-9bb2fae4b41d, 文件名: test.jpg
2026-02-14 08:40:56 | INFO     | app:upload_image:122 | 图片上传成功: 4fbd0302-a503-46d0-a671-e27190a7e282, 文件名: test.jpg
2026-02-14 08:40:56 | INFO     | app:upload_image:122 | 图片上传成功: 0e64ca20-be87-46d1-b669-801aa69a0952, 文件名: test.webp
2026-02-14 08:40:56 | INFO     | app:upload_image:122 | 图片上传成功: 38142567-30c9-4e95-a950-9237b8e67ec9, 文件名: test.webp
2026-02-14 08:40:56 | INFO     | app:upload_image:122 | 图片上传成功: f27aff3b-c7c3-4049-a6a2-b8031a260dcb, 文件名: test.jpg
2026-02-14 08:40:56 | INFO     | app:upload_image:122 | 图片上传成功: 1e4d10a7-cfda-4afd-8053-a2e8822fa202, 文件名: test.webp
2026-02-14 08:40:56 | INFO     | app:upload_image:122 | 图片上传成功: 4250400b-e36d-4c3a-b8d4-15591387aab5, 文件名: test.webp
2026-02-14 08:40:56 | INFO     | app:upload_image:122 | 图片上传成功: 7cfdd844-e410-4173-bfdf-5f505b3ed307, 文件名: test.jpg
2026-02-14 08:40:56 | INFO     | app:upload_image:122 | 图片上传成功: 9cac28ff-715b-4f1c-869c-aba964c0234d, 文件名: test.png
2026-02-14 08:40:56 | INFO     | app:upload_image:122 | 图片上传成功: f5754429-20fb-4626-a833-e3ffceeac00c, 文件名: test.jpg
2026-02-14 08:40:56 | INFO     | app:upload_image:122 | 图片上传成功: 7500826d-76ad-485e-8ace-6ea5a883324b, 文件名: test.webp
2026-02-14 08:40:56 | INFO     | app:upload_image:122 | 图片上传成功: 3b1aecdc-ce9f-491a-ac11-69545c8256c5, 文件名: test_0.jpg
2026-02-14 08:40:56 | INFO     | app:upload_image:122 | 图片上传成功: 1a499d06-a640-4c69-ac97-9b1fce6cf8e3, 文件名: test_1.jpg
2026-02-14 08:40:56 | INFO     | app:upload_image:122 | 图片上传成功: 4bb2b651-56a9-4c08-b25f-4b160a714d46, 文件名: test_2.jpg
2026-02-14 08:40:56 | INFO     | app:upload_image:122 | 图片上传成功: 8f02e2cd-afca-4cd0-9c46-646bb2033002, 文件名: test_0.webp
2026-02-14 08:40:56 | INFO     | app:upload_image:122 | 图片上传成功: c5b0865d-8f7e-4182-bbb4-fb2e6c7eeff0, 文件名: test_1.webp
2026-02-14 08:40:56 | INFO     | app:upload_image:122 | 图片上传成功: d555d3b9-3b81-43b7-9b13-ae2fa73ed62e, 文件名: test_2.webp
2026-02-14 08:40:56 | INFO     | app:upload_image:122 | 图片上传成功: 80111dd3-ad6f-4b4d-a5e4-6a144e930bb5, 文件名: test_0.png
2026-02-14 08:40:56 | INFO     | app:upload_image:122 | 图片上传成功: 74f74642-8150-43fd-b93d-7141b075abe8, 文件名: test_1.png
2026-02-14 08:40:56 | INFO     | app:upload_image:122 | 图片上传成功: 5394bd47-fa87-4de0-bcd5-ef5ac72e90bf, 文件名: test_2.png
2026-02-14 08:40:56 | WARNING  | app:preview_image:159 | 预览请求失败，未找到图片: af354aa9-d853-4262-9e2d-7f71288c6abc
2026-02-14 08:40:56 | WARNING  | error_handlers:handle_not_found_error:125 | 资源未找到: 未找到图片: af354aa9-d853-4262-9e2d-7f71288c6abc, 类型: image, ID: af354aa9-d853-4262-9e2d-7f71288c6abc
2026-02-14 08:55:17 | INFO     | app:<module>:41 | Flask 应用启动
2026-02-14 08:55:57 | INFO     | app:<module>:41 | Flask 应用启动
2026-02-14 08:56:54 | INFO     | app:<module>:41 | Flask 应用启动
2026-02-14 08:58:10 | INFO     | app:<module>:41 | Flask 应用启动
2026-02-14 08:59:01 | INFO     | app:<module>:41 | Flask 应用启动
2026-02-14 09:00:23 | INFO     | app:<module>:41 | Flask 应用启动
2026-02-14 09:00:27 | WARNING  | error_handlers:handle_validation_error:110 | 验证错误: 需要提供 imageId, 字段: imageId
2026-02-14 09:00:27 | WARNING  | error_handlers:handle_not_found_error:125 | 资源未找到: 未找到图片: nonexistent-id, 类型: image, ID: nonexistent-id
2026-02-14 09:00:27 | INFO     | app:upload_image:122 | 图片上传成功: 56367b48-c097-4979-8564-1b3261bffdb0, 文件名: test_face.jpg
2026-02-14 09:00:27 | INFO     | app:detect_faces:209 | 开始检测人脸: 56367b48-c097-4979-8564-1b3261bffdb0
2026-02-14 09:00:27 | INFO     | face_detection:detectFaces:57 | 图片中未检测到人脸: D:\AI_workspace\face-search-app\tests\..\backend\temp_uploads\56367b48-c097-4979-8564-1b3261bffdb0.jpg
2026-02-14 09:00:27 | WARNING  | app:detect_faces:214 | 图片中未检测到人脸: 56367b48-c097-4979-8564-1b3261bffdb0
2026-02-14 09:00:27 | INFO     | app:upload_image:122 | 图片上传成功: 5a0c5c34-828f-48b8-93cd-a31fe111f9ff, 文件名: no_face.jpg
2026-02-14 09:00:27 | INFO     | app:detect_faces:209 | 开始检测人脸: 5a0c5c34-828f-48b8-93cd-a31fe111f9ff
2026-02-14 09:00:27 | INFO     | face_detection:detectFaces:57 | 图片中未检测到人脸: D:\AI_workspace\face-search-app\tests\..\backend\temp_uploads\5a0c5c34-828f-48b8-93cd-a31fe111f9ff.jpg
2026-02-14 09:00:27 | WARNING  | app:detect_faces:214 | 图片中未检测到人脸: 5a0c5c34-828f-48b8-93cd-a31fe111f9ff
2026-02-14 09:00:28 | INFO     | app:upload_image:122 | 图片上传成功: 18fd2462-afd1-477c-babd-07fa8f4e805f, 文件名: test_face.jpg
2026-02-14 09:00:28 | INFO     | app:detect_faces:209 | 开始检测人脸: 18fd2462-afd1-477c-babd-07fa8f4e805f
2026-02-14 09:00:28 | INFO     | face_detection:detectFaces:57 | 图片中未检测到人脸: D:\AI_workspace\face-search-app\tests\..\backend\temp_uploads\18fd2462-afd1-477c-babd-07fa8f4e805f.jpg
2026-02-14 09:00:28 | WARNING  | app:detect_faces:214 | 图片中未检测到人脸: 18fd2462-afd1-477c-babd-07fa8f4e805f
2026-02-14 09:00:28 | INFO     | app:upload_image:122 | 图片上传成功: 71afb73c-5dc2-4afb-a3ce-54d2afc05e73, 文件名: test_face.jpg
2026-02-14 09:00:28 | INFO     | app:detect_faces:209 | 开始检测人脸: 71afb73c-5dc2-4afb-a3ce-54d2afc05e73
2026-02-14 09:00:28 | INFO     | face_detection:detectFaces:57 | 图片中未检测到人脸: D:\AI_workspace\face-search-app\tests\..\backend\temp_uploads\71afb73c-5dc2-4afb-a3ce-54d2afc05e73.jpg
2026-02-14 09:00:28 | WARNING  | app:detect_faces:214 | 图片中未检测到人脸: 71afb73c-5dc2-4afb-a3ce-54d2afc05e73
2026-02-14 09:00:28 | INFO     | app:upload_image:122 | 图片上传成功: 5955c901-34b7-4b7b-9128-0ba3347d41f3, 文件名: test_face.jpg
2026-02-14 09:00:28 | INFO     | app:detect_faces:209 | 开始检测人脸: 5955c901-34b7-4b7b-9128-0ba3347d41f3
2026-02-14 09:00:28 | INFO     | face_detection:detectFaces:57 | 图片中未检测到人脸: D:\AI_workspace\face-search-app\tests\..\backend\temp_uploads\5955c901-34b7-4b7b-9128-0ba3347d41f3.jpg
2026-02-14 09:00:28 | WARNING  | app:detect_faces:214 | 图片中未检测到人脸: 5955c901-34b7-4b7b-9128-0ba3347d41f3
2026-02-14 09:00:28 | INFO     | app:upload_image:122 | 图片上传成功: b19950f3-3f3f-4d45-978e-3c9ebf3110f4, 文件名: test_face.jpg
2026-02-14 09:00:28 | INFO     | app:detect_faces:209 | 开始检测人脸: b19950f3-3f3f-4d45-978e-3c9ebf3110f4
2026-02-14 09:00:28 | INFO     | face_detection:detectFaces:57 | 图片中未检测到人脸: D:\AI_workspace\face-search-app\tests\..\backend\temp_uploads\b19950f3-3f3f-4d45-978e-3c9ebf3110f4.jpg
2026-02-14 09:00:28 | WARNING  | app:detect_faces:214 | 图片中未检测到人脸: b19950f3-3f3f-4d45-978e-3c9ebf3110f4
2026-02-14 09:00:28 | INFO     | app:upload_image:122 | 图片上传成功: c1002df6-000a-4a28-b4be-a86e1288dac3, 文件名: test_face.jpg
2026-02-14 09:00:28 | INFO     | app:detect_faces:209 | 开始检测人脸: c1002df6-000a-4a28-b4be-a86e1288dac3
2026-02-14 09:00:28 | INFO     | face_detection:detectFaces:57 | 图片中未检测到人脸: D:\AI_workspace\face-search-app\tests\..\backend\temp_uploads\c1002df6-000a-4a28-b4be-a86e1288dac3.jpg
2026-02-14 09:00:28 | WARNING  | app:detect_faces:214 | 图片中未检测到人脸: c1002df6-000a-4a28-b4be-a86e1288dac3
2026-02-14 09:00:28 | INFO     | app:export_images:596 | 开始转存图片: 1 个文件到 C:\Users\ADMINI~1\AppData\Local\Temp\tmpc58ztvgm
2026-02-14 09:00:28 | INFO     | image_export:exportImages:79 | 开始转存图片: 1 个文件到 C:\Users\ADMINI~1\AppData\Local\Temp\tmpc58ztvgm
2026-02-14 09:00:28 | INFO     | image_export:exportImages:155 | 转存完成: 成功 1, 失败 0
2026-02-14 09:00:28 | INFO     | app:export_images:602 | 转存完成: 成功 1, 失败 0
2026-02-14 09:00:28 | INFO     | app:upload_image:122 | 图片上传成功: d6a3b4e0-6284-415b-9535-860745b905cf, 文件名: test_face.jpg
2026-02-14 09:00:28 | WARNING  | app:search_faces:298 | 搜索文件夹不存在: /nonexistent/folder/path
2026-02-14 09:00:28 | WARNING  | error_handlers:handle_validation_error:110 | 验证错误: 搜索文件夹不存在: /nonexistent/folder/path, 字段: searchFolder
2026-02-14 09:00:28 | WARNING  | error_handlers:handle_validation_error:110 | 验证错误: Unsupported file format. Supported formats: .jpg, .jpeg, .png, .webp, 字段: file
2026-02-14 09:00:28 | INFO     | app:upload_image:122 | 图片上传成功: cc31bb1a-8cfc-4ffb-b471-8a041a959003, 文件名: test_face.jpg
2026-02-14 09:00:28 | INFO     | app:detect_faces:209 | 开始检测人脸: cc31bb1a-8cfc-4ffb-b471-8a041a959003
2026-02-14 09:00:29 | INFO     | face_detection:detectFaces:57 | 图片中未检测到人脸: D:\AI_workspace\face-search-app\tests\..\backend\temp_uploads\cc31bb1a-8cfc-4ffb-b471-8a041a959003.jpg
2026-02-14 09:00:29 | WARNING  | app:detect_faces:214 | 图片中未检测到人脸: cc31bb1a-8cfc-4ffb-b471-8a041a959003
2026-02-14 09:00:29 | ERROR    | face_detection:detectFaces:76 | 处理图片时发生错误: D:\AI_workspace\face-search-app\tests\..\backend\temp_uploads\test.jpg, 错误: Face detection service is unavailable
Traceback (most recent call last):
  File "D:\AI_workspace\face-search-app\tests\..\backend\face_detection.py", line 53, in detectFaces
    face_locations = face_recognition.face_locations(image)
  File "D:\AI_workspace\face-search-app\tests\test_error_handlers.py", line 222, in mock_face_locations
    raise RuntimeError("Face detection service is unavailable")
RuntimeError: Face detection service is unavailable
2026-02-14 09:00:29 | ERROR    | face_detection:detectFaces:76 | 处理图片时发生错误: C:\Users\Administrator\AppData\Local\Temp\pytest-of-Administrator\pytest-92\test_face_detection_with_corru0\corrupted.jpg, 错误: cannot identify image file 'C:\\Users\\Administrator\\AppData\\Local\\Temp\\pytest-of-Administrator\\pytest-92\\test_face_detection_with_corru0\\corrupted.jpg'
Traceback (most recent call last):
  File "D:\AI_workspace\face-search-app\tests\..\backend\face_detection.py", line 49, in detectFaces
    image = face_recognition.load_image_file(image_path)
  File "D:\AI_workspace\face-search-app\backend\venv\Lib\site-packages\face_recognition\api.py", line 86, in load_image_file
    im = PIL.Image.open(file)
  File "D:\AI_workspace\face-search-app\backend\venv\Lib\site-packages\PIL\Image.py", line 3579, in open
    raise UnidentifiedImageError(msg)
PIL.UnidentifiedImageError: cannot identify image file 'C:\\Users\\Administrator\\AppData\\Local\\Temp\\pytest-of-Administrator\\pytest-92\\test_face_detection_with_corru0\\corrupted.jpg'
2026-02-14 09:00:29 | WARNING  | error_handlers:handle_validation_error:110 | 验证错误: 未提供文件, 字段: file
2026-02-14 09:00:29 | WARNING  | error_handlers:handle_validation_error:110 | 验证错误: 未选择文件, 字段: file
2026-02-14 09:00:29 | WARNING  | error_handlers:handle_validation_error:110 | 验证错误: Unsupported file format. Supported formats: .jpg, .jpeg, .png, .webp, 字段: file
2026-02-14 09:00:29 | WARNING  | error_handlers:handle_validation_error:110 | 验证错误: 需要提供 imageId, 字段: imageId
2026-02-14 09:00:29 | WARNING  | error_handlers:handle_not_found_error:125 | 资源未找到: 未找到图片: nonexistent-id, 类型: image, ID: nonexistent-id
2026-02-14 09:00:29 | WARNING  | error_handlers:handle_validation_error:110 | 验证错误: 需要提供请求体, 字段: None
2026-02-14 09:00:29 | WARNING  | error_handlers:handle_validation_error:110 | 验证错误: 需要提供 faceId, 字段: faceId
2026-02-14 09:00:29 | WARNING  | error_handlers:handle_validation_error:110 | 验证错误: threshold 必须在 0 到 1 之间, 字段: threshold
2026-02-14 09:00:29 | WARNING  | app:search_faces:298 | 搜索文件夹不存在: /nonexistent/folder
2026-02-14 09:00:29 | WARNING  | error_handlers:handle_validation_error:110 | 验证错误: 搜索文件夹不存在: /nonexistent/folder, 字段: searchFolder
2026-02-14 09:00:29 | WARNING  | error_handlers:handle_not_found_error:125 | 资源未找到: 未找到搜索任务: nonexistent-task-id, 类型: task, ID: nonexistent-task-id
2026-02-14 09:00:29 | WARNING  | error_handlers:handle_not_found_error:125 | 资源未找到: 未找到搜索任务: nonexistent-task-id, 类型: task, ID: nonexistent-task-id
2026-02-14 09:00:29 | WARNING  | error_handlers:handle_validation_error:110 | 验证错误: 需要提供请求体, 字段: None
2026-02-14 09:00:29 | WARNING  | error_handlers:handle_validation_error:110 | 验证错误: imagePaths 必须是数组, 字段: imagePaths
2026-02-14 09:00:29 | WARNING  | error_handlers:handle_validation_error:110 | 验证错误: imagePaths 不能为空, 字段: imagePaths
2026-02-14 09:00:29 | WARNING  | error_handlers:handle_not_found_error:125 | 资源未找到: 目标文件夹不存在: /nonexistent/folder, 类型: folder, ID: /nonexistent/folder
2026-02-14 09:00:29 | WARNING  | error_handlers:handle_not_found:181 | 路由未找到: 404 Not Found: The requested URL was not found on the server. If you entered the URL manually please check your spelling and try again.
2026-02-14 09:00:29 | WARNING  | error_handlers:handle_method_not_allowed:191 | HTTP方法不允许: 405 Method Not Allowed: The method is not allowed for the requested URL.
2026-02-14 09:00:29 | WARNING  | error_handlers:handle_validation_error:110 | 验证错误: 未提供文件, 字段: file
2026-02-14 09:00:29 | WARNING  | app:preview_image:159 | 预览请求失败，未找到图片: nonexistent
2026-02-14 09:00:29 | WARNING  | error_handlers:handle_not_found_error:125 | 资源未找到: 未找到图片: nonexistent, 类型: image, ID: nonexistent
2026-02-14 09:00:29 | WARNING  | error_handlers:handle_not_found:181 | 路由未找到: 404 Not Found: The requested URL was not found on the server. If you entered the URL manually please check your spelling and try again.
2026-02-14 09:00:29 | WARNING  | error_handlers:handle_validation_error:110 | 验证错误: 需要提供 imageId, 字段: imageId
2026-02-14 09:01:33 | INFO     | app:<module>:41 | Flask 应用启动
2026-02-14 09:01:37 | WARNING  | error_handlers:handle_validation_error:110 | 验证错误: 需要提供 imageId, 字段: imageId
2026-02-14 09:01:37 | WARNING  | error_handlers:handle_not_found_error:125 | 资源未找到: 未找到图片: nonexistent-id, 类型: image, ID: nonexistent-id
2026-02-14 09:01:37 | INFO     | app:upload_image:122 | 图片上传成功: 9791f3bd-cd7d-488a-8990-68f9c7a48f2a, 文件名: test_face.jpg
2026-02-14 09:01:37 | INFO     | app:detect_faces:209 | 开始检测人脸: 9791f3bd-cd7d-488a-8990-68f9c7a48f2a
2026-02-14 09:01:37 | INFO     | face_detection:detectFaces:57 | 图片中未检测到人脸: D:\AI_workspace\face-search-app\tests\..\backend\temp_uploads\9791f3bd-cd7d-488a-8990-68f9c7a48f2a.jpg
2026-02-14 09:01:37 | WARNING  | app:detect_faces:214 | 图片中未检测到人脸: 9791f3bd-cd7d-488a-8990-68f9c7a48f2a
2026-02-14 09:01:37 | INFO     | app:upload_image:122 | 图片上传成功: 365227ca-60d1-4f7e-821a-b1116ddd8984, 文件名: no_face.jpg
2026-02-14 09:01:37 | INFO     | app:detect_faces:209 | 开始检测人脸: 365227ca-60d1-4f7e-821a-b1116ddd8984
2026-02-14 09:01:37 | INFO     | face_detection:detectFaces:57 | 图片中未检测到人脸: D:\AI_workspace\face-search-app\tests\..\backend\temp_uploads\365227ca-60d1-4f7e-821a-b1116ddd8984.jpg
2026-02-14 09:01:37 | WARNING  | app:detect_faces:214 | 图片中未检测到人脸: 365227ca-60d1-4f7e-821a-b1116ddd8984
2026-02-14 09:01:37 | INFO     | app:upload_image:122 | 图片上传成功: b8050972-ec1d-4d0e-883a-b0c484238391, 文件名: test_face.jpg
2026-02-14 09:01:37 | INFO     | app:detect_faces:209 | 开始检测人脸: b8050972-ec1d-4d0e-883a-b0c484238391
2026-02-14 09:01:37 | INFO     | face_detection:detectFaces:57 | 图片中未检测到人脸: D:\AI_workspace\face-search-app\tests\..\backend\temp_uploads\b8050972-ec1d-4d0e-883a-b0c484238391.jpg
2026-02-14 09:01:37 | WARNING  | app:detect_faces:214 | 图片中未检测到人脸: b8050972-ec1d-4d0e-883a-b0c484238391
2026-02-14 09:01:37 | INFO     | app:upload_image:122 | 图片上传成功: a3c1c9d5-01fa-44fa-899b-1797222c4cef, 文件名: test_face.jpg
2026-02-14 09:01:37 | INFO     | app:detect_faces:209 | 开始检测人脸: a3c1c9d5-01fa-44fa-899b-1797222c4cef
2026-02-14 09:01:37 | INFO     | face_detection:detectFaces:57 | 图片中未检测到人脸: D:\AI_workspace\face-search-app\tests\..\backend\temp_uploads\a3c1c9d5-01fa-44fa-899b-1797222c4cef.jpg
2026-02-14 09:01:37 | WARNING  | app:detect_faces:214 | 图片中未检测到人脸: a3c1c9d5-01fa-44fa-899b-1797222c4cef
2026-02-14 09:01:37 | INFO     | app:upload_image:122 | 图片上传成功: b34dccc6-8bd0-4a2d-b6dd-e45ba1c994e3, 文件名: test_face.jpg
2026-02-14 09:01:37 | INFO     | app:detect_faces:209 | 开始检测人脸: b34dccc6-8bd0-4a2d-b6dd-e45ba1c994e3
2026-02-14 09:01:38 | INFO     | face_detection:detectFaces:57 | 图片中未检测到人脸: D:\AI_workspace\face-search-app\tests\..\backend\temp_uploads\b34dccc6-8bd0-4a2d-b6dd-e45ba1c994e3.jpg
2026-02-14 09:01:38 | WARNING  | app:detect_faces:214 | 图片中未检测到人脸: b34dccc6-8bd0-4a2d-b6dd-e45ba1c994e3
2026-02-14 09:01:38 | INFO     | app:upload_image:122 | 图片上传成功: 6e380e0f-4325-4127-b4bd-f208ecaddf3f, 文件名: test_face.jpg
2026-02-14 09:01:38 | INFO     | app:detect_faces:209 | 开始检测人脸: 6e380e0f-4325-4127-b4bd-f208ecaddf3f
2026-02-14 09:01:38 | INFO     | face_detection:detectFaces:57 | 图片中未检测到人脸: D:\AI_workspace\face-search-app\tests\..\backend\temp_uploads\6e380e0f-4325-4127-b4bd-f208ecaddf3f.jpg
2026-02-14 09:01:38 | WARNING  | app:detect_faces:214 | 图片中未检测到人脸: 6e380e0f-4325-4127-b4bd-f208ecaddf3f
2026-02-14 09:01:38 | INFO     | app:upload_image:122 | 图片上传成功: a63d30b7-6372-4b47-a9a3-0097f5758993, 文件名: test_face.jpg
2026-02-14 09:01:38 | INFO     | app:detect_faces:209 | 开始检测人脸: a63d30b7-6372-4b47-a9a3-0097f5758993
2026-02-14 09:01:38 | INFO     | face_detection:detectFaces:57 | 图片中未检测到人脸: D:\AI_workspace\face-search-app\tests\..\backend\temp_uploads\a63d30b7-6372-4b47-a9a3-0097f5758993.jpg
2026-02-14 09:01:38 | WARNING  | app:detect_faces:214 | 图片中未检测到人脸: a63d30b7-6372-4b47-a9a3-0097f5758993
2026-02-14 09:01:38 | INFO     | app:export_images:596 | 开始转存图片: 1 个文件到 C:\Users\ADMINI~1\AppData\Local\Temp\tmp_hg_rya9
2026-02-14 09:01:38 | INFO     | image_export:exportImages:79 | 开始转存图片: 1 个文件到 C:\Users\ADMINI~1\AppData\Local\Temp\tmp_hg_rya9
2026-02-14 09:01:38 | INFO     | image_export:exportImages:155 | 转存完成: 成功 1, 失败 0
2026-02-14 09:01:38 | INFO     | app:export_images:602 | 转存完成: 成功 1, 失败 0
2026-02-14 09:01:38 | INFO     | app:upload_image:122 | 图片上传成功: 77b66392-60cc-4007-ad27-efb06fd49d65, 文件名: test_face.jpg
2026-02-14 09:01:38 | WARNING  | app:search_faces:298 | 搜索文件夹不存在: /nonexistent/folder/path
2026-02-14 09:01:38 | WARNING  | error_handlers:handle_validation_error:110 | 验证错误: 搜索文件夹不存在: /nonexistent/folder/path, 字段: searchFolder
2026-02-14 09:01:38 | WARNING  | error_handlers:handle_validation_error:110 | 验证错误: Unsupported file format. Supported formats: .jpg, .jpeg, .png, .webp, 字段: file
2026-02-14 09:01:38 | INFO     | app:upload_image:122 | 图片上传成功: 61e46535-99b8-4d26-8697-5cea2d4ccedc, 文件名: test_face.jpg
2026-02-14 09:01:38 | INFO     | app:detect_faces:209 | 开始检测人脸: 61e46535-99b8-4d26-8697-5cea2d4ccedc
2026-02-14 09:01:38 | INFO     | face_detection:detectFaces:57 | 图片中未检测到人脸: D:\AI_workspace\face-search-app\tests\..\backend\temp_uploads\61e46535-99b8-4d26-8697-5cea2d4ccedc.jpg
2026-02-14 09:01:38 | WARNING  | app:detect_faces:214 | 图片中未检测到人脸: 61e46535-99b8-4d26-8697-5cea2d4ccedc
2026-02-14 09:01:38 | ERROR    | face_detection:detectFaces:76 | 处理图片时发生错误: D:\AI_workspace\face-search-app\tests\..\backend\temp_uploads\test.jpg, 错误: Face detection service is unavailable
Traceback (most recent call last):
  File "D:\AI_workspace\face-search-app\tests\..\backend\face_detection.py", line 53, in detectFaces
    face_locations = face_recognition.face_locations(image)
  File "D:\AI_workspace\face-search-app\tests\test_error_handlers.py", line 222, in mock_face_locations
    raise RuntimeError("Face detection service is unavailable")
RuntimeError: Face detection service is unavailable
2026-02-14 09:01:38 | ERROR    | face_detection:detectFaces:76 | 处理图片时发生错误: C:\Users\Administrator\AppData\Local\Temp\pytest-of-Administrator\pytest-93\test_face_detection_with_corru0\corrupted.jpg, 错误: cannot identify image file 'C:\\Users\\Administrator\\AppData\\Local\\Temp\\pytest-of-Administrator\\pytest-93\\test_face_detection_with_corru0\\corrupted.jpg'
Traceback (most recent call last):
  File "D:\AI_workspace\face-search-app\tests\..\backend\face_detection.py", line 49, in detectFaces
    image = face_recognition.load_image_file(image_path)
  File "D:\AI_workspace\face-search-app\backend\venv\Lib\site-packages\face_recognition\api.py", line 86, in load_image_file
    im = PIL.Image.open(file)
  File "D:\AI_workspace\face-search-app\backend\venv\Lib\site-packages\PIL\Image.py", line 3579, in open
    raise UnidentifiedImageError(msg)
PIL.UnidentifiedImageError: cannot identify image file 'C:\\Users\\Administrator\\AppData\\Local\\Temp\\pytest-of-Administrator\\pytest-93\\test_face_detection_with_corru0\\corrupted.jpg'
2026-02-14 09:01:38 | WARNING  | error_handlers:handle_validation_error:110 | 验证错误: 未提供文件, 字段: file
2026-02-14 09:01:38 | WARNING  | error_handlers:handle_validation_error:110 | 验证错误: 未选择文件, 字段: file
2026-02-14 09:01:38 | WARNING  | error_handlers:handle_validation_error:110 | 验证错误: Unsupported file format. Supported formats: .jpg, .jpeg, .png, .webp, 字段: file
2026-02-14 09:01:38 | WARNING  | error_handlers:handle_validation_error:110 | 验证错误: 需要提供 imageId, 字段: imageId
2026-02-14 09:01:38 | WARNING  | error_handlers:handle_not_found_error:125 | 资源未找到: 未找到图片: nonexistent-id, 类型: image, ID: nonexistent-id
2026-02-14 09:01:38 | WARNING  | error_handlers:handle_validation_error:110 | 验证错误: 需要提供请求体, 字段: None
2026-02-14 09:01:38 | WARNING  | error_handlers:handle_validation_error:110 | 验证错误: 需要提供 faceId, 字段: faceId
2026-02-14 09:01:38 | WARNING  | error_handlers:handle_validation_error:110 | 验证错误: threshold 必须在 0 到 1 之间, 字段: threshold
2026-02-14 09:01:38 | WARNING  | app:search_faces:298 | 搜索文件夹不存在: /nonexistent/folder
2026-02-14 09:01:38 | WARNING  | error_handlers:handle_validation_error:110 | 验证错误: 搜索文件夹不存在: /nonexistent/folder, 字段: searchFolder
2026-02-14 09:01:38 | WARNING  | error_handlers:handle_not_found_error:125 | 资源未找到: 未找到搜索任务: nonexistent-task-id, 类型: task, ID: nonexistent-task-id
2026-02-14 09:01:38 | WARNING  | error_handlers:handle_not_found_error:125 | 资源未找到: 未找到搜索任务: nonexistent-task-id, 类型: task, ID: nonexistent-task-id
2026-02-14 09:01:38 | WARNING  | error_handlers:handle_validation_error:110 | 验证错误: 需要提供请求体, 字段: None
2026-02-14 09:01:38 | WARNING  | error_handlers:handle_validation_error:110 | 验证错误: imagePaths 必须是数组, 字段: imagePaths
2026-02-14 09:01:38 | WARNING  | error_handlers:handle_validation_error:110 | 验证错误: imagePaths 不能为空, 字段: imagePaths
2026-02-14 09:01:38 | WARNING  | error_handlers:handle_not_found_error:125 | 资源未找到: 目标文件夹不存在: /nonexistent/folder, 类型: folder, ID: /nonexistent/folder
2026-02-14 09:01:38 | WARNING  | error_handlers:handle_not_found:181 | 路由未找到: 404 Not Found: The requested URL was not found on the server. If you entered the URL manually please check your spelling and try again.
2026-02-14 09:01:38 | WARNING  | error_handlers:handle_method_not_allowed:191 | HTTP方法不允许: 405 Method Not Allowed: The method is not allowed for the requested URL.
2026-02-14 09:01:38 | WARNING  | error_handlers:handle_validation_error:110 | 验证错误: 未提供文件, 字段: file
2026-02-14 09:01:38 | WARNING  | app:preview_image:159 | 预览请求失败，未找到图片: nonexistent
2026-02-14 09:01:38 | WARNING  | error_handlers:handle_not_found_error:125 | 资源未找到: 未找到图片: nonexistent, 类型: image, ID: nonexistent
2026-02-14 09:01:38 | WARNING  | error_handlers:handle_not_found:181 | 路由未找到: 404 Not Found: The requested URL was not found on the server. If you entered the URL manually please check your spelling and try again.
2026-02-14 09:01:38 | WARNING  | error_handlers:handle_validation_error:110 | 验证错误: 需要提供 imageId, 字段: imageId
2026-02-14 09:01:39 | INFO     | app:export_images:596 | 开始转存图片: 2 个文件到 C:\Users\ADMINI~1\AppData\Local\Temp\tmpnfjhlmlt\target
2026-02-14 09:01:39 | INFO     | image_export:exportImages:79 | 开始转存图片: 2 个文件到 C:\Users\ADMINI~1\AppData\Local\Temp\tmpnfjhlmlt\target
2026-02-14 09:01:39 | INFO     | image_export:exportImages:155 | 转存完成: 成功 2, 失败 0
2026-02-14 09:01:39 | INFO     | app:export_images:602 | 转存完成: 成功 2, 失败 0
2026-02-14 09:01:39 | WARNING  | error_handlers:handle_validation_error:110 | 验证错误: 需要提供 imagePaths, 字段: imagePaths
2026-02-14 09:01:39 | WARNING  | error_handlers:handle_validation_error:110 | 验证错误: 需要提供 targetFolder, 字段: targetFolder
2026-02-14 09:01:39 | WARNING  | error_handlers:handle_validation_error:110 | 验证错误: imagePaths 必须是数组, 字段: imagePaths
2026-02-14 09:01:39 | WARNING  | error_handlers:handle_validation_error:110 | 验证错误: imagePaths 不能为空, 字段: imagePaths
2026-02-14 09:01:39 | WARNING  | error_handlers:handle_not_found_error:125 | 资源未找到: 目标文件夹不存在: C:\Users\ADMINI~1\AppData\Local\Temp\tmpsg_jhn54\nonexistent, 类型: folder, ID: C:\Users\ADMINI~1\AppData\Local\Temp\tmpsg_jhn54\nonexistent
2026-02-14 09:01:39 | WARNING  | error_handlers:handle_validation_error:110 | 验证错误: 目标路径不是文件夹: C:\Users\ADMINI~1\AppData\Local\Temp\tmp5gyrlm3r\source\notadir.txt, 字段: targetFolder
2026-02-14 09:01:39 | INFO     | app:export_images:596 | 开始转存图片: 2 个文件到 C:\Users\ADMINI~1\AppData\Local\Temp\tmp781y8a6f\target
2026-02-14 09:01:39 | INFO     | image_export:exportImages:79 | 开始转存图片: 2 个文件到 C:\Users\ADMINI~1\AppData\Local\Temp\tmp781y8a6f\target
2026-02-14 09:01:39 | WARNING  | image_export:exportImages:101 | 源文件不存在: C:\Users\ADMINI~1\AppData\Local\Temp\tmp781y8a6f\source\invalid.jpg
2026-02-14 09:01:39 | INFO     | image_export:exportImages:155 | 转存完成: 成功 1, 失败 1
2026-02-14 09:01:39 | INFO     | app:export_images:602 | 转存完成: 成功 1, 失败 1
2026-02-14 09:01:39 | INFO     | app:export_images:596 | 开始转存图片: 1 个文件到 C:\Users\ADMINI~1\AppData\Local\Temp\tmpdqtq8nrj\target
2026-02-14 09:01:39 | INFO     | image_export:exportImages:79 | 开始转存图片: 1 个文件到 C:\Users\ADMINI~1\AppData\Local\Temp\tmpdqtq8nrj\target
2026-02-14 09:01:39 | INFO     | image_export:exportImages:155 | 转存完成: 成功 1, 失败 0
2026-02-14 09:01:39 | INFO     | app:export_images:602 | 转存完成: 成功 1, 失败 0
2026-02-14 09:01:39 | INFO     | app:export_images:596 | 开始转存图片: 1 个文件到 C:\Users\ADMINI~1\AppData\Local\Temp\tmpegtpkyj2\target
2026-02-14 09:01:39 | INFO     | image_export:exportImages:79 | 开始转存图片: 1 个文件到 C:\Users\ADMINI~1\AppData\Local\Temp\tmpegtpkyj2\target
2026-02-14 09:01:39 | WARNING  | image_export:exportImages:101 | 源文件不存在: C:\Users\ADMINI~1\AppData\Local\Temp\tmpegtpkyj2\source\missing.jpg
2026-02-14 09:01:39 | INFO     | image_export:exportImages:155 | 转存完成: 成功 0, 失败 1
2026-02-14 09:01:39 | INFO     | app:export_images:602 | 转存完成: 成功 0, 失败 1
2026-02-14 09:01:39 | INFO     | face_detection:detectFaces:57 | 图片中未检测到人脸: C:\Users\Administrator\AppData\Local\Temp\pytest-of-Administrator\pytest-93\test_detectFaces_returns_detec0\test_face.jpg
2026-02-14 09:01:39 | ERROR    | face_detection:detectFaces:73 | 图片文件未找到: /nonexistent/path/image.jpg
2026-02-14 09:01:39 | INFO     | face_detection:detectFaces:57 | 图片中未检测到人脸: C:\Users\Administrator\AppData\Local\Temp\pytest-of-Administrator\pytest-93\test_detectFaces_no_faces_retu0\no_face.jpg
2026-02-14 09:01:39 | INFO     | face_detection:detectFaces:57 | 图片中未检测到人脸: C:\Users\Administrator\AppData\Local\Temp\pytest-of-Administrator\pytest-93\test_single_face_detection0\single_face.jpg
2026-02-14 09:01:39 | INFO     | face_detection:detectFaces:57 | 图片中未检测到人脸: C:\Users\Administrator\AppData\Local\Temp\pytest-of-Administrator\pytest-93\test_multiple_faces_detection0\multiple_faces.jpg
2026-02-14 09:01:39 | INFO     | face_detection:detectFaces:57 | 图片中未检测到人脸: C:\Users\Administrator\AppData\Local\Temp\pytest-of-Administrator\pytest-93\test_no_face_detection_boundar0\solid_color.jpg
2026-02-14 09:01:39 | INFO     | face_detection:detectFaces:57 | 图片中未检测到人脸: C:\Users\Administrator\AppData\Local\Temp\pytest-of-Administrator\pytest-93\test_no_face_detection_boundar0\gradient.jpg
2026-02-14 09:01:40 | INFO     | face_detection:detectFaces:57 | 图片中未检测到人脸: C:\Users\Administrator\AppData\Local\Temp\pytest-of-Administrator\pytest-93\test_no_face_detection_boundar0\pattern.jpg
2026-02-14 09:01:40 | INFO     | face_detection:detectFaces:57 | 图片中未检测到人脸: C:\Users\Administrator\AppData\Local\Temp\pytest-of-Administrator\pytest-93\test_face_detection_with_lands0\landscape_face.jpg
2026-02-14 09:01:40 | INFO     | face_detection:detectFaces:57 | 图片中未检测到人脸: C:\Users\Administrator\AppData\Local\Temp\pytest-of-Administrator\pytest-93\test_face_detection_with_portr0\portrait_face.jpg
2026-02-14 09:01:40 | INFO     | face_detection:detectFaces:57 | 图片中未检测到人脸: C:\Users\Administrator\AppData\Local\Temp\pytest-of-Administrator\pytest-93\test_detectFaces_workflow0\synthetic_face.jpg
2026-02-14 09:01:40 | ERROR    | face_detection:detectFaces:73 | 图片文件未找到: /nonexistent/file.jpg
2026-02-14 09:01:40 | ERROR    | face_detection:detectFaces:73 | 图片文件未找到: 
2026-02-14 09:01:41 | INFO     | face_detection:detectFaces:57 | 图片中未检测到人脸: C:\Users\Administrator\AppData\Local\Temp\pytest-of-Administrator\pytest-93\test_all_detected_faces_have_c0\test_pattern_200x200_1.jpg
2026-02-14 09:01:41 | INFO     | face_detection:detectFaces:57 | 图片中未检测到人脸: C:\Users\Administrator\AppData\Local\Temp\pytest-of-Administrator\pytest-93\test_all_detected_faces_have_c0\test_pattern_428x670_2.jpg
2026-02-14 09:01:41 | INFO     | face_detection:detectFaces:69 | 人脸检测完成: C:\Users\Administrator\AppData\Local\Temp\pytest-of-Administrator\pytest-93\test_all_detected_faces_have_c0\test_pattern_622x293_3.jpg, 检测到 1 个人脸
2026-02-14 09:01:42 | INFO     | face_detection:detectFaces:57 | 图片中未检测到人脸: C:\Users\Administrator\AppData\Local\Temp\pytest-of-Administrator\pytest-93\test_all_detected_faces_have_c0\test_pattern_358x692_1.jpg
2026-02-14 09:01:43 | INFO     | face_detection:detectFaces:69 | 人脸检测完成: C:\Users\Administrator\AppData\Local\Temp\pytest-of-Administrator\pytest-93\test_all_detected_faces_have_c0\test_pattern_354x306_3.jpg, 检测到 2 个人脸
2026-02-14 09:01:43 | INFO     | face_detection:detectFaces:57 | 图片中未检测到人脸: C:\Users\Administrator\AppData\Local\Temp\pytest-of-Administrator\pytest-93\test_empty_detection_result_ha0\no_faces.jpg
2026-02-14 09:01:43 | INFO     | face_search:searchFaces:70 | 开始搜索人脸: 文件夹=C:\Users\ADMINI~1\AppData\Local\Temp\tmpd64bo3cl, 阈值=0.6
2026-02-14 09:01:43 | INFO     | face_search:searchFaces:83 | 扫描完成，找到 0 个图片文件
2026-02-14 09:01:43 | INFO     | face_search:searchFaces:174 | 搜索完成: 处理 0 个文件, 跳过 0 个文件, 找到 0 个匹配结果, 已取消: False
2026-02-14 09:01:43 | INFO     | face_search:searchFaces:70 | 开始搜索人脸: 文件夹=/nonexistent/folder, 阈值=0.6
2026-02-14 09:01:43 | ERROR    | face_search:searchFaces:76 | 扫描文件夹失败: /nonexistent/folder, 错误: Folder path does not exist: /nonexistent/folder
2026-02-14 09:01:43 | INFO     | face_search:searchFaces:70 | 开始搜索人脸: 文件夹=C:\Users\ADMINI~1\AppData\Local\Temp\tmphnz2zl6o, 阈值=0.6
2026-02-14 09:01:43 | INFO     | face_search:searchFaces:83 | 扫描完成，找到 3 个图片文件
2026-02-14 09:01:43 | INFO     | face_detection:detectFaces:57 | 图片中未检测到人脸: C:\Users\ADMINI~1\AppData\Local\Temp\tmphnz2zl6o\test_image_0.jpg
2026-02-14 09:01:43 | INFO     | face_detection:detectFaces:57 | 图片中未检测到人脸: C:\Users\ADMINI~1\AppData\Local\Temp\tmphnz2zl6o\test_image_1.jpg
2026-02-14 09:01:43 | INFO     | face_detection:detectFaces:57 | 图片中未检测到人脸: C:\Users\ADMINI~1\AppData\Local\Temp\tmphnz2zl6o\test_image_2.jpg
2026-02-14 09:01:43 | INFO     | face_search:searchFaces:174 | 搜索完成: 处理 3 个文件, 跳过 3 个文件, 找到 0 个匹配结果, 已取消: False
2026-02-14 09:01:43 | INFO     | face_search:searchFaces:70 | 开始搜索人脸: 文件夹=C:\Users\ADMINI~1\AppData\Local\Temp\tmp3jv695ec, 阈值=0.6
2026-02-14 09:01:43 | INFO     | face_search:searchFaces:83 | 扫描完成，找到 3 个图片文件
2026-02-14 09:01:43 | INFO     | face_search:cancelSearch:195 | 收到取消搜索请求
2026-02-14 09:01:43 | INFO     | face_detection:detectFaces:57 | 图片中未检测到人脸: C:\Users\ADMINI~1\AppData\Local\Temp\tmp3jv695ec\test_image_0.jpg
2026-02-14 09:01:43 | INFO     | face_search:searchFaces:94 | 搜索已取消，已处理 1/3 个文件
2026-02-14 09:01:43 | INFO     | face_search:searchFaces:174 | 搜索完成: 处理 1 个文件, 跳过 1 个文件, 找到 0 个匹配结果, 已取消: True
2026-02-14 09:01:43 | INFO     | face_search:searchFaces:70 | 开始搜索人脸: 文件夹=C:\Users\ADMINI~1\AppData\Local\Temp\tmpe0qh82cc, 阈值=0.99
2026-02-14 09:01:43 | INFO     | face_search:searchFaces:83 | 扫描完成，找到 1 个图片文件
2026-02-14 09:01:43 | INFO     | face_detection:detectFaces:57 | 图片中未检测到人脸: C:\Users\ADMINI~1\AppData\Local\Temp\tmpe0qh82cc\test.jpg
2026-02-14 09:01:43 | INFO     | face_search:searchFaces:174 | 搜索完成: 处理 1 个文件, 跳过 1 个文件, 找到 0 个匹配结果, 已取消: False
2026-02-14 09:01:43 | INFO     | face_search:searchFaces:70 | 开始搜索人脸: 文件夹=C:\Users\ADMINI~1\AppData\Local\Temp\tmpya2nuk4p, 阈值=0.0
2026-02-14 09:01:43 | INFO     | face_search:searchFaces:83 | 扫描完成，找到 3 个图片文件
2026-02-14 09:01:43 | INFO     | face_detection:detectFaces:57 | 图片中未检测到人脸: C:\Users\ADMINI~1\AppData\Local\Temp\tmpya2nuk4p\test_0.jpg
2026-02-14 09:01:43 | INFO     | face_detection:detectFaces:57 | 图片中未检测到人脸: C:\Users\ADMINI~1\AppData\Local\Temp\tmpya2nuk4p\test_1.jpg
2026-02-14 09:01:43 | INFO     | face_detection:detectFaces:57 | 图片中未检测到人脸: C:\Users\ADMINI~1\AppData\Local\Temp\tmpya2nuk4p\test_2.jpg
2026-02-14 09:01:43 | INFO     | face_search:searchFaces:174 | 搜索完成: 处理 3 个文件, 跳过 3 个文件, 找到 0 个匹配结果, 已取消: False
2026-02-14 09:01:43 | INFO     | face_search:searchFaces:70 | 开始搜索人脸: 文件夹=C:\Users\ADMINI~1\AppData\Local\Temp\tmp831bqtmv, 阈值=0.6
2026-02-14 09:01:43 | INFO     | face_search:searchFaces:83 | 扫描完成，找到 2 个图片文件
2026-02-14 09:01:43 | ERROR    | face_detection:detectFaces:76 | 处理图片时发生错误: C:\Users\ADMINI~1\AppData\Local\Temp\tmp831bqtmv\corrupted.jpg, 错误: cannot identify image file 'C:\\Users\\ADMINI~1\\AppData\\Local\\Temp\\tmp831bqtmv\\corrupted.jpg'
Traceback (most recent call last):
  File "D:\AI_workspace\face-search-app\tests\..\backend\face_detection.py", line 49, in detectFaces
    image = face_recognition.load_image_file(image_path)
  File "D:\AI_workspace\face-search-app\backend\venv\Lib\site-packages\face_recognition\api.py", line 86, in load_image_file
    im = PIL.Image.open(file)
  File "D:\AI_workspace\face-search-app\backend\venv\Lib\site-packages\PIL\Image.py", line 3579, in open
    raise UnidentifiedImageError(msg)
PIL.UnidentifiedImageError: cannot identify image file 'C:\\Users\\ADMINI~1\\AppData\\Local\\Temp\\tmp831bqtmv\\corrupted.jpg'
2026-02-14 09:01:43 | INFO     | face_detection:detectFaces:57 | 图片中未检测到人脸: C:\Users\ADMINI~1\AppData\Local\Temp\tmp831bqtmv\valid.jpg
2026-02-14 09:01:43 | INFO     | face_search:searchFaces:174 | 搜索完成: 处理 2 个文件, 跳过 2 个文件, 找到 0 个匹配结果, 已取消: False
2026-02-14 09:01:43 | INFO     | face_search:searchFaces:70 | 开始搜索人脸: 文件夹=C:\Users\ADMINI~1\AppData\Local\Temp\tmp44fx7guq, 阈值=0.6
2026-02-14 09:01:43 | INFO     | face_search:searchFaces:83 | 扫描完成，找到 3 个图片文件
2026-02-14 09:01:43 | INFO     | face_detection:detectFaces:57 | 图片中未检测到人脸: C:\Users\ADMINI~1\AppData\Local\Temp\tmp44fx7guq\test_image_0.jpg
2026-02-14 09:01:43 | INFO     | face_detection:detectFaces:57 | 图片中未检测到人脸: C:\Users\ADMINI~1\AppData\Local\Temp\tmp44fx7guq\test_image_1.jpg
2026-02-14 09:01:43 | INFO     | face_detection:detectFaces:57 | 图片中未检测到人脸: C:\Users\ADMINI~1\AppData\Local\Temp\tmp44fx7guq\test_image_2.jpg
2026-02-14 09:01:43 | INFO     | face_search:searchFaces:174 | 搜索完成: 处理 3 个文件, 跳过 3 个文件, 找到 0 个匹配结果, 已取消: False
2026-02-14 09:01:43 | INFO     | face_search:searchFaces:70 | 开始搜索人脸: 文件夹=C:\Users\ADMINI~1\AppData\Local\Temp\tmp44fx7guq, 阈值=0.6
2026-02-14 09:01:43 | INFO     | face_search:searchFaces:83 | 扫描完成，找到 3 个图片文件
2026-02-14 09:01:43 | INFO     | face_detection:detectFaces:57 | 图片中未检测到人脸: C:\Users\ADMINI~1\AppData\Local\Temp\tmp44fx7guq\test_image_0.jpg
2026-02-14 09:01:43 | INFO     | face_detection:detectFaces:57 | 图片中未检测到人脸: C:\Users\ADMINI~1\AppData\Local\Temp\tmp44fx7guq\test_image_1.jpg
2026-02-14 09:01:43 | INFO     | face_detection:detectFaces:57 | 图片中未检测到人脸: C:\Users\ADMINI~1\AppData\Local\Temp\tmp44fx7guq\test_image_2.jpg
2026-02-14 09:01:43 | INFO     | face_search:searchFaces:174 | 搜索完成: 处理 3 个文件, 跳过 3 个文件, 找到 0 个匹配结果, 已取消: False
2026-02-14 09:01:43 | INFO     | face_search:searchFaces:70 | 开始搜索人脸: 文件夹=C:\Users\ADMINI~1\AppData\Local\Temp\tmp44uxzfhe, 阈值=0.3
2026-02-14 09:01:43 | INFO     | face_search:searchFaces:83 | 扫描完成，找到 3 个图片文件
2026-02-14 09:01:43 | INFO     | face_detection:detectFaces:57 | 图片中未检测到人脸: C:\Users\ADMINI~1\AppData\Local\Temp\tmp44uxzfhe\test_image_0.jpg
2026-02-14 09:01:43 | INFO     | face_detection:detectFaces:57 | 图片中未检测到人脸: C:\Users\ADMINI~1\AppData\Local\Temp\tmp44uxzfhe\test_image_1.jpg
2026-02-14 09:01:43 | INFO     | face_detection:detectFaces:57 | 图片中未检测到人脸: C:\Users\ADMINI~1\AppData\Local\Temp\tmp44uxzfhe\test_image_2.jpg
2026-02-14 09:01:43 | INFO     | face_search:searchFaces:174 | 搜索完成: 处理 3 个文件, 跳过 3 个文件, 找到 0 个匹配结果, 已取消: False
2026-02-14 09:01:43 | INFO     | face_search:searchFaces:70 | 开始搜索人脸: 文件夹=C:\Users\ADMINI~1\AppData\Local\Temp\tmp44uxzfhe, 阈值=0.9
2026-02-14 09:01:43 | INFO     | face_search:searchFaces:83 | 扫描完成，找到 3 个图片文件
2026-02-14 09:01:43 | INFO     | face_detection:detectFaces:57 | 图片中未检测到人脸: C:\Users\ADMINI~1\AppData\Local\Temp\tmp44uxzfhe\test_image_0.jpg
2026-02-14 09:01:43 | INFO     | face_detection:detectFaces:57 | 图片中未检测到人脸: C:\Users\ADMINI~1\AppData\Local\Temp\tmp44uxzfhe\test_image_1.jpg
2026-02-14 09:01:43 | INFO     | face_detection:detectFaces:57 | 图片中未检测到人脸: C:\Users\ADMINI~1\AppData\Local\Temp\tmp44uxzfhe\test_image_2.jpg
2026-02-14 09:01:43 | INFO     | face_search:searchFaces:174 | 搜索完成: 处理 3 个文件, 跳过 3 个文件, 找到 0 个匹配结果, 已取消: False
2026-02-14 09:01:46 | INFO     | image_export:exportImages:79 | 开始转存图片: 1 个文件到 C:\Users\ADMINI~1\AppData\Local\Temp\tmp8fv9vogr\target
2026-02-14 09:01:46 | INFO     | image_export:exportImages:155 | 转存完成: 成功 1, 失败 0
2026-02-14 09:01:46 | INFO     | image_export:exportImages:79 | 开始转存图片: 3 个文件到 C:\Users\ADMINI~1\AppData\Local\Temp\tmpznq5dp6u\target
2026-02-14 09:01:46 | INFO     | image_export:exportImages:155 | 转存完成: 成功 3, 失败 0
2026-02-14 09:01:46 | INFO     | image_export:exportImages:79 | 开始转存图片: 1 个文件到 C:\Users\ADMINI~1\AppData\Local\Temp\tmph_sc33um\target
2026-02-14 09:01:46 | INFO     | image_export:exportImages:155 | 转存完成: 成功 1, 失败 0
2026-02-14 09:01:46 | INFO     | image_export:exportImages:79 | 开始转存图片: 1 个文件到 C:\Users\ADMINI~1\AppData\Local\Temp\tmpwwi59j_f\target
2026-02-14 09:01:46 | INFO     | image_export:exportImages:155 | 转存完成: 成功 1, 失败 0
2026-02-14 09:01:46 | INFO     | image_export:exportImages:79 | 开始转存图片: 1 个文件到 C:\Users\ADMINI~1\AppData\Local\Temp\tmp1iuhrarv\target
2026-02-14 09:01:46 | WARNING  | image_export:exportImages:101 | 源文件不存在: C:\Users\ADMINI~1\AppData\Local\Temp\tmp1iuhrarv\source\missing.jpg
2026-02-14 09:01:46 | INFO     | image_export:exportImages:155 | 转存完成: 成功 0, 失败 1
2026-02-14 09:01:46 | ERROR    | image_export:exportImages:57 | 目标文件夹不存在: C:\Users\ADMINI~1\AppData\Local\Temp\tmpk6xw2wod\nonexistent
2026-02-14 09:01:46 | INFO     | image_export:exportImages:79 | 开始转存图片: 2 个文件到 C:\Users\ADMINI~1\AppData\Local\Temp\tmpg9yhwdjl\target
2026-02-14 09:01:46 | WARNING  | image_export:exportImages:101 | 源文件不存在: C:\Users\ADMINI~1\AppData\Local\Temp\tmpg9yhwdjl\source\invalid.jpg
2026-02-14 09:01:46 | INFO     | image_export:exportImages:155 | 转存完成: 成功 1, 失败 1
2026-02-14 09:01:46 | INFO     | image_export:exportImages:79 | 开始转存图片: 0 个文件到 C:\Users\ADMINI~1\AppData\Local\Temp\tmpbsicvgj4\target
2026-02-14 09:01:46 | INFO     | image_export:exportImages:155 | 转存完成: 成功 0, 失败 0
2026-02-14 09:01:46 | INFO     | image_export:exportImages:79 | 开始转存图片: 1 个文件到 C:\Users\ADMINI~1\AppData\Local\Temp\tmpa8ez6tfa\target
2026-02-14 09:01:46 | INFO     | image_export:exportImages:155 | 转存完成: 成功 1, 失败 0
2026-02-14 09:01:46 | INFO     | image_export:exportImages:79 | 开始转存图片: 3 个文件到 C:\Users\ADMINI~1\AppData\Local\Temp\tmpvj095d2y\target
2026-02-14 09:01:46 | INFO     | image_export:exportImages:155 | 转存完成: 成功 3, 失败 0
2026-02-14 09:01:46 | INFO     | image_export:exportImages:79 | 开始转存图片: 4 个文件到 C:\Users\ADMINI~1\AppData\Local\Temp\tmpbq7wyjm8\target
2026-02-14 09:01:46 | WARNING  | image_export:exportImages:101 | 源文件不存在: C:\Users\ADMINI~1\AppData\Local\Temp\tmpbq7wyjm8\source\invalid1.jpg
2026-02-14 09:01:46 | WARNING  | image_export:exportImages:101 | 源文件不存在: C:\Users\ADMINI~1\AppData\Local\Temp\tmpbq7wyjm8\source\invalid2.jpg
2026-02-14 09:01:46 | INFO     | image_export:exportImages:155 | 转存完成: 成功 2, 失败 2
2026-02-14 09:01:46 | INFO     | image_export:exportImages:79 | 开始转存图片: 1 个文件到 C:\Users\ADMINI~1\AppData\Local\Temp\tmpqjcrlt2y\target
2026-02-14 09:01:46 | INFO     | image_export:exportImages:155 | 转存完成: 成功 1, 失败 0
2026-02-14 09:01:46 | INFO     | image_export:exportImages:79 | 开始转存图片: 1 个文件到 C:\Users\ADMINI~1\AppData\Local\Temp\tmpyagckse5\target
2026-02-14 09:01:46 | INFO     | image_export:exportImages:155 | 转存完成: 成功 1, 失败 0
2026-02-14 09:01:46 | INFO     | image_export:exportImages:79 | 开始转存图片: 1 个文件到 C:\Users\ADMINI~1\AppData\Local\Temp\tmp5xavpex0\target
2026-02-14 09:01:46 | INFO     | image_export:exportImages:155 | 转存完成: 成功 1, 失败 0
2026-02-14 09:01:46 | INFO     | image_export:exportImages:79 | 开始转存图片: 1 个文件到 C:\Users\ADMINI~1\AppData\Local\Temp\tmp9_80zhrp\target
2026-02-14 09:01:46 | INFO     | image_export:exportImages:155 | 转存完成: 成功 1, 失败 0
2026-02-14 09:01:46 | INFO     | image_export:exportImages:79 | 开始转存图片: 1 个文件到 C:\Users\ADMINI~1\AppData\Local\Temp\tmpqpg1vnx_\target
2026-02-14 09:01:46 | INFO     | image_export:exportImages:155 | 转存完成: 成功 1, 失败 0
2026-02-14 09:01:46 | INFO     | image_export:exportImages:79 | 开始转存图片: 1 个文件到 C:\Users\ADMINI~1\AppData\Local\Temp\tmppb0rh8ge\target
2026-02-14 09:01:46 | INFO     | image_export:exportImages:155 | 转存完成: 成功 1, 失败 0
2026-02-14 09:01:46 | INFO     | image_export:exportImages:79 | 开始转存图片: 6 个文件到 C:\Users\ADMINI~1\AppData\Local\Temp\tmpdh0rh2vz\target
2026-02-14 09:01:46 | INFO     | image_export:exportImages:155 | 转存完成: 成功 6, 失败 0
2026-02-14 09:01:46 | INFO     | image_export:exportImages:79 | 开始转存图片: 3 个文件到 C:\Users\ADMINI~1\AppData\Local\Temp\tmpwkbxwe1m\target
2026-02-14 09:01:46 | INFO     | image_export:exportImages:155 | 转存完成: 成功 3, 失败 0
2026-02-14 09:01:46 | INFO     | image_export:exportImages:79 | 开始转存图片: 6 个文件到 C:\Users\ADMINI~1\AppData\Local\Temp\tmp2n3o6ri2\target
2026-02-14 09:01:46 | INFO     | image_export:exportImages:155 | 转存完成: 成功 6, 失败 0
2026-02-14 09:01:46 | INFO     | image_export:exportImages:79 | 开始转存图片: 9 个文件到 C:\Users\ADMINI~1\AppData\Local\Temp\tmpqwrmjrzj\target
2026-02-14 09:01:46 | INFO     | image_export:exportImages:155 | 转存完成: 成功 9, 失败 0
2026-02-14 09:01:47 | INFO     | image_export:exportImages:79 | 开始转存图片: 1 个文件到 C:\Users\ADMINI~1\AppData\Local\Temp\tmp8ktvbofi\target
2026-02-14 09:01:47 | INFO     | image_export:exportImages:155 | 转存完成: 成功 1, 失败 0
2026-02-14 09:01:47 | INFO     | image_export:exportImages:79 | 开始转存图片: 1 个文件到 C:\Users\ADMINI~1\AppData\Local\Temp\tmp96rsq6tm\target
2026-02-14 09:01:47 | INFO     | image_export:exportImages:155 | 转存完成: 成功 1, 失败 0
2026-02-14 09:01:47 | INFO     | image_export:exportImages:79 | 开始转存图片: 1 个文件到 C:\Users\ADMINI~1\AppData\Local\Temp\tmpq2al0tje\target
2026-02-14 09:01:47 | INFO     | image_export:exportImages:155 | 转存完成: 成功 1, 失败 0
2026-02-14 09:01:47 | INFO     | image_export:exportImages:79 | 开始转存图片: 1 个文件到 C:\Users\ADMINI~1\AppData\Local\Temp\tmpg1m5t5_u\target
2026-02-14 09:01:47 | INFO     | image_export:exportImages:155 | 转存完成: 成功 1, 失败 0
2026-02-14 09:01:47 | INFO     | image_export:exportImages:79 | 开始转存图片: 1 个文件到 C:\Users\ADMINI~1\AppData\Local\Temp\tmpbn0k88b0\target
2026-02-14 09:01:47 | INFO     | image_export:exportImages:155 | 转存完成: 成功 1, 失败 0
2026-02-14 09:01:47 | INFO     | image_export:exportImages:79 | 开始转存图片: 1 个文件到 C:\Users\ADMINI~1\AppData\Local\Temp\tmpk2c2f_r0\target
2026-02-14 09:01:47 | INFO     | image_export:exportImages:155 | 转存完成: 成功 1, 失败 0
2026-02-14 09:01:47 | INFO     | image_export:exportImages:79 | 开始转存图片: 1 个文件到 C:\Users\ADMINI~1\AppData\Local\Temp\tmpuweyebps\target
2026-02-14 09:01:47 | INFO     | image_export:exportImages:155 | 转存完成: 成功 1, 失败 0
2026-02-14 09:01:47 | INFO     | image_export:exportImages:79 | 开始转存图片: 1 个文件到 C:\Users\ADMINI~1\AppData\Local\Temp\tmpn75zam0z\target
2026-02-14 09:01:47 | INFO     | image_export:exportImages:155 | 转存完成: 成功 1, 失败 0
2026-02-14 09:01:47 | INFO     | image_export:exportImages:79 | 开始转存图片: 1 个文件到 C:\Users\ADMINI~1\AppData\Local\Temp\tmpj9wkuvtu\target
2026-02-14 09:01:47 | INFO     | image_export:exportImages:155 | 转存完成: 成功 1, 失败 0
2026-02-14 09:01:47 | INFO     | image_export:exportImages:79 | 开始转存图片: 1 个文件到 C:\Users\ADMINI~1\AppData\Local\Temp\tmp5yjl0xbl\target
2026-02-14 09:01:47 | INFO     | image_export:exportImages:155 | 转存完成: 成功 1, 失败 0
2026-02-14 09:01:47 | INFO     | image_export:exportImages:79 | 开始转存图片: 2 个文件到 C:\Users\ADMINI~1\AppData\Local\Temp\tmpndm2166o\target
2026-02-14 09:01:47 | WARNING  | image_export:exportImages:101 | 源文件不存在: C:\Users\ADMINI~1\AppData\Local\Temp\tmpndm2166o\source\invalid_0.jpg
2026-02-14 09:01:47 | INFO     | image_export:exportImages:155 | 转存完成: 成功 1, 失败 1
2026-02-14 09:01:47 | INFO     | image_export:exportImages:79 | 开始转存图片: 5 个文件到 C:\Users\ADMINI~1\AppData\Local\Temp\tmplake4yjf\target
2026-02-14 09:01:47 | WARNING  | image_export:exportImages:101 | 源文件不存在: C:\Users\ADMINI~1\AppData\Local\Temp\tmplake4yjf\source\invalid_0.jpg
2026-02-14 09:01:47 | WARNING  | image_export:exportImages:101 | 源文件不存在: C:\Users\ADMINI~1\AppData\Local\Temp\tmplake4yjf\source\invalid_1.jpg
2026-02-14 09:01:47 | WARNING  | image_export:exportImages:101 | 源文件不存在: C:\Users\ADMINI~1\AppData\Local\Temp\tmplake4yjf\source\invalid_2.jpg
2026-02-14 09:01:47 | INFO     | image_export:exportImages:155 | 转存完成: 成功 2, 失败 3
2026-02-14 09:01:47 | INFO     | image_export:exportImages:79 | 开始转存图片: 7 个文件到 C:\Users\ADMINI~1\AppData\Local\Temp\tmpfyyqroed\target
2026-02-14 09:01:47 | WARNING  | image_export:exportImages:101 | 源文件不存在: C:\Users\ADMINI~1\AppData\Local\Temp\tmpfyyqroed\source\invalid_0.jpg
2026-02-14 09:01:47 | WARNING  | image_export:exportImages:101 | 源文件不存在: C:\Users\ADMINI~1\AppData\Local\Temp\tmpfyyqroed\source\invalid_1.jpg
2026-02-14 09:01:47 | INFO     | image_export:exportImages:155 | 转存完成: 成功 5, 失败 2
2026-02-14 09:01:47 | INFO     | image_export:exportImages:79 | 开始转存图片: 4 个文件到 C:\Users\ADMINI~1\AppData\Local\Temp\tmpma6k18jk\target
2026-02-14 09:01:47 | WARNING  | image_export:exportImages:101 | 源文件不存在: C:\Users\ADMINI~1\AppData\Local\Temp\tmpma6k18jk\source\invalid_0.jpg
2026-02-14 09:01:47 | WARNING  | image_export:exportImages:101 | 源文件不存在: C:\Users\ADMINI~1\AppData\Local\Temp\tmpma6k18jk\source\invalid_1.jpg
2026-02-14 09:01:47 | INFO     | image_export:exportImages:155 | 转存完成: 成功 2, 失败 2
2026-02-14 09:01:47 | INFO     | image_export:exportImages:79 | 开始转存图片: 5 个文件到 C:\Users\ADMINI~1\AppData\Local\Temp\tmps4ge7eeh\target
2026-02-14 09:01:47 | WARNING  | image_export:exportImages:101 | 源文件不存在: C:\Users\ADMINI~1\AppData\Local\Temp\tmps4ge7eeh\source\invalid_0.jpg
2026-02-14 09:01:47 | WARNING  | image_export:exportImages:101 | 源文件不存在: C:\Users\ADMINI~1\AppData\Local\Temp\tmps4ge7eeh\source\invalid_1.jpg
2026-02-14 09:01:47 | INFO     | image_export:exportImages:155 | 转存完成: 成功 3, 失败 2
2026-02-14 09:01:47 | INFO     | image_export:exportImages:79 | 开始转存图片: 1 个文件到 C:\Users\ADMINI~1\AppData\Local\Temp\tmpo4oirxo2\target
2026-02-14 09:01:47 | INFO     | image_export:exportImages:155 | 转存完成: 成功 1, 失败 0
2026-02-14 09:01:47 | INFO     | image_export:exportImages:79 | 开始转存图片: 1 个文件到 C:\Users\ADMINI~1\AppData\Local\Temp\tmp1gv5fx59\target
2026-02-14 09:01:47 | INFO     | image_export:exportImages:155 | 转存完成: 成功 1, 失败 0
2026-02-14 09:01:47 | INFO     | image_export:exportImages:79 | 开始转存图片: 1 个文件到 C:\Users\ADMINI~1\AppData\Local\Temp\tmpqt2h4dww\target
2026-02-14 09:01:47 | INFO     | image_export:exportImages:155 | 转存完成: 成功 1, 失败 0
2026-02-14 09:01:47 | INFO     | image_export:exportImages:79 | 开始转存图片: 1 个文件到 C:\Users\ADMINI~1\AppData\Local\Temp\tmpkvp8xv7_\target
2026-02-14 09:01:47 | INFO     | image_export:exportImages:155 | 转存完成: 成功 1, 失败 0
2026-02-14 09:01:47 | INFO     | image_export:exportImages:79 | 开始转存图片: 1 个文件到 C:\Users\ADMINI~1\AppData\Local\Temp\tmp9iwwogxu\target
2026-02-14 09:01:47 | INFO     | image_export:exportImages:155 | 转存完成: 成功 1, 失败 0
2026-02-14 09:01:47 | INFO     | image_export:exportImages:79 | 开始转存图片: 1 个文件到 C:\Users\ADMINI~1\AppData\Local\Temp\tmpngc1rume\target
2026-02-14 09:01:47 | INFO     | image_export:exportImages:155 | 转存完成: 成功 1, 失败 0
2026-02-14 09:01:47 | INFO     | image_export:exportImages:79 | 开始转存图片: 1 个文件到 C:\Users\ADMINI~1\AppData\Local\Temp\tmpwwxp0vk5\target
2026-02-14 09:01:47 | INFO     | image_export:exportImages:155 | 转存完成: 成功 1, 失败 0
2026-02-14 09:01:47 | INFO     | image_export:exportImages:79 | 开始转存图片: 1 个文件到 C:\Users\ADMINI~1\AppData\Local\Temp\tmpduzaka6t\target
2026-02-14 09:01:47 | INFO     | image_export:exportImages:155 | 转存完成: 成功 1, 失败 0
2026-02-14 09:01:47 | INFO     | image_export:exportImages:79 | 开始转存图片: 1 个文件到 C:\Users\ADMINI~1\AppData\Local\Temp\tmpduzaka6t\target
2026-02-14 09:01:47 | INFO     | image_export:exportImages:155 | 转存完成: 成功 1, 失败 0
2026-02-14 09:01:47 | INFO     | image_export:exportImages:79 | 开始转存图片: 1 个文件到 C:\Users\ADMINI~1\AppData\Local\Temp\tmpf4xmgd5y\target
2026-02-14 09:01:47 | INFO     | image_export:exportImages:155 | 转存完成: 成功 1, 失败 0
2026-02-14 09:01:47 | INFO     | image_export:exportImages:79 | 开始转存图片: 1 个文件到 C:\Users\ADMINI~1\AppData\Local\Temp\tmpf4xmgd5y\target
2026-02-14 09:01:47 | INFO     | image_export:exportImages:155 | 转存完成: 成功 1, 失败 0
2026-02-14 09:01:47 | INFO     | image_export:exportImages:79 | 开始转存图片: 1 个文件到 C:\Users\ADMINI~1\AppData\Local\Temp\tmpf4xmgd5y\target
2026-02-14 09:01:47 | INFO     | image_export:exportImages:155 | 转存完成: 成功 1, 失败 0
2026-02-14 09:01:47 | INFO     | image_export:exportImages:79 | 开始转存图片: 1 个文件到 C:\Users\ADMINI~1\AppData\Local\Temp\tmpf4xmgd5y\target
2026-02-14 09:01:47 | INFO     | image_export:exportImages:155 | 转存完成: 成功 1, 失败 0
2026-02-14 09:01:48 | INFO     | image_export:exportImages:79 | 开始转存图片: 1 个文件到 C:\Users\ADMINI~1\AppData\Local\Temp\tmptojzg2ki\target
2026-02-14 09:01:48 | INFO     | image_export:exportImages:155 | 转存完成: 成功 1, 失败 0
2026-02-14 09:01:48 | INFO     | image_export:exportImages:79 | 开始转存图片: 1 个文件到 C:\Users\ADMINI~1\AppData\Local\Temp\tmptojzg2ki\target
2026-02-14 09:01:48 | INFO     | image_export:exportImages:155 | 转存完成: 成功 1, 失败 0
2026-02-14 09:01:48 | INFO     | image_export:exportImages:79 | 开始转存图片: 1 个文件到 C:\Users\ADMINI~1\AppData\Local\Temp\tmptojzg2ki\target
2026-02-14 09:01:48 | INFO     | image_export:exportImages:155 | 转存完成: 成功 1, 失败 0
2026-02-14 09:01:48 | INFO     | image_export:exportImages:79 | 开始转存图片: 1 个文件到 C:\Users\ADMINI~1\AppData\Local\Temp\tmptojzg2ki\target
2026-02-14 09:01:48 | INFO     | image_export:exportImages:155 | 转存完成: 成功 1, 失败 0
2026-02-14 09:01:48 | INFO     | image_export:exportImages:79 | 开始转存图片: 1 个文件到 C:\Users\ADMINI~1\AppData\Local\Temp\tmptojzg2ki\target
2026-02-14 09:01:48 | INFO     | image_export:exportImages:155 | 转存完成: 成功 1, 失败 0
2026-02-14 09:01:48 | INFO     | image_export:exportImages:79 | 开始转存图片: 1 个文件到 C:\Users\ADMINI~1\AppData\Local\Temp\tmpw34kf_w6\target
2026-02-14 09:01:48 | INFO     | image_export:exportImages:155 | 转存完成: 成功 1, 失败 0
2026-02-14 09:01:48 | INFO     | image_export:exportImages:79 | 开始转存图片: 1 个文件到 C:\Users\ADMINI~1\AppData\Local\Temp\tmpw34kf_w6\target
2026-02-14 09:01:48 | INFO     | image_export:exportImages:155 | 转存完成: 成功 1, 失败 0
2026-02-14 09:01:48 | INFO     | image_export:exportImages:79 | 开始转存图片: 1 个文件到 C:\Users\ADMINI~1\AppData\Local\Temp\tmpw34kf_w6\target
2026-02-14 09:01:48 | INFO     | image_export:exportImages:155 | 转存完成: 成功 1, 失败 0
2026-02-14 09:01:48 | INFO     | image_export:exportImages:79 | 开始转存图片: 1 个文件到 C:\Users\ADMINI~1\AppData\Local\Temp\tmppi2zbcfa\target
2026-02-14 09:01:48 | INFO     | image_export:exportImages:155 | 转存完成: 成功 1, 失败 0
2026-02-14 09:01:48 | INFO     | image_export:exportImages:79 | 开始转存图片: 1 个文件到 C:\Users\ADMINI~1\AppData\Local\Temp\tmpkadasxje\target
2026-02-14 09:01:48 | INFO     | image_export:exportImages:155 | 转存完成: 成功 1, 失败 0
2026-02-14 09:01:48 | INFO     | image_export:exportImages:79 | 开始转存图片: 1 个文件到 C:\Users\ADMINI~1\AppData\Local\Temp\tmpjvnb1fan\target
2026-02-14 09:01:48 | INFO     | image_export:exportImages:155 | 转存完成: 成功 1, 失败 0
2026-02-14 09:01:48 | INFO     | image_export:exportImages:79 | 开始转存图片: 1 个文件到 C:\Users\ADMINI~1\AppData\Local\Temp\tmpd89tesk3\target
2026-02-14 09:01:48 | INFO     | image_export:exportImages:155 | 转存完成: 成功 1, 失败 0
2026-02-14 09:01:48 | INFO     | image_export:exportImages:79 | 开始转存图片: 0 个文件到 C:\Users\ADMINI~1\AppData\Local\Temp\tmp2j1cedfo\target
2026-02-14 09:01:48 | INFO     | image_export:exportImages:155 | 转存完成: 成功 0, 失败 0
2026-02-14 09:01:48 | INFO     | image_export:exportImages:79 | 开始转存图片: 1 个文件到 C:\Users\ADMINI~1\AppData\Local\Temp\tmpeslzp1fn\target
2026-02-14 09:01:48 | INFO     | image_export:exportImages:155 | 转存完成: 成功 1, 失败 0
2026-02-14 09:01:48 | INFO     | image_export:exportImages:79 | 开始转存图片: 19 个文件到 C:\Users\ADMINI~1\AppData\Local\Temp\tmp1y2ch4ou\target
2026-02-14 09:01:48 | INFO     | image_export:exportImages:155 | 转存完成: 成功 19, 失败 0
2026-02-14 09:01:48 | INFO     | image_export:exportImages:79 | 开始转存图片: 14 个文件到 C:\Users\ADMINI~1\AppData\Local\Temp\tmpyn1dpq25\target
2026-02-14 09:01:48 | INFO     | image_export:exportImages:155 | 转存完成: 成功 14, 失败 0
2026-02-14 09:01:48 | INFO     | image_export:exportImages:79 | 开始转存图片: 10 个文件到 C:\Users\ADMINI~1\AppData\Local\Temp\tmpehn1in9v\target
2026-02-14 09:01:48 | INFO     | image_export:exportImages:155 | 转存完成: 成功 10, 失败 0
2026-02-14 09:01:49 | INFO     | image_export:exportImages:79 | 开始转存图片: 0 个文件到 C:\Users\ADMINI~1\AppData\Local\Temp\tmphhsgar2h\target
2026-02-14 09:01:49 | INFO     | image_export:exportImages:155 | 转存完成: 成功 0, 失败 0
2026-02-14 09:01:49 | INFO     | image_export:exportImages:79 | 开始转存图片: 15 个文件到 C:\Users\ADMINI~1\AppData\Local\Temp\tmp6_leo3yp\target
2026-02-14 09:01:49 | WARNING  | image_export:exportImages:101 | 源文件不存在: C:\Users\ADMINI~1\AppData\Local\Temp\tmp6_leo3yp\source\invalid_0.jpg
2026-02-14 09:01:49 | WARNING  | image_export:exportImages:101 | 源文件不存在: C:\Users\ADMINI~1\AppData\Local\Temp\tmp6_leo3yp\source\invalid_1.jpg
2026-02-14 09:01:49 | WARNING  | image_export:exportImages:101 | 源文件不存在: C:\Users\ADMINI~1\AppData\Local\Temp\tmp6_leo3yp\source\invalid_2.jpg
2026-02-14 09:01:49 | WARNING  | image_export:exportImages:101 | 源文件不存在: C:\Users\ADMINI~1\AppData\Local\Temp\tmp6_leo3yp\source\invalid_3.jpg
2026-02-14 09:01:49 | WARNING  | image_export:exportImages:101 | 源文件不存在: C:\Users\ADMINI~1\AppData\Local\Temp\tmp6_leo3yp\source\invalid_4.jpg
2026-02-14 09:01:49 | WARNING  | image_export:exportImages:101 | 源文件不存在: C:\Users\ADMINI~1\AppData\Local\Temp\tmp6_leo3yp\source\invalid_5.jpg
2026-02-14 09:01:49 | INFO     | image_export:exportImages:155 | 转存完成: 成功 9, 失败 6
2026-02-14 09:01:49 | INFO     | image_export:exportImages:79 | 开始转存图片: 6 个文件到 C:\Users\ADMINI~1\AppData\Local\Temp\tmpg62io6jd\target
2026-02-14 09:01:49 | WARNING  | image_export:exportImages:101 | 源文件不存在: C:\Users\ADMINI~1\AppData\Local\Temp\tmpg62io6jd\source\invalid_0.jpg
2026-02-14 09:01:49 | WARNING  | image_export:exportImages:101 | 源文件不存在: C:\Users\ADMINI~1\AppData\Local\Temp\tmpg62io6jd\source\invalid_1.jpg
2026-02-14 09:01:49 | WARNING  | image_export:exportImages:101 | 源文件不存在: C:\Users\ADMINI~1\AppData\Local\Temp\tmpg62io6jd\source\invalid_2.jpg
2026-02-14 09:01:49 | WARNING  | image_export:exportImages:101 | 源文件不存在: C:\Users\ADMINI~1\AppData\Local\Temp\tmpg62io6jd\source\invalid_3.jpg
2026-02-14 09:01:49 | INFO     | image_export:exportImages:155 | 转存完成: 成功 2, 失败 4
2026-02-14 09:01:49 | INFO     | image_export:exportImages:79 | 开始转存图片: 2 个文件到 C:\Users\ADMINI~1\AppData\Local\Temp\tmpkaozz7bp\target
2026-02-14 09:01:49 | INFO     | image_export:exportImages:155 | 转存完成: 成功 2, 失败 0
2026-02-14 09:01:49 | INFO     | image_export:exportImages:79 | 开始转存图片: 9 个文件到 C:\Users\ADMINI~1\AppData\Local\Temp\tmpp961acw_\target
2026-02-14 09:01:49 | INFO     | image_export:exportImages:155 | 转存完成: 成功 9, 失败 0
2026-02-14 09:01:49 | INFO     | image_export:exportImages:79 | 开始转存图片: 1 个文件到 C:\Users\ADMINI~1\AppData\Local\Temp\tmp0ycyod0j\target
2026-02-14 09:01:49 | WARNING  | image_export:exportImages:101 | 源文件不存在: C:\Users\ADMINI~1\AppData\Local\Temp\tmp0ycyod0j\source\nonexistent_0.jpg
2026-02-14 09:01:49 | INFO     | image_export:exportImages:155 | 转存完成: 成功 0, 失败 1
2026-02-14 09:01:49 | INFO     | image_export:exportImages:79 | 开始转存图片: 5 个文件到 C:\Users\ADMINI~1\AppData\Local\Temp\tmpibkr_ni5\target
2026-02-14 09:01:49 | WARNING  | image_export:exportImages:101 | 源文件不存在: C:\Users\ADMINI~1\AppData\Local\Temp\tmpibkr_ni5\source\nonexistent_0.jpg
2026-02-14 09:01:49 | WARNING  | image_export:exportImages:101 | 源文件不存在: C:\Users\ADMINI~1\AppData\Local\Temp\tmpibkr_ni5\source\nonexistent_1.jpg
2026-02-14 09:01:49 | WARNING  | image_export:exportImages:101 | 源文件不存在: C:\Users\ADMINI~1\AppData\Local\Temp\tmpibkr_ni5\source\nonexistent_2.jpg
2026-02-14 09:01:49 | WARNING  | image_export:exportImages:101 | 源文件不存在: C:\Users\ADMINI~1\AppData\Local\Temp\tmpibkr_ni5\source\nonexistent_3.jpg
2026-02-14 09:01:49 | WARNING  | image_export:exportImages:101 | 源文件不存在: C:\Users\ADMINI~1\AppData\Local\Temp\tmpibkr_ni5\source\nonexistent_4.jpg
2026-02-14 09:01:49 | INFO     | image_export:exportImages:155 | 转存完成: 成功 0, 失败 5
2026-02-14 09:01:49 | INFO     | image_export:exportImages:79 | 开始转存图片: 3 个文件到 C:\Users\ADMINI~1\AppData\Local\Temp\tmp8rfp98qa\target
2026-02-14 09:01:49 | WARNING  | image_export:exportImages:101 | 源文件不存在: C:\Users\ADMINI~1\AppData\Local\Temp\tmp8rfp98qa\source\nonexistent_0.jpg
2026-02-14 09:01:49 | WARNING  | image_export:exportImages:101 | 源文件不存在: C:\Users\ADMINI~1\AppData\Local\Temp\tmp8rfp98qa\source\nonexistent_1.jpg
2026-02-14 09:01:49 | WARNING  | image_export:exportImages:101 | 源文件不存在: C:\Users\ADMINI~1\AppData\Local\Temp\tmp8rfp98qa\source\nonexistent_2.jpg
2026-02-14 09:01:49 | INFO     | image_export:exportImages:155 | 转存完成: 成功 0, 失败 3
2026-02-14 09:01:49 | INFO     | image_export:exportImages:79 | 开始转存图片: 4 个文件到 C:\Users\ADMINI~1\AppData\Local\Temp\tmpxsbc68rb\target
2026-02-14 09:01:49 | WARNING  | image_export:exportImages:101 | 源文件不存在: C:\Users\ADMINI~1\AppData\Local\Temp\tmpxsbc68rb\source\nonexistent_0.jpg
2026-02-14 09:01:49 | WARNING  | image_export:exportImages:101 | 源文件不存在: C:\Users\ADMINI~1\AppData\Local\Temp\tmpxsbc68rb\source\nonexistent_1.jpg
2026-02-14 09:01:49 | WARNING  | image_export:exportImages:101 | 源文件不存在: C:\Users\ADMINI~1\AppData\Local\Temp\tmpxsbc68rb\source\nonexistent_2.jpg
2026-02-14 09:01:49 | WARNING  | image_export:exportImages:101 | 源文件不存在: C:\Users\ADMINI~1\AppData\Local\Temp\tmpxsbc68rb\source\nonexistent_3.jpg
2026-02-14 09:01:49 | INFO     | image_export:exportImages:155 | 转存完成: 成功 0, 失败 4
2026-02-14 09:01:49 | INFO     | image_export:exportImages:79 | 开始转存图片: 9 个文件到 C:\Users\ADMINI~1\AppData\Local\Temp\tmpe49nmd_g\target
2026-02-14 09:01:49 | WARNING  | image_export:exportImages:101 | 源文件不存在: C:\Users\ADMINI~1\AppData\Local\Temp\tmpe49nmd_g\source\nonexistent_0.jpg
2026-02-14 09:01:49 | WARNING  | image_export:exportImages:101 | 源文件不存在: C:\Users\ADMINI~1\AppData\Local\Temp\tmpe49nmd_g\source\nonexistent_1.jpg
2026-02-14 09:01:49 | WARNING  | image_export:exportImages:101 | 源文件不存在: C:\Users\ADMINI~1\AppData\Local\Temp\tmpe49nmd_g\source\nonexistent_2.jpg
2026-02-14 09:01:49 | WARNING  | image_export:exportImages:101 | 源文件不存在: C:\Users\ADMINI~1\AppData\Local\Temp\tmpe49nmd_g\source\nonexistent_3.jpg
2026-02-14 09:01:49 | WARNING  | image_export:exportImages:101 | 源文件不存在: C:\Users\ADMINI~1\AppData\Local\Temp\tmpe49nmd_g\source\nonexistent_4.jpg
2026-02-14 09:01:49 | WARNING  | image_export:exportImages:101 | 源文件不存在: C:\Users\ADMINI~1\AppData\Local\Temp\tmpe49nmd_g\source\nonexistent_5.jpg
2026-02-14 09:01:49 | WARNING  | image_export:exportImages:101 | 源文件不存在: C:\Users\ADMINI~1\AppData\Local\Temp\tmpe49nmd_g\source\nonexistent_6.jpg
2026-02-14 09:01:49 | WARNING  | image_export:exportImages:101 | 源文件不存在: C:\Users\ADMINI~1\AppData\Local\Temp\tmpe49nmd_g\source\nonexistent_7.jpg
2026-02-14 09:01:49 | WARNING  | image_export:exportImages:101 | 源文件不存在: C:\Users\ADMINI~1\AppData\Local\Temp\tmpe49nmd_g\source\nonexistent_8.jpg
2026-02-14 09:01:49 | INFO     | image_export:exportImages:155 | 转存完成: 成功 0, 失败 9
2026-02-14 09:01:49 | INFO     | image_export:exportImages:79 | 开始转存图片: 0 个文件到 C:\Users\ADMINI~1\AppData\Local\Temp\tmpvpv9wj6q\target
2026-02-14 09:01:49 | INFO     | image_export:exportImages:155 | 转存完成: 成功 0, 失败 0
2026-02-14 09:01:49 | WARNING  | error_handlers:handle_validation_error:110 | 验证错误: 需要提供 imageId, 字段: imageId
2026-02-14 09:01:49 | INFO     | app:upload_image:122 | 图片上传成功: 11dea5a0-d912-48df-98f0-f56c357168ae, 文件名: test.jpg
2026-02-14 09:01:49 | WARNING  | error_handlers:handle_validation_error:110 | 验证错误: 需要提供 faceId, 字段: faceId
2026-02-14 09:01:49 | INFO     | app:upload_image:122 | 图片上传成功: a39e7c7d-bf9a-489d-adf6-49bd97aca2ce, 文件名: test.jpg
2026-02-14 09:01:49 | WARNING  | error_handlers:handle_validation_error:110 | 验证错误: 需要提供 searchFolder, 字段: searchFolder
2026-02-14 09:01:49 | INFO     | app:upload_image:122 | 图片上传成功: 368a0ade-f34d-41e3-abb9-f2c2e023ecba, 文件名: test.jpg
2026-02-14 09:01:49 | WARNING  | error_handlers:handle_validation_error:110 | 验证错误: threshold 必须在 0 到 1 之间, 字段: threshold
2026-02-14 09:01:49 | WARNING  | error_handlers:handle_not_found_error:125 | 资源未找到: 未找到图片: nonexistent-id, 类型: image, ID: nonexistent-id
2026-02-14 09:01:49 | INFO     | app:upload_image:122 | 图片上传成功: 47eaf4de-8536-4c18-80b2-fe67a8f65e9b, 文件名: test.jpg
2026-02-14 09:01:49 | WARNING  | app:search_faces:298 | 搜索文件夹不存在: /nonexistent/folder
2026-02-14 09:01:49 | WARNING  | error_handlers:handle_validation_error:110 | 验证错误: 搜索文件夹不存在: /nonexistent/folder, 字段: searchFolder
2026-02-14 09:01:49 | INFO     | app:upload_image:122 | 图片上传成功: d8ad1bda-0ce7-4636-8c0f-d3dc0a78d52b, 文件名: test.jpg
2026-02-14 09:01:49 | WARNING  | app:search_faces:301 | 搜索路径不是文件夹: C:\Users\ADMINI~1\AppData\Local\Temp\tmpv1ts58me
2026-02-14 09:01:49 | WARNING  | error_handlers:handle_validation_error:110 | 验证错误: 搜索路径不是文件夹: C:\Users\ADMINI~1\AppData\Local\Temp\tmpv1ts58me, 字段: searchFolder
2026-02-14 09:01:49 | INFO     | app:upload_image:122 | 图片上传成功: e6a65eb1-d2a6-47ac-8d19-78b9195aa6aa, 文件名: test.jpg
2026-02-14 09:01:49 | INFO     | app:detect_faces:209 | 开始检测人脸: e6a65eb1-d2a6-47ac-8d19-78b9195aa6aa
2026-02-14 09:01:49 | INFO     | face_detection:detectFaces:57 | 图片中未检测到人脸: D:\AI_workspace\face-search-app\tests\..\backend\temp_uploads\e6a65eb1-d2a6-47ac-8d19-78b9195aa6aa.jpg
2026-02-14 09:01:49 | WARNING  | app:detect_faces:214 | 图片中未检测到人脸: e6a65eb1-d2a6-47ac-8d19-78b9195aa6aa
2026-02-14 09:01:49 | INFO     | app:upload_image:122 | 图片上传成功: 46689121-b6b5-4ec8-a857-3cef204175b2, 文件名: test.jpg
2026-02-14 09:01:49 | INFO     | app:detect_faces:209 | 开始检测人脸: 46689121-b6b5-4ec8-a857-3cef204175b2
2026-02-14 09:01:49 | INFO     | face_detection:detectFaces:57 | 图片中未检测到人脸: D:\AI_workspace\face-search-app\tests\..\backend\temp_uploads\46689121-b6b5-4ec8-a857-3cef204175b2.jpg
2026-02-14 09:01:49 | WARNING  | app:detect_faces:214 | 图片中未检测到人脸: 46689121-b6b5-4ec8-a857-3cef204175b2
2026-02-14 09:01:49 | INFO     | app:upload_image:122 | 图片上传成功: 8d418978-f493-4451-8c4f-6378477e29e1, 文件名: test.jpg
2026-02-14 09:01:49 | INFO     | app:detect_faces:209 | 开始检测人脸: 8d418978-f493-4451-8c4f-6378477e29e1
2026-02-14 09:01:49 | INFO     | face_detection:detectFaces:57 | 图片中未检测到人脸: D:\AI_workspace\face-search-app\tests\..\backend\temp_uploads\8d418978-f493-4451-8c4f-6378477e29e1.jpg
2026-02-14 09:01:49 | WARNING  | app:detect_faces:214 | 图片中未检测到人脸: 8d418978-f493-4451-8c4f-6378477e29e1
2026-02-14 09:01:49 | WARNING  | error_handlers:handle_not_found_error:125 | 资源未找到: 未找到搜索任务: nonexistent-task-id, 类型: task, ID: nonexistent-task-id
2026-02-14 09:01:49 | INFO     | app:upload_image:122 | 图片上传成功: 5a27159e-280f-4724-af02-d894442c3369, 文件名: test.jpg
2026-02-14 09:01:50 | INFO     | app:detect_faces:209 | 开始检测人脸: 5a27159e-280f-4724-af02-d894442c3369
2026-02-14 09:01:50 | INFO     | face_detection:detectFaces:57 | 图片中未检测到人脸: D:\AI_workspace\face-search-app\tests\..\backend\temp_uploads\5a27159e-280f-4724-af02-d894442c3369.jpg
2026-02-14 09:01:50 | WARNING  | app:detect_faces:214 | 图片中未检测到人脸: 5a27159e-280f-4724-af02-d894442c3369
2026-02-14 09:01:50 | INFO     | app:upload_image:122 | 图片上传成功: 8236f4bf-9b95-43d0-b749-88457fe2b024, 文件名: test.jpg
2026-02-14 09:01:50 | INFO     | app:detect_faces:209 | 开始检测人脸: 8236f4bf-9b95-43d0-b749-88457fe2b024
2026-02-14 09:01:50 | INFO     | face_detection:detectFaces:57 | 图片中未检测到人脸: D:\AI_workspace\face-search-app\tests\..\backend\temp_uploads\8236f4bf-9b95-43d0-b749-88457fe2b024.jpg
2026-02-14 09:01:50 | WARNING  | app:detect_faces:214 | 图片中未检测到人脸: 8236f4bf-9b95-43d0-b749-88457fe2b024
2026-02-14 09:01:50 | WARNING  | error_handlers:handle_not_found_error:125 | 资源未找到: 未找到搜索任务: nonexistent-task-id, 类型: task, ID: nonexistent-task-id
2026-02-14 09:01:50 | INFO     | app:upload_image:122 | 图片上传成功: a7541314-2227-4bb8-91d9-11a9e517034d, 文件名: test.jpg
2026-02-14 09:01:50 | INFO     | app:detect_faces:209 | 开始检测人脸: a7541314-2227-4bb8-91d9-11a9e517034d
2026-02-14 09:01:50 | INFO     | face_detection:detectFaces:57 | 图片中未检测到人脸: D:\AI_workspace\face-search-app\tests\..\backend\temp_uploads\a7541314-2227-4bb8-91d9-11a9e517034d.jpg
2026-02-14 09:01:50 | WARNING  | app:detect_faces:214 | 图片中未检测到人脸: a7541314-2227-4bb8-91d9-11a9e517034d
2026-02-14 09:01:50 | INFO     | app:upload_image:122 | 图片上传成功: e81cec0b-bb39-4991-8583-e655e6d771d1, 文件名: test.jpg
2026-02-14 09:01:50 | INFO     | app:detect_faces:209 | 开始检测人脸: e81cec0b-bb39-4991-8583-e655e6d771d1
2026-02-14 09:01:50 | INFO     | face_detection:detectFaces:57 | 图片中未检测到人脸: D:\AI_workspace\face-search-app\tests\..\backend\temp_uploads\e81cec0b-bb39-4991-8583-e655e6d771d1.jpg
2026-02-14 09:01:50 | WARNING  | app:detect_faces:214 | 图片中未检测到人脸: e81cec0b-bb39-4991-8583-e655e6d771d1
2026-02-14 09:01:50 | INFO     | app:upload_image:122 | 图片上传成功: 6aa212a4-e6ac-4f0c-bebc-d198a8ff182e, 文件名: test_face.jpg
2026-02-14 09:01:50 | INFO     | app:detect_faces:209 | 开始检测人脸: 6aa212a4-e6ac-4f0c-bebc-d198a8ff182e
2026-02-14 09:01:50 | INFO     | face_detection:detectFaces:57 | 图片中未检测到人脸: D:\AI_workspace\face-search-app\tests\..\backend\temp_uploads\6aa212a4-e6ac-4f0c-bebc-d198a8ff182e.jpg
2026-02-14 09:01:50 | WARNING  | app:detect_faces:214 | 图片中未检测到人脸: 6aa212a4-e6ac-4f0c-bebc-d198a8ff182e
2026-02-14 09:01:50 | INFO     | app:upload_image:122 | 图片上传成功: 8df16b2b-b8ec-417b-a789-f403cba0c96c, 文件名: test_face.jpg
2026-02-14 09:01:50 | INFO     | app:detect_faces:209 | 开始检测人脸: 8df16b2b-b8ec-417b-a789-f403cba0c96c
2026-02-14 09:01:50 | INFO     | face_detection:detectFaces:57 | 图片中未检测到人脸: D:\AI_workspace\face-search-app\tests\..\backend\temp_uploads\8df16b2b-b8ec-417b-a789-f403cba0c96c.jpg
2026-02-14 09:01:50 | WARNING  | app:detect_faces:214 | 图片中未检测到人脸: 8df16b2b-b8ec-417b-a789-f403cba0c96c
2026-02-14 09:01:50 | INFO     | app:upload_image:122 | 图片上传成功: 22afa7ec-4100-499a-b5c0-8710cdd8a4c2, 文件名: test.jpg
2026-02-14 09:01:50 | WARNING  | app:search_faces:298 | 搜索文件夹不存在: /nonexistent/folder
2026-02-14 09:01:50 | WARNING  | error_handlers:handle_validation_error:110 | 验证错误: 搜索文件夹不存在: /nonexistent/folder, 字段: searchFolder
2026-02-14 09:01:50 | INFO     | app:upload_image:122 | 图片上传成功: 9c1d657e-19cd-4061-848c-220748fad5c2, 文件名: test_face.jpg
2026-02-14 09:01:50 | INFO     | app:detect_faces:209 | 开始检测人脸: 9c1d657e-19cd-4061-848c-220748fad5c2
2026-02-14 09:01:50 | INFO     | face_detection:detectFaces:57 | 图片中未检测到人脸: D:\AI_workspace\face-search-app\tests\..\backend\temp_uploads\9c1d657e-19cd-4061-848c-220748fad5c2.jpg
2026-02-14 09:01:50 | WARNING  | app:detect_faces:214 | 图片中未检测到人脸: 9c1d657e-19cd-4061-848c-220748fad5c2
2026-02-14 09:01:50 | INFO     | app:upload_image:122 | 图片上传成功: accd09b4-f4de-4ad2-ac0e-34c8cb59c0cf, 文件名: test_face.jpg
2026-02-14 09:01:50 | INFO     | app:detect_faces:209 | 开始检测人脸: accd09b4-f4de-4ad2-ac0e-34c8cb59c0cf
2026-02-14 09:01:50 | INFO     | face_detection:detectFaces:57 | 图片中未检测到人脸: D:\AI_workspace\face-search-app\tests\..\backend\temp_uploads\accd09b4-f4de-4ad2-ac0e-34c8cb59c0cf.jpg
2026-02-14 09:01:50 | WARNING  | app:detect_faces:214 | 图片中未检测到人脸: accd09b4-f4de-4ad2-ac0e-34c8cb59c0cf
2026-02-14 09:01:51 | INFO     | app:upload_image:122 | 图片上传成功: dfae58c2-ac11-4eef-95e2-1f7466cb4b58, 文件名: test_face.jpg
2026-02-14 09:01:51 | INFO     | app:detect_faces:209 | 开始检测人脸: dfae58c2-ac11-4eef-95e2-1f7466cb4b58
2026-02-14 09:01:51 | INFO     | face_detection:detectFaces:57 | 图片中未检测到人脸: D:\AI_workspace\face-search-app\tests\..\backend\temp_uploads\dfae58c2-ac11-4eef-95e2-1f7466cb4b58.jpg
2026-02-14 09:01:51 | WARNING  | app:detect_faces:214 | 图片中未检测到人脸: dfae58c2-ac11-4eef-95e2-1f7466cb4b58
2026-02-14 09:01:51 | INFO     | face_search:searchFaces:70 | 开始搜索人脸: 文件夹=C:\Users\ADMINI~1\AppData\Local\Temp\tmprox0fpvv, 阈值=0.0
2026-02-14 09:01:51 | INFO     | face_search:searchFaces:83 | 扫描完成，找到 2 个图片文件
2026-02-14 09:01:51 | ERROR    | face_detection:detectFaces:76 | 处理图片时发生错误: C:\Users\ADMINI~1\AppData\Local\Temp\tmprox0fpvv\corrupted_0.jpg, 错误: cannot identify image file 'C:\\Users\\ADMINI~1\\AppData\\Local\\Temp\\tmprox0fpvv\\corrupted_0.jpg'
Traceback (most recent call last):
  File "D:\AI_workspace\face-search-app\tests\..\backend\face_detection.py", line 49, in detectFaces
    image = face_recognition.load_image_file(image_path)
  File "D:\AI_workspace\face-search-app\backend\venv\Lib\site-packages\face_recognition\api.py", line 86, in load_image_file
    im = PIL.Image.open(file)
  File "D:\AI_workspace\face-search-app\backend\venv\Lib\site-packages\PIL\Image.py", line 3579, in open
    raise UnidentifiedImageError(msg)
PIL.UnidentifiedImageError: cannot identify image file 'C:\\Users\\ADMINI~1\\AppData\\Local\\Temp\\tmprox0fpvv\\corrupted_0.jpg'
2026-02-14 09:01:51 | INFO     | face_detection:detectFaces:57 | 图片中未检测到人脸: C:\Users\ADMINI~1\AppData\Local\Temp\tmprox0fpvv\valid_0.jpg
2026-02-14 09:01:51 | INFO     | face_search:searchFaces:174 | 搜索完成: 处理 2 个文件, 跳过 2 个文件, 找到 0 个匹配结果, 已取消: False
2026-02-14 09:01:51 | INFO     | face_search:searchFaces:70 | 开始搜索人脸: 文件夹=C:\Users\ADMINI~1\AppData\Local\Temp\tmpfyhphmd8, 阈值=0.7530203799309176
2026-02-14 09:01:51 | INFO     | face_search:searchFaces:83 | 扫描完成，找到 8 个图片文件
2026-02-14 09:01:51 | ERROR    | face_detection:detectFaces:76 | 处理图片时发生错误: C:\Users\ADMINI~1\AppData\Local\Temp\tmpfyhphmd8\corrupted_0.jpg, 错误: cannot identify image file 'C:\\Users\\ADMINI~1\\AppData\\Local\\Temp\\tmpfyhphmd8\\corrupted_0.jpg'
Traceback (most recent call last):
  File "D:\AI_workspace\face-search-app\tests\..\backend\face_detection.py", line 49, in detectFaces
    image = face_recognition.load_image_file(image_path)
  File "D:\AI_workspace\face-search-app\backend\venv\Lib\site-packages\face_recognition\api.py", line 86, in load_image_file
    im = PIL.Image.open(file)
  File "D:\AI_workspace\face-search-app\backend\venv\Lib\site-packages\PIL\Image.py", line 3579, in open
    raise UnidentifiedImageError(msg)
PIL.UnidentifiedImageError: cannot identify image file 'C:\\Users\\ADMINI~1\\AppData\\Local\\Temp\\tmpfyhphmd8\\corrupted_0.jpg'
2026-02-14 09:01:51 | ERROR    | face_detection:detectFaces:76 | 处理图片时发生错误: C:\Users\ADMINI~1\AppData\Local\Temp\tmpfyhphmd8\corrupted_1.jpg, 错误: cannot identify image file 'C:\\Users\\ADMINI~1\\AppData\\Local\\Temp\\tmpfyhphmd8\\corrupted_1.jpg'
Traceback (most recent call last):
  File "D:\AI_workspace\face-search-app\tests\..\backend\face_detection.py", line 49, in detectFaces
    image = face_recognition.load_image_file(image_path)
  File "D:\AI_workspace\face-search-app\backend\venv\Lib\site-packages\face_recognition\api.py", line 86, in load_image_file
    im = PIL.Image.open(file)
  File "D:\AI_workspace\face-search-app\backend\venv\Lib\site-packages\PIL\Image.py", line 3579, in open
    raise UnidentifiedImageError(msg)
PIL.UnidentifiedImageError: cannot identify image file 'C:\\Users\\ADMINI~1\\AppData\\Local\\Temp\\tmpfyhphmd8\\corrupted_1.jpg'
2026-02-14 09:01:51 | ERROR    | face_detection:detectFaces:76 | 处理图片时发生错误: C:\Users\ADMINI~1\AppData\Local\Temp\tmpfyhphmd8\corrupted_2.jpg, 错误: cannot identify image file 'C:\\Users\\ADMINI~1\\AppData\\Local\\Temp\\tmpfyhphmd8\\corrupted_2.jpg'
Traceback (most recent call last):
  File "D:\AI_workspace\face-search-app\tests\..\backend\face_detection.py", line 49, in detectFaces
    image = face_recognition.load_image_file(image_path)
  File "D:\AI_workspace\face-search-app\backend\venv\Lib\site-packages\face_recognition\api.py", line 86, in load_image_file
    im = PIL.Image.open(file)
  File "D:\AI_workspace\face-search-app\backend\venv\Lib\site-packages\PIL\Image.py", line 3579, in open
    raise UnidentifiedImageError(msg)
PIL.UnidentifiedImageError: cannot identify image file 'C:\\Users\\ADMINI~1\\AppData\\Local\\Temp\\tmpfyhphmd8\\corrupted_2.jpg'
2026-02-14 09:01:51 | ERROR    | face_detection:detectFaces:76 | 处理图片时发生错误: C:\Users\ADMINI~1\AppData\Local\Temp\tmpfyhphmd8\corrupted_3.jpg, 错误: cannot identify image file 'C:\\Users\\ADMINI~1\\AppData\\Local\\Temp\\tmpfyhphmd8\\corrupted_3.jpg'
Traceback (most recent call last):
  File "D:\AI_workspace\face-search-app\tests\..\backend\face_detection.py", line 49, in detectFaces
    image = face_recognition.load_image_file(image_path)
  File "D:\AI_workspace\face-search-app\backend\venv\Lib\site-packages\face_recognition\api.py", line 86, in load_image_file
    im = PIL.Image.open(file)
  File "D:\AI_workspace\face-search-app\backend\venv\Lib\site-packages\PIL\Image.py", line 3579, in open
    raise UnidentifiedImageError(msg)
PIL.UnidentifiedImageError: cannot identify image file 'C:\\Users\\ADMINI~1\\AppData\\Local\\Temp\\tmpfyhphmd8\\corrupted_3.jpg'
2026-02-14 09:01:51 | INFO     | face_detection:detectFaces:57 | 图片中未检测到人脸: C:\Users\ADMINI~1\AppData\Local\Temp\tmpfyhphmd8\valid_0.jpg
2026-02-14 09:01:51 | INFO     | face_detection:detectFaces:57 | 图片中未检测到人脸: C:\Users\ADMINI~1\AppData\Local\Temp\tmpfyhphmd8\valid_1.jpg
2026-02-14 09:01:51 | INFO     | face_detection:detectFaces:57 | 图片中未检测到人脸: C:\Users\ADMINI~1\AppData\Local\Temp\tmpfyhphmd8\valid_2.jpg
2026-02-14 09:01:51 | INFO     | face_detection:detectFaces:57 | 图片中未检测到人脸: C:\Users\ADMINI~1\AppData\Local\Temp\tmpfyhphmd8\valid_3.jpg
2026-02-14 09:01:51 | INFO     | face_search:searchFaces:174 | 搜索完成: 处理 8 个文件, 跳过 8 个文件, 找到 0 个匹配结果, 已取消: False
2026-02-14 09:01:51 | INFO     | face_search:searchFaces:70 | 开始搜索人脸: 文件夹=C:\Users\ADMINI~1\AppData\Local\Temp\tmpxwu00cex, 阈值=7.861274878337759e-302
2026-02-14 09:01:51 | INFO     | face_search:searchFaces:83 | 扫描完成，找到 7 个图片文件
2026-02-14 09:01:51 | ERROR    | face_detection:detectFaces:76 | 处理图片时发生错误: C:\Users\ADMINI~1\AppData\Local\Temp\tmpxwu00cex\corrupted_0.jpg, 错误: cannot identify image file 'C:\\Users\\ADMINI~1\\AppData\\Local\\Temp\\tmpxwu00cex\\corrupted_0.jpg'
Traceback (most recent call last):
  File "D:\AI_workspace\face-search-app\tests\..\backend\face_detection.py", line 49, in detectFaces
    image = face_recognition.load_image_file(image_path)
  File "D:\AI_workspace\face-search-app\backend\venv\Lib\site-packages\face_recognition\api.py", line 86, in load_image_file
    im = PIL.Image.open(file)
  File "D:\AI_workspace\face-search-app\backend\venv\Lib\site-packages\PIL\Image.py", line 3579, in open
    raise UnidentifiedImageError(msg)
PIL.UnidentifiedImageError: cannot identify image file 'C:\\Users\\ADMINI~1\\AppData\\Local\\Temp\\tmpxwu00cex\\corrupted_0.jpg'
2026-02-14 09:01:51 | ERROR    | face_detection:detectFaces:76 | 处理图片时发生错误: C:\Users\ADMINI~1\AppData\Local\Temp\tmpxwu00cex\corrupted_1.jpg, 错误: cannot identify image file 'C:\\Users\\ADMINI~1\\AppData\\Local\\Temp\\tmpxwu00cex\\corrupted_1.jpg'
Traceback (most recent call last):
  File "D:\AI_workspace\face-search-app\tests\..\backend\face_detection.py", line 49, in detectFaces
    image = face_recognition.load_image_file(image_path)
  File "D:\AI_workspace\face-search-app\backend\venv\Lib\site-packages\face_recognition\api.py", line 86, in load_image_file
    im = PIL.Image.open(file)
  File "D:\AI_workspace\face-search-app\backend\venv\Lib\site-packages\PIL\Image.py", line 3579, in open
    raise UnidentifiedImageError(msg)
PIL.UnidentifiedImageError: cannot identify image file 'C:\\Users\\ADMINI~1\\AppData\\Local\\Temp\\tmpxwu00cex\\corrupted_1.jpg'
2026-02-14 09:01:51 | INFO     | face_detection:detectFaces:57 | 图片中未检测到人脸: C:\Users\ADMINI~1\AppData\Local\Temp\tmpxwu00cex\valid_0.jpg
2026-02-14 09:01:51 | INFO     | face_detection:detectFaces:57 | 图片中未检测到人脸: C:\Users\ADMINI~1\AppData\Local\Temp\tmpxwu00cex\valid_1.jpg
2026-02-14 09:01:51 | INFO     | face_detection:detectFaces:57 | 图片中未检测到人脸: C:\Users\ADMINI~1\AppData\Local\Temp\tmpxwu00cex\valid_2.jpg
2026-02-14 09:01:51 | INFO     | face_detection:detectFaces:57 | 图片中未检测到人脸: C:\Users\ADMINI~1\AppData\Local\Temp\tmpxwu00cex\valid_3.jpg
2026-02-14 09:01:51 | INFO     | face_detection:detectFaces:57 | 图片中未检测到人脸: C:\Users\ADMINI~1\AppData\Local\Temp\tmpxwu00cex\valid_4.jpg
2026-02-14 09:01:51 | INFO     | face_search:searchFaces:174 | 搜索完成: 处理 7 个文件, 跳过 7 个文件, 找到 0 个匹配结果, 已取消: False
2026-02-14 09:01:51 | INFO     | face_search:searchFaces:70 | 开始搜索人脸: 文件夹=C:\Users\ADMINI~1\AppData\Local\Temp\tmp_7dra7gt, 阈值=5.960464477539063e-08
2026-02-14 09:01:51 | INFO     | face_search:searchFaces:83 | 扫描完成，找到 4 个图片文件
2026-02-14 09:01:51 | ERROR    | face_detection:detectFaces:76 | 处理图片时发生错误: C:\Users\ADMINI~1\AppData\Local\Temp\tmp_7dra7gt\corrupted_0.jpg, 错误: cannot identify image file 'C:\\Users\\ADMINI~1\\AppData\\Local\\Temp\\tmp_7dra7gt\\corrupted_0.jpg'
Traceback (most recent call last):
  File "D:\AI_workspace\face-search-app\tests\..\backend\face_detection.py", line 49, in detectFaces
    image = face_recognition.load_image_file(image_path)
  File "D:\AI_workspace\face-search-app\backend\venv\Lib\site-packages\face_recognition\api.py", line 86, in load_image_file
    im = PIL.Image.open(file)
  File "D:\AI_workspace\face-search-app\backend\venv\Lib\site-packages\PIL\Image.py", line 3579, in open
    raise UnidentifiedImageError(msg)
PIL.UnidentifiedImageError: cannot identify image file 'C:\\Users\\ADMINI~1\\AppData\\Local\\Temp\\tmp_7dra7gt\\corrupted_0.jpg'
2026-02-14 09:01:51 | INFO     | face_detection:detectFaces:57 | 图片中未检测到人脸: C:\Users\ADMINI~1\AppData\Local\Temp\tmp_7dra7gt\valid_0.jpg
2026-02-14 09:01:51 | INFO     | face_detection:detectFaces:57 | 图片中未检测到人脸: C:\Users\ADMINI~1\AppData\Local\Temp\tmp_7dra7gt\valid_1.jpg
2026-02-14 09:01:51 | INFO     | face_detection:detectFaces:57 | 图片中未检测到人脸: C:\Users\ADMINI~1\AppData\Local\Temp\tmp_7dra7gt\valid_2.jpg
2026-02-14 09:01:51 | INFO     | face_search:searchFaces:174 | 搜索完成: 处理 4 个文件, 跳过 4 个文件, 找到 0 个匹配结果, 已取消: False
2026-02-14 09:01:51 | INFO     | face_search:searchFaces:70 | 开始搜索人脸: 文件夹=C:\Users\ADMINI~1\AppData\Local\Temp\tmp_don6nat, 阈值=0.52058229575703
2026-02-14 09:01:51 | INFO     | face_search:searchFaces:83 | 扫描完成，找到 6 个图片文件
2026-02-14 09:01:51 | ERROR    | face_detection:detectFaces:76 | 处理图片时发生错误: C:\Users\ADMINI~1\AppData\Local\Temp\tmp_don6nat\corrupted_0.jpg, 错误: cannot identify image file 'C:\\Users\\ADMINI~1\\AppData\\Local\\Temp\\tmp_don6nat\\corrupted_0.jpg'
Traceback (most recent call last):
  File "D:\AI_workspace\face-search-app\tests\..\backend\face_detection.py", line 49, in detectFaces
    image = face_recognition.load_image_file(image_path)
  File "D:\AI_workspace\face-search-app\backend\venv\Lib\site-packages\face_recognition\api.py", line 86, in load_image_file
    im = PIL.Image.open(file)
  File "D:\AI_workspace\face-search-app\backend\venv\Lib\site-packages\PIL\Image.py", line 3579, in open
    raise UnidentifiedImageError(msg)
PIL.UnidentifiedImageError: cannot identify image file 'C:\\Users\\ADMINI~1\\AppData\\Local\\Temp\\tmp_don6nat\\corrupted_0.jpg'
2026-02-14 09:01:51 | ERROR    | face_detection:detectFaces:76 | 处理图片时发生错误: C:\Users\ADMINI~1\AppData\Local\Temp\tmp_don6nat\corrupted_1.jpg, 错误: cannot identify image file 'C:\\Users\\ADMINI~1\\AppData\\Local\\Temp\\tmp_don6nat\\corrupted_1.jpg'
Traceback (most recent call last):
  File "D:\AI_workspace\face-search-app\tests\..\backend\face_detection.py", line 49, in detectFaces
    image = face_recognition.load_image_file(image_path)
  File "D:\AI_workspace\face-search-app\backend\venv\Lib\site-packages\face_recognition\api.py", line 86, in load_image_file
    im = PIL.Image.open(file)
  File "D:\AI_workspace\face-search-app\backend\venv\Lib\site-packages\PIL\Image.py", line 3579, in open
    raise UnidentifiedImageError(msg)
PIL.UnidentifiedImageError: cannot identify image file 'C:\\Users\\ADMINI~1\\AppData\\Local\\Temp\\tmp_don6nat\\corrupted_1.jpg'
2026-02-14 09:01:51 | ERROR    | face_detection:detectFaces:76 | 处理图片时发生错误: C:\Users\ADMINI~1\AppData\Local\Temp\tmp_don6nat\corrupted_2.jpg, 错误: cannot identify image file 'C:\\Users\\ADMINI~1\\AppData\\Local\\Temp\\tmp_don6nat\\corrupted_2.jpg'
Traceback (most recent call last):
  File "D:\AI_workspace\face-search-app\tests\..\backend\face_detection.py", line 49, in detectFaces
    image = face_recognition.load_image_file(image_path)
  File "D:\AI_workspace\face-search-app\backend\venv\Lib\site-packages\face_recognition\api.py", line 86, in load_image_file
    im = PIL.Image.open(file)
  File "D:\AI_workspace\face-search-app\backend\venv\Lib\site-packages\PIL\Image.py", line 3579, in open
    raise UnidentifiedImageError(msg)
PIL.UnidentifiedImageError: cannot identify image file 'C:\\Users\\ADMINI~1\\AppData\\Local\\Temp\\tmp_don6nat\\corrupted_2.jpg'
2026-02-14 09:01:51 | ERROR    | face_detection:detectFaces:76 | 处理图片时发生错误: C:\Users\ADMINI~1\AppData\Local\Temp\tmp_don6nat\corrupted_3.jpg, 错误: cannot identify image file 'C:\\Users\\ADMINI~1\\AppData\\Local\\Temp\\tmp_don6nat\\corrupted_3.jpg'
Traceback (most recent call last):
  File "D:\AI_workspace\face-search-app\tests\..\backend\face_detection.py", line 49, in detectFaces
    image = face_recognition.load_image_file(image_path)
  File "D:\AI_workspace\face-search-app\backend\venv\Lib\site-packages\face_recognition\api.py", line 86, in load_image_file
    im = PIL.Image.open(file)
  File "D:\AI_workspace\face-search-app\backend\venv\Lib\site-packages\PIL\Image.py", line 3579, in open
    raise UnidentifiedImageError(msg)
PIL.UnidentifiedImageError: cannot identify image file 'C:\\Users\\ADMINI~1\\AppData\\Local\\Temp\\tmp_don6nat\\corrupted_3.jpg'
2026-02-14 09:01:51 | INFO     | face_detection:detectFaces:57 | 图片中未检测到人脸: C:\Users\ADMINI~1\AppData\Local\Temp\tmp_don6nat\valid_0.jpg
2026-02-14 09:01:51 | INFO     | face_detection:detectFaces:57 | 图片中未检测到人脸: C:\Users\ADMINI~1\AppData\Local\Temp\tmp_don6nat\valid_1.jpg
2026-02-14 09:01:51 | INFO     | face_search:searchFaces:174 | 搜索完成: 处理 6 个文件, 跳过 6 个文件, 找到 0 个匹配结果, 已取消: False
2026-02-14 09:01:51 | INFO     | face_search:searchFaces:70 | 开始搜索人脸: 文件夹=C:\Users\ADMINI~1\AppData\Local\Temp\tmplklerrxd, 阈值=0.0
2026-02-14 09:01:51 | INFO     | face_search:searchFaces:83 | 扫描完成，找到 3 个图片文件
2026-02-14 09:01:51 | ERROR    | face_detection:detectFaces:76 | 处理图片时发生错误: C:\Users\ADMINI~1\AppData\Local\Temp\tmplklerrxd\corrupted_0.png, 错误: cannot identify image file 'C:\\Users\\ADMINI~1\\AppData\\Local\\Temp\\tmplklerrxd\\corrupted_0.png'
Traceback (most recent call last):
  File "D:\AI_workspace\face-search-app\tests\..\backend\face_detection.py", line 49, in detectFaces
    image = face_recognition.load_image_file(image_path)
  File "D:\AI_workspace\face-search-app\backend\venv\Lib\site-packages\face_recognition\api.py", line 86, in load_image_file
    im = PIL.Image.open(file)
  File "D:\AI_workspace\face-search-app\backend\venv\Lib\site-packages\PIL\Image.py", line 3579, in open
    raise UnidentifiedImageError(msg)
PIL.UnidentifiedImageError: cannot identify image file 'C:\\Users\\ADMINI~1\\AppData\\Local\\Temp\\tmplklerrxd\\corrupted_0.png'
2026-02-14 09:01:51 | ERROR    | face_detection:detectFaces:76 | 处理图片时发生错误: C:\Users\ADMINI~1\AppData\Local\Temp\tmplklerrxd\corrupted_1.png, 错误: cannot identify image file 'C:\\Users\\ADMINI~1\\AppData\\Local\\Temp\\tmplklerrxd\\corrupted_1.png'
Traceback (most recent call last):
  File "D:\AI_workspace\face-search-app\tests\..\backend\face_detection.py", line 49, in detectFaces
    image = face_recognition.load_image_file(image_path)
  File "D:\AI_workspace\face-search-app\backend\venv\Lib\site-packages\face_recognition\api.py", line 86, in load_image_file
    im = PIL.Image.open(file)
  File "D:\AI_workspace\face-search-app\backend\venv\Lib\site-packages\PIL\Image.py", line 3579, in open
    raise UnidentifiedImageError(msg)
PIL.UnidentifiedImageError: cannot identify image file 'C:\\Users\\ADMINI~1\\AppData\\Local\\Temp\\tmplklerrxd\\corrupted_1.png'
2026-02-14 09:01:51 | ERROR    | face_detection:detectFaces:76 | 处理图片时发生错误: C:\Users\ADMINI~1\AppData\Local\Temp\tmplklerrxd\corrupted_2.png, 错误: cannot identify image file 'C:\\Users\\ADMINI~1\\AppData\\Local\\Temp\\tmplklerrxd\\corrupted_2.png'
Traceback (most recent call last):
  File "D:\AI_workspace\face-search-app\tests\..\backend\face_detection.py", line 49, in detectFaces
    image = face_recognition.load_image_file(image_path)
  File "D:\AI_workspace\face-search-app\backend\venv\Lib\site-packages\face_recognition\api.py", line 86, in load_image_file
    im = PIL.Image.open(file)
  File "D:\AI_workspace\face-search-app\backend\venv\Lib\site-packages\PIL\Image.py", line 3579, in open
    raise UnidentifiedImageError(msg)
PIL.UnidentifiedImageError: cannot identify image file 'C:\\Users\\ADMINI~1\\AppData\\Local\\Temp\\tmplklerrxd\\corrupted_2.png'
2026-02-14 09:01:51 | INFO     | face_search:searchFaces:174 | 搜索完成: 处理 3 个文件, 跳过 3 个文件, 找到 0 个匹配结果, 已取消: False
2026-02-14 09:01:51 | INFO     | face_search:searchFaces:70 | 开始搜索人脸: 文件夹=C:\Users\ADMINI~1\AppData\Local\Temp\tmpztx7goff, 阈值=0.45752897497739486
2026-02-14 09:01:51 | INFO     | face_search:searchFaces:83 | 扫描完成，找到 3 个图片文件
2026-02-14 09:01:51 | ERROR    | face_detection:detectFaces:76 | 处理图片时发生错误: C:\Users\ADMINI~1\AppData\Local\Temp\tmpztx7goff\corrupted_0.png, 错误: cannot identify image file 'C:\\Users\\ADMINI~1\\AppData\\Local\\Temp\\tmpztx7goff\\corrupted_0.png'
Traceback (most recent call last):
  File "D:\AI_workspace\face-search-app\tests\..\backend\face_detection.py", line 49, in detectFaces
    image = face_recognition.load_image_file(image_path)
  File "D:\AI_workspace\face-search-app\backend\venv\Lib\site-packages\face_recognition\api.py", line 86, in load_image_file
    im = PIL.Image.open(file)
  File "D:\AI_workspace\face-search-app\backend\venv\Lib\site-packages\PIL\Image.py", line 3579, in open
    raise UnidentifiedImageError(msg)
PIL.UnidentifiedImageError: cannot identify image file 'C:\\Users\\ADMINI~1\\AppData\\Local\\Temp\\tmpztx7goff\\corrupted_0.png'
2026-02-14 09:01:51 | ERROR    | face_detection:detectFaces:76 | 处理图片时发生错误: C:\Users\ADMINI~1\AppData\Local\Temp\tmpztx7goff\corrupted_1.png, 错误: cannot identify image file 'C:\\Users\\ADMINI~1\\AppData\\Local\\Temp\\tmpztx7goff\\corrupted_1.png'
Traceback (most recent call last):
  File "D:\AI_workspace\face-search-app\tests\..\backend\face_detection.py", line 49, in detectFaces
    image = face_recognition.load_image_file(image_path)
  File "D:\AI_workspace\face-search-app\backend\venv\Lib\site-packages\face_recognition\api.py", line 86, in load_image_file
    im = PIL.Image.open(file)
  File "D:\AI_workspace\face-search-app\backend\venv\Lib\site-packages\PIL\Image.py", line 3579, in open
    raise UnidentifiedImageError(msg)
PIL.UnidentifiedImageError: cannot identify image file 'C:\\Users\\ADMINI~1\\AppData\\Local\\Temp\\tmpztx7goff\\corrupted_1.png'
2026-02-14 09:01:51 | ERROR    | face_detection:detectFaces:76 | 处理图片时发生错误: C:\Users\ADMINI~1\AppData\Local\Temp\tmpztx7goff\corrupted_2.png, 错误: cannot identify image file 'C:\\Users\\ADMINI~1\\AppData\\Local\\Temp\\tmpztx7goff\\corrupted_2.png'
Traceback (most recent call last):
  File "D:\AI_workspace\face-search-app\tests\..\backend\face_detection.py", line 49, in detectFaces
    image = face_recognition.load_image_file(image_path)
  File "D:\AI_workspace\face-search-app\backend\venv\Lib\site-packages\face_recognition\api.py", line 86, in load_image_file
    im = PIL.Image.open(file)
  File "D:\AI_workspace\face-search-app\backend\venv\Lib\site-packages\PIL\Image.py", line 3579, in open
    raise UnidentifiedImageError(msg)
PIL.UnidentifiedImageError: cannot identify image file 'C:\\Users\\ADMINI~1\\AppData\\Local\\Temp\\tmpztx7goff\\corrupted_2.png'
2026-02-14 09:01:51 | INFO     | face_search:searchFaces:174 | 搜索完成: 处理 3 个文件, 跳过 3 个文件, 找到 0 个匹配结果, 已取消: False
2026-02-14 09:01:51 | INFO     | face_search:searchFaces:70 | 开始搜索人脸: 文件夹=C:\Users\ADMINI~1\AppData\Local\Temp\tmp98q7tpkr, 阈值=2.2250738585e-313
2026-02-14 09:01:51 | INFO     | face_search:searchFaces:83 | 扫描完成，找到 3 个图片文件
2026-02-14 09:01:51 | ERROR    | face_detection:detectFaces:76 | 处理图片时发生错误: C:\Users\ADMINI~1\AppData\Local\Temp\tmp98q7tpkr\corrupted_0.png, 错误: cannot identify image file 'C:\\Users\\ADMINI~1\\AppData\\Local\\Temp\\tmp98q7tpkr\\corrupted_0.png'
Traceback (most recent call last):
  File "D:\AI_workspace\face-search-app\tests\..\backend\face_detection.py", line 49, in detectFaces
    image = face_recognition.load_image_file(image_path)
  File "D:\AI_workspace\face-search-app\backend\venv\Lib\site-packages\face_recognition\api.py", line 86, in load_image_file
    im = PIL.Image.open(file)
  File "D:\AI_workspace\face-search-app\backend\venv\Lib\site-packages\PIL\Image.py", line 3579, in open
    raise UnidentifiedImageError(msg)
PIL.UnidentifiedImageError: cannot identify image file 'C:\\Users\\ADMINI~1\\AppData\\Local\\Temp\\tmp98q7tpkr\\corrupted_0.png'
2026-02-14 09:01:51 | ERROR    | face_detection:detectFaces:76 | 处理图片时发生错误: C:\Users\ADMINI~1\AppData\Local\Temp\tmp98q7tpkr\corrupted_1.png, 错误: cannot identify image file 'C:\\Users\\ADMINI~1\\AppData\\Local\\Temp\\tmp98q7tpkr\\corrupted_1.png'
Traceback (most recent call last):
  File "D:\AI_workspace\face-search-app\tests\..\backend\face_detection.py", line 49, in detectFaces
    image = face_recognition.load_image_file(image_path)
  File "D:\AI_workspace\face-search-app\backend\venv\Lib\site-packages\face_recognition\api.py", line 86, in load_image_file
    im = PIL.Image.open(file)
  File "D:\AI_workspace\face-search-app\backend\venv\Lib\site-packages\PIL\Image.py", line 3579, in open
    raise UnidentifiedImageError(msg)
PIL.UnidentifiedImageError: cannot identify image file 'C:\\Users\\ADMINI~1\\AppData\\Local\\Temp\\tmp98q7tpkr\\corrupted_1.png'
2026-02-14 09:01:51 | ERROR    | face_detection:detectFaces:76 | 处理图片时发生错误: C:\Users\ADMINI~1\AppData\Local\Temp\tmp98q7tpkr\corrupted_2.png, 错误: cannot identify image file 'C:\\Users\\ADMINI~1\\AppData\\Local\\Temp\\tmp98q7tpkr\\corrupted_2.png'
Traceback (most recent call last):
  File "D:\AI_workspace\face-search-app\tests\..\backend\face_detection.py", line 49, in detectFaces
    image = face_recognition.load_image_file(image_path)
  File "D:\AI_workspace\face-search-app\backend\venv\Lib\site-packages\face_recognition\api.py", line 86, in load_image_file
    im = PIL.Image.open(file)
  File "D:\AI_workspace\face-search-app\backend\venv\Lib\site-packages\PIL\Image.py", line 3579, in open
    raise UnidentifiedImageError(msg)
PIL.UnidentifiedImageError: cannot identify image file 'C:\\Users\\ADMINI~1\\AppData\\Local\\Temp\\tmp98q7tpkr\\corrupted_2.png'
2026-02-14 09:01:51 | INFO     | face_search:searchFaces:174 | 搜索完成: 处理 3 个文件, 跳过 3 个文件, 找到 0 个匹配结果, 已取消: False
2026-02-14 09:01:51 | INFO     | face_search:searchFaces:70 | 开始搜索人脸: 文件夹=C:\Users\ADMINI~1\AppData\Local\Temp\tmpshja7ziq, 阈值=0.43711793885904104
2026-02-14 09:01:51 | INFO     | face_search:searchFaces:83 | 扫描完成，找到 3 个图片文件
2026-02-14 09:01:51 | ERROR    | face_detection:detectFaces:76 | 处理图片时发生错误: C:\Users\ADMINI~1\AppData\Local\Temp\tmpshja7ziq\corrupted_0.png, 错误: cannot identify image file 'C:\\Users\\ADMINI~1\\AppData\\Local\\Temp\\tmpshja7ziq\\corrupted_0.png'
Traceback (most recent call last):
  File "D:\AI_workspace\face-search-app\tests\..\backend\face_detection.py", line 49, in detectFaces
    image = face_recognition.load_image_file(image_path)
  File "D:\AI_workspace\face-search-app\backend\venv\Lib\site-packages\face_recognition\api.py", line 86, in load_image_file
    im = PIL.Image.open(file)
  File "D:\AI_workspace\face-search-app\backend\venv\Lib\site-packages\PIL\Image.py", line 3579, in open
    raise UnidentifiedImageError(msg)
PIL.UnidentifiedImageError: cannot identify image file 'C:\\Users\\ADMINI~1\\AppData\\Local\\Temp\\tmpshja7ziq\\corrupted_0.png'
2026-02-14 09:01:51 | ERROR    | face_detection:detectFaces:76 | 处理图片时发生错误: C:\Users\ADMINI~1\AppData\Local\Temp\tmpshja7ziq\corrupted_1.png, 错误: cannot identify image file 'C:\\Users\\ADMINI~1\\AppData\\Local\\Temp\\tmpshja7ziq\\corrupted_1.png'
Traceback (most recent call last):
  File "D:\AI_workspace\face-search-app\tests\..\backend\face_detection.py", line 49, in detectFaces
    image = face_recognition.load_image_file(image_path)
  File "D:\AI_workspace\face-search-app\backend\venv\Lib\site-packages\face_recognition\api.py", line 86, in load_image_file
    im = PIL.Image.open(file)
  File "D:\AI_workspace\face-search-app\backend\venv\Lib\site-packages\PIL\Image.py", line 3579, in open
    raise UnidentifiedImageError(msg)
PIL.UnidentifiedImageError: cannot identify image file 'C:\\Users\\ADMINI~1\\AppData\\Local\\Temp\\tmpshja7ziq\\corrupted_1.png'
2026-02-14 09:01:51 | ERROR    | face_detection:detectFaces:76 | 处理图片时发生错误: C:\Users\ADMINI~1\AppData\Local\Temp\tmpshja7ziq\corrupted_2.png, 错误: cannot identify image file 'C:\\Users\\ADMINI~1\\AppData\\Local\\Temp\\tmpshja7ziq\\corrupted_2.png'
Traceback (most recent call last):
  File "D:\AI_workspace\face-search-app\tests\..\backend\face_detection.py", line 49, in detectFaces
    image = face_recognition.load_image_file(image_path)
  File "D:\AI_workspace\face-search-app\backend\venv\Lib\site-packages\face_recognition\api.py", line 86, in load_image_file
    im = PIL.Image.open(file)
  File "D:\AI_workspace\face-search-app\backend\venv\Lib\site-packages\PIL\Image.py", line 3579, in open
    raise UnidentifiedImageError(msg)
PIL.UnidentifiedImageError: cannot identify image file 'C:\\Users\\ADMINI~1\\AppData\\Local\\Temp\\tmpshja7ziq\\corrupted_2.png'
2026-02-14 09:01:51 | INFO     | face_search:searchFaces:174 | 搜索完成: 处理 3 个文件, 跳过 3 个文件, 找到 0 个匹配结果, 已取消: False
2026-02-14 09:01:51 | INFO     | face_search:searchFaces:70 | 开始搜索人脸: 文件夹=C:\Users\ADMINI~1\AppData\Local\Temp\tmpckb1lntz, 阈值=0.9999999999999999
2026-02-14 09:01:51 | INFO     | face_search:searchFaces:83 | 扫描完成，找到 3 个图片文件
2026-02-14 09:01:51 | ERROR    | face_detection:detectFaces:76 | 处理图片时发生错误: C:\Users\ADMINI~1\AppData\Local\Temp\tmpckb1lntz\corrupted_0.png, 错误: cannot identify image file 'C:\\Users\\ADMINI~1\\AppData\\Local\\Temp\\tmpckb1lntz\\corrupted_0.png'
Traceback (most recent call last):
  File "D:\AI_workspace\face-search-app\tests\..\backend\face_detection.py", line 49, in detectFaces
    image = face_recognition.load_image_file(image_path)
  File "D:\AI_workspace\face-search-app\backend\venv\Lib\site-packages\face_recognition\api.py", line 86, in load_image_file
    im = PIL.Image.open(file)
  File "D:\AI_workspace\face-search-app\backend\venv\Lib\site-packages\PIL\Image.py", line 3579, in open
    raise UnidentifiedImageError(msg)
PIL.UnidentifiedImageError: cannot identify image file 'C:\\Users\\ADMINI~1\\AppData\\Local\\Temp\\tmpckb1lntz\\corrupted_0.png'
2026-02-14 09:01:51 | ERROR    | face_detection:detectFaces:76 | 处理图片时发生错误: C:\Users\ADMINI~1\AppData\Local\Temp\tmpckb1lntz\corrupted_1.png, 错误: cannot identify image file 'C:\\Users\\ADMINI~1\\AppData\\Local\\Temp\\tmpckb1lntz\\corrupted_1.png'
Traceback (most recent call last):
  File "D:\AI_workspace\face-search-app\tests\..\backend\face_detection.py", line 49, in detectFaces
    image = face_recognition.load_image_file(image_path)
  File "D:\AI_workspace\face-search-app\backend\venv\Lib\site-packages\face_recognition\api.py", line 86, in load_image_file
    im = PIL.Image.open(file)
  File "D:\AI_workspace\face-search-app\backend\venv\Lib\site-packages\PIL\Image.py", line 3579, in open
    raise UnidentifiedImageError(msg)
PIL.UnidentifiedImageError: cannot identify image file 'C:\\Users\\ADMINI~1\\AppData\\Local\\Temp\\tmpckb1lntz\\corrupted_1.png'
2026-02-14 09:01:51 | ERROR    | face_detection:detectFaces:76 | 处理图片时发生错误: C:\Users\ADMINI~1\AppData\Local\Temp\tmpckb1lntz\corrupted_2.png, 错误: cannot identify image file 'C:\\Users\\ADMINI~1\\AppData\\Local\\Temp\\tmpckb1lntz\\corrupted_2.png'
Traceback (most recent call last):
  File "D:\AI_workspace\face-search-app\tests\..\backend\face_detection.py", line 49, in detectFaces
    image = face_recognition.load_image_file(image_path)
  File "D:\AI_workspace\face-search-app\backend\venv\Lib\site-packages\face_recognition\api.py", line 86, in load_image_file
    im = PIL.Image.open(file)
  File "D:\AI_workspace\face-search-app\backend\venv\Lib\site-packages\PIL\Image.py", line 3579, in open
    raise UnidentifiedImageError(msg)
PIL.UnidentifiedImageError: cannot identify image file 'C:\\Users\\ADMINI~1\\AppData\\Local\\Temp\\tmpckb1lntz\\corrupted_2.png'
2026-02-14 09:01:51 | INFO     | face_search:searchFaces:174 | 搜索完成: 处理 3 个文件, 跳过 3 个文件, 找到 0 个匹配结果, 已取消: False
2026-02-14 09:01:51 | INFO     | face_search:searchFaces:70 | 开始搜索人脸: 文件夹=C:\Users\ADMINI~1\AppData\Local\Temp\tmppbemy1hu, 阈值=0.0
2026-02-14 09:01:51 | INFO     | face_search:searchFaces:83 | 扫描完成，找到 1 个图片文件
2026-02-14 09:01:52 | INFO     | face_detection:detectFaces:57 | 图片中未检测到人脸: C:\Users\ADMINI~1\AppData\Local\Temp\tmppbemy1hu\image_0.jpg
2026-02-14 09:01:52 | INFO     | face_search:searchFaces:174 | 搜索完成: 处理 1 个文件, 跳过 1 个文件, 找到 0 个匹配结果, 已取消: False
2026-02-14 09:01:52 | INFO     | face_search:searchFaces:70 | 开始搜索人脸: 文件夹=C:\Users\ADMINI~1\AppData\Local\Temp\tmppbemy1hu, 阈值=0.0
2026-02-14 09:01:52 | INFO     | face_search:searchFaces:83 | 扫描完成，找到 1 个图片文件
2026-02-14 09:01:52 | INFO     | face_detection:detectFaces:57 | 图片中未检测到人脸: C:\Users\ADMINI~1\AppData\Local\Temp\tmppbemy1hu\image_0.jpg
2026-02-14 09:01:52 | INFO     | face_search:searchFaces:174 | 搜索完成: 处理 1 个文件, 跳过 1 个文件, 找到 0 个匹配结果, 已取消: False
2026-02-14 09:01:52 | INFO     | face_search:searchFaces:70 | 开始搜索人脸: 文件夹=C:\Users\ADMINI~1\AppData\Local\Temp\tmpxwj7m7ng, 阈值=0.328908675748705
2026-02-14 09:01:52 | INFO     | face_search:searchFaces:83 | 扫描完成，找到 4 个图片文件
2026-02-14 09:01:52 | INFO     | face_detection:detectFaces:57 | 图片中未检测到人脸: C:\Users\ADMINI~1\AppData\Local\Temp\tmpxwj7m7ng\image_0.jpg
2026-02-14 09:01:52 | INFO     | face_detection:detectFaces:57 | 图片中未检测到人脸: C:\Users\ADMINI~1\AppData\Local\Temp\tmpxwj7m7ng\image_1.jpg
2026-02-14 09:01:52 | INFO     | face_detection:detectFaces:57 | 图片中未检测到人脸: C:\Users\ADMINI~1\AppData\Local\Temp\tmpxwj7m7ng\image_2.jpg
2026-02-14 09:01:52 | INFO     | face_detection:detectFaces:57 | 图片中未检测到人脸: C:\Users\ADMINI~1\AppData\Local\Temp\tmpxwj7m7ng\image_3.jpg
2026-02-14 09:01:52 | INFO     | face_search:searchFaces:174 | 搜索完成: 处理 4 个文件, 跳过 4 个文件, 找到 0 个匹配结果, 已取消: False
2026-02-14 09:01:52 | INFO     | face_search:searchFaces:70 | 开始搜索人脸: 文件夹=C:\Users\ADMINI~1\AppData\Local\Temp\tmpxwj7m7ng, 阈值=0.328908675748705
2026-02-14 09:01:52 | INFO     | face_search:searchFaces:83 | 扫描完成，找到 4 个图片文件
2026-02-14 09:01:52 | INFO     | face_detection:detectFaces:57 | 图片中未检测到人脸: C:\Users\ADMINI~1\AppData\Local\Temp\tmpxwj7m7ng\image_0.jpg
2026-02-14 09:01:52 | INFO     | face_detection:detectFaces:57 | 图片中未检测到人脸: C:\Users\ADMINI~1\AppData\Local\Temp\tmpxwj7m7ng\image_1.jpg
2026-02-14 09:01:52 | INFO     | face_detection:detectFaces:57 | 图片中未检测到人脸: C:\Users\ADMINI~1\AppData\Local\Temp\tmpxwj7m7ng\image_2.jpg
2026-02-14 09:01:52 | INFO     | face_detection:detectFaces:57 | 图片中未检测到人脸: C:\Users\ADMINI~1\AppData\Local\Temp\tmpxwj7m7ng\image_3.jpg
2026-02-14 09:01:52 | INFO     | face_search:searchFaces:174 | 搜索完成: 处理 4 个文件, 跳过 4 个文件, 找到 0 个匹配结果, 已取消: False
2026-02-14 09:01:52 | INFO     | face_search:searchFaces:70 | 开始搜索人脸: 文件夹=C:\Users\ADMINI~1\AppData\Local\Temp\tmpw_az1na9, 阈值=0.89417454031624
2026-02-14 09:01:52 | INFO     | face_search:searchFaces:83 | 扫描完成，找到 2 个图片文件
2026-02-14 09:01:52 | INFO     | face_detection:detectFaces:57 | 图片中未检测到人脸: C:\Users\ADMINI~1\AppData\Local\Temp\tmpw_az1na9\image_0.jpg
2026-02-14 09:01:52 | INFO     | face_detection:detectFaces:57 | 图片中未检测到人脸: C:\Users\ADMINI~1\AppData\Local\Temp\tmpw_az1na9\image_1.jpg
2026-02-14 09:01:52 | INFO     | face_search:searchFaces:174 | 搜索完成: 处理 2 个文件, 跳过 2 个文件, 找到 0 个匹配结果, 已取消: False
2026-02-14 09:01:52 | INFO     | face_search:searchFaces:70 | 开始搜索人脸: 文件夹=C:\Users\ADMINI~1\AppData\Local\Temp\tmpw_az1na9, 阈值=0.89417454031624
2026-02-14 09:01:52 | INFO     | face_search:searchFaces:83 | 扫描完成，找到 2 个图片文件
2026-02-14 09:01:52 | INFO     | face_detection:detectFaces:57 | 图片中未检测到人脸: C:\Users\ADMINI~1\AppData\Local\Temp\tmpw_az1na9\image_0.jpg
2026-02-14 09:01:52 | INFO     | face_detection:detectFaces:57 | 图片中未检测到人脸: C:\Users\ADMINI~1\AppData\Local\Temp\tmpw_az1na9\image_1.jpg
2026-02-14 09:01:52 | INFO     | face_search:searchFaces:174 | 搜索完成: 处理 2 个文件, 跳过 2 个文件, 找到 0 个匹配结果, 已取消: False
2026-02-14 09:01:52 | INFO     | face_search:searchFaces:70 | 开始搜索人脸: 文件夹=C:\Users\ADMINI~1\AppData\Local\Temp\tmp8mm5pdx5, 阈值=0.3966850627788162
2026-02-14 09:01:52 | INFO     | face_search:searchFaces:83 | 扫描完成，找到 3 个图片文件
2026-02-14 09:01:52 | INFO     | face_detection:detectFaces:57 | 图片中未检测到人脸: C:\Users\ADMINI~1\AppData\Local\Temp\tmp8mm5pdx5\image_0.jpg
2026-02-14 09:01:52 | INFO     | face_detection:detectFaces:57 | 图片中未检测到人脸: C:\Users\ADMINI~1\AppData\Local\Temp\tmp8mm5pdx5\image_1.jpg
2026-02-14 09:01:52 | INFO     | face_detection:detectFaces:57 | 图片中未检测到人脸: C:\Users\ADMINI~1\AppData\Local\Temp\tmp8mm5pdx5\image_2.jpg
2026-02-14 09:01:52 | INFO     | face_search:searchFaces:174 | 搜索完成: 处理 3 个文件, 跳过 3 个文件, 找到 0 个匹配结果, 已取消: False
2026-02-14 09:01:52 | INFO     | face_search:searchFaces:70 | 开始搜索人脸: 文件夹=C:\Users\ADMINI~1\AppData\Local\Temp\tmp8mm5pdx5, 阈值=0.3966850627788162
2026-02-14 09:01:52 | INFO     | face_search:searchFaces:83 | 扫描完成，找到 3 个图片文件
2026-02-14 09:01:52 | INFO     | face_detection:detectFaces:57 | 图片中未检测到人脸: C:\Users\ADMINI~1\AppData\Local\Temp\tmp8mm5pdx5\image_0.jpg
2026-02-14 09:01:52 | INFO     | face_detection:detectFaces:57 | 图片中未检测到人脸: C:\Users\ADMINI~1\AppData\Local\Temp\tmp8mm5pdx5\image_1.jpg
2026-02-14 09:01:52 | INFO     | face_detection:detectFaces:57 | 图片中未检测到人脸: C:\Users\ADMINI~1\AppData\Local\Temp\tmp8mm5pdx5\image_2.jpg
2026-02-14 09:01:52 | INFO     | face_search:searchFaces:174 | 搜索完成: 处理 3 个文件, 跳过 3 个文件, 找到 0 个匹配结果, 已取消: False
2026-02-14 09:01:52 | INFO     | face_search:searchFaces:70 | 开始搜索人脸: 文件夹=C:\Users\ADMINI~1\AppData\Local\Temp\tmpzk8arp1v, 阈值=0.7977693644099735
2026-02-14 09:01:52 | INFO     | face_search:searchFaces:83 | 扫描完成，找到 4 个图片文件
2026-02-14 09:01:52 | INFO     | face_detection:detectFaces:57 | 图片中未检测到人脸: C:\Users\ADMINI~1\AppData\Local\Temp\tmpzk8arp1v\image_0.jpg
2026-02-14 09:01:52 | INFO     | face_detection:detectFaces:57 | 图片中未检测到人脸: C:\Users\ADMINI~1\AppData\Local\Temp\tmpzk8arp1v\image_1.jpg
2026-02-14 09:01:52 | INFO     | face_detection:detectFaces:57 | 图片中未检测到人脸: C:\Users\ADMINI~1\AppData\Local\Temp\tmpzk8arp1v\image_2.jpg
2026-02-14 09:01:52 | INFO     | face_detection:detectFaces:57 | 图片中未检测到人脸: C:\Users\ADMINI~1\AppData\Local\Temp\tmpzk8arp1v\image_3.jpg
2026-02-14 09:01:52 | INFO     | face_search:searchFaces:174 | 搜索完成: 处理 4 个文件, 跳过 4 个文件, 找到 0 个匹配结果, 已取消: False
2026-02-14 09:01:52 | INFO     | face_search:searchFaces:70 | 开始搜索人脸: 文件夹=C:\Users\ADMINI~1\AppData\Local\Temp\tmpzk8arp1v, 阈值=0.7977693644099735
2026-02-14 09:01:52 | INFO     | face_search:searchFaces:83 | 扫描完成，找到 4 个图片文件
2026-02-14 09:01:52 | INFO     | face_detection:detectFaces:57 | 图片中未检测到人脸: C:\Users\ADMINI~1\AppData\Local\Temp\tmpzk8arp1v\image_0.jpg
2026-02-14 09:01:52 | INFO     | face_detection:detectFaces:57 | 图片中未检测到人脸: C:\Users\ADMINI~1\AppData\Local\Temp\tmpzk8arp1v\image_1.jpg
2026-02-14 09:01:52 | INFO     | face_detection:detectFaces:57 | 图片中未检测到人脸: C:\Users\ADMINI~1\AppData\Local\Temp\tmpzk8arp1v\image_2.jpg
2026-02-14 09:01:52 | INFO     | face_detection:detectFaces:57 | 图片中未检测到人脸: C:\Users\ADMINI~1\AppData\Local\Temp\tmpzk8arp1v\image_3.jpg
2026-02-14 09:01:52 | INFO     | face_search:searchFaces:174 | 搜索完成: 处理 4 个文件, 跳过 4 个文件, 找到 0 个匹配结果, 已取消: False
2026-02-14 09:01:52 | INFO     | face_search:searchFaces:70 | 开始搜索人脸: 文件夹=C:\Users\ADMINI~1\AppData\Local\Temp\tmplq711gza, 阈值=0.0
2026-02-14 09:01:52 | INFO     | face_search:searchFaces:83 | 扫描完成，找到 1 个图片文件
2026-02-14 09:01:52 | INFO     | face_detection:detectFaces:57 | 图片中未检测到人脸: C:\Users\ADMINI~1\AppData\Local\Temp\tmplq711gza\test_0.jpg
2026-02-14 09:01:52 | INFO     | face_search:searchFaces:174 | 搜索完成: 处理 1 个文件, 跳过 1 个文件, 找到 0 个匹配结果, 已取消: False
2026-02-14 09:01:52 | INFO     | face_search:searchFaces:70 | 开始搜索人脸: 文件夹=C:\Users\ADMINI~1\AppData\Local\Temp\tmp_lrrjfe3, 阈值=0.0
2026-02-14 09:01:52 | INFO     | face_search:searchFaces:83 | 扫描完成，找到 2 个图片文件
2026-02-14 09:01:52 | INFO     | face_detection:detectFaces:57 | 图片中未检测到人脸: C:\Users\ADMINI~1\AppData\Local\Temp\tmp_lrrjfe3\test_0.jpg
2026-02-14 09:01:52 | INFO     | face_detection:detectFaces:57 | 图片中未检测到人脸: C:\Users\ADMINI~1\AppData\Local\Temp\tmp_lrrjfe3\test_1.jpg
2026-02-14 09:01:52 | INFO     | face_search:searchFaces:174 | 搜索完成: 处理 2 个文件, 跳过 2 个文件, 找到 0 个匹配结果, 已取消: False
2026-02-14 09:01:52 | INFO     | face_search:searchFaces:70 | 开始搜索人脸: 文件夹=C:\Users\ADMINI~1\AppData\Local\Temp\tmplj7pyvez, 阈值=0.9648704922731455
2026-02-14 09:01:52 | INFO     | face_search:searchFaces:83 | 扫描完成，找到 6 个图片文件
2026-02-14 09:01:52 | INFO     | face_detection:detectFaces:57 | 图片中未检测到人脸: C:\Users\ADMINI~1\AppData\Local\Temp\tmplj7pyvez\test_0.jpg
2026-02-14 09:01:52 | INFO     | face_detection:detectFaces:57 | 图片中未检测到人脸: C:\Users\ADMINI~1\AppData\Local\Temp\tmplj7pyvez\test_1.jpg
2026-02-14 09:01:52 | INFO     | face_detection:detectFaces:57 | 图片中未检测到人脸: C:\Users\ADMINI~1\AppData\Local\Temp\tmplj7pyvez\test_2.jpg
2026-02-14 09:01:52 | INFO     | face_detection:detectFaces:57 | 图片中未检测到人脸: C:\Users\ADMINI~1\AppData\Local\Temp\tmplj7pyvez\test_3.jpg
2026-02-14 09:01:52 | INFO     | face_detection:detectFaces:57 | 图片中未检测到人脸: C:\Users\ADMINI~1\AppData\Local\Temp\tmplj7pyvez\test_4.jpg
2026-02-14 09:01:52 | INFO     | face_detection:detectFaces:57 | 图片中未检测到人脸: C:\Users\ADMINI~1\AppData\Local\Temp\tmplj7pyvez\test_5.jpg
2026-02-14 09:01:52 | INFO     | face_search:searchFaces:174 | 搜索完成: 处理 6 个文件, 跳过 6 个文件, 找到 0 个匹配结果, 已取消: False
2026-02-14 09:01:52 | INFO     | face_search:searchFaces:70 | 开始搜索人脸: 文件夹=C:\Users\ADMINI~1\AppData\Local\Temp\tmpw3h3r4_n, 阈值=9.493677224645975e-24
2026-02-14 09:01:52 | INFO     | face_search:searchFaces:83 | 扫描完成，找到 4 个图片文件
2026-02-14 09:01:52 | INFO     | face_detection:detectFaces:57 | 图片中未检测到人脸: C:\Users\ADMINI~1\AppData\Local\Temp\tmpw3h3r4_n\test_0.jpg
2026-02-14 09:01:52 | INFO     | face_detection:detectFaces:57 | 图片中未检测到人脸: C:\Users\ADMINI~1\AppData\Local\Temp\tmpw3h3r4_n\test_1.jpg
2026-02-14 09:01:52 | INFO     | face_detection:detectFaces:57 | 图片中未检测到人脸: C:\Users\ADMINI~1\AppData\Local\Temp\tmpw3h3r4_n\test_2.jpg
2026-02-14 09:01:52 | INFO     | face_detection:detectFaces:57 | 图片中未检测到人脸: C:\Users\ADMINI~1\AppData\Local\Temp\tmpw3h3r4_n\test_3.jpg
2026-02-14 09:01:52 | INFO     | face_search:searchFaces:174 | 搜索完成: 处理 4 个文件, 跳过 4 个文件, 找到 0 个匹配结果, 已取消: False
2026-02-14 09:01:52 | INFO     | face_search:searchFaces:70 | 开始搜索人脸: 文件夹=C:\Users\ADMINI~1\AppData\Local\Temp\tmppti_v_46, 阈值=2.2250738585e-313
2026-02-14 09:01:52 | INFO     | face_search:searchFaces:83 | 扫描完成，找到 7 个图片文件
2026-02-14 09:01:52 | INFO     | face_detection:detectFaces:57 | 图片中未检测到人脸: C:\Users\ADMINI~1\AppData\Local\Temp\tmppti_v_46\test_0.jpg
2026-02-14 09:01:52 | INFO     | face_detection:detectFaces:57 | 图片中未检测到人脸: C:\Users\ADMINI~1\AppData\Local\Temp\tmppti_v_46\test_1.jpg
2026-02-14 09:01:52 | INFO     | face_detection:detectFaces:57 | 图片中未检测到人脸: C:\Users\ADMINI~1\AppData\Local\Temp\tmppti_v_46\test_2.jpg
2026-02-14 09:01:52 | INFO     | face_detection:detectFaces:57 | 图片中未检测到人脸: C:\Users\ADMINI~1\AppData\Local\Temp\tmppti_v_46\test_3.jpg
2026-02-14 09:01:52 | INFO     | face_detection:detectFaces:57 | 图片中未检测到人脸: C:\Users\ADMINI~1\AppData\Local\Temp\tmppti_v_46\test_4.jpg
2026-02-14 09:01:52 | INFO     | face_detection:detectFaces:57 | 图片中未检测到人脸: C:\Users\ADMINI~1\AppData\Local\Temp\tmppti_v_46\test_5.jpg
2026-02-14 09:01:52 | INFO     | face_detection:detectFaces:57 | 图片中未检测到人脸: C:\Users\ADMINI~1\AppData\Local\Temp\tmppti_v_46\test_6.jpg
2026-02-14 09:01:52 | INFO     | face_search:searchFaces:174 | 搜索完成: 处理 7 个文件, 跳过 7 个文件, 找到 0 个匹配结果, 已取消: False
2026-02-14 09:01:53 | INFO     | face_search:searchFaces:70 | 开始搜索人脸: 文件夹=C:\Users\ADMINI~1\AppData\Local\Temp\tmpobaf0ts2, 阈值=0.3
2026-02-14 09:01:53 | INFO     | face_search:searchFaces:83 | 扫描完成，找到 5 个图片文件
2026-02-14 09:01:53 | INFO     | face_detection:detectFaces:57 | 图片中未检测到人脸: C:\Users\ADMINI~1\AppData\Local\Temp\tmpobaf0ts2\test_0.jpg
2026-02-14 09:01:53 | INFO     | face_detection:detectFaces:57 | 图片中未检测到人脸: C:\Users\ADMINI~1\AppData\Local\Temp\tmpobaf0ts2\test_1.jpg
2026-02-14 09:01:53 | INFO     | face_detection:detectFaces:57 | 图片中未检测到人脸: C:\Users\ADMINI~1\AppData\Local\Temp\tmpobaf0ts2\test_2.jpg
2026-02-14 09:01:53 | INFO     | face_detection:detectFaces:57 | 图片中未检测到人脸: C:\Users\ADMINI~1\AppData\Local\Temp\tmpobaf0ts2\test_3.jpg
2026-02-14 09:01:53 | INFO     | face_detection:detectFaces:57 | 图片中未检测到人脸: C:\Users\ADMINI~1\AppData\Local\Temp\tmpobaf0ts2\test_4.jpg
2026-02-14 09:01:53 | INFO     | face_search:searchFaces:174 | 搜索完成: 处理 5 个文件, 跳过 5 个文件, 找到 0 个匹配结果, 已取消: False
2026-02-14 09:01:53 | INFO     | face_search:searchFaces:70 | 开始搜索人脸: 文件夹=C:\Users\ADMINI~1\AppData\Local\Temp\tmpobaf0ts2, 阈值=0.7
2026-02-14 09:01:53 | INFO     | face_search:searchFaces:83 | 扫描完成，找到 5 个图片文件
2026-02-14 09:01:53 | INFO     | face_detection:detectFaces:57 | 图片中未检测到人脸: C:\Users\ADMINI~1\AppData\Local\Temp\tmpobaf0ts2\test_0.jpg
2026-02-14 09:01:53 | INFO     | face_detection:detectFaces:57 | 图片中未检测到人脸: C:\Users\ADMINI~1\AppData\Local\Temp\tmpobaf0ts2\test_1.jpg
2026-02-14 09:01:53 | INFO     | face_detection:detectFaces:57 | 图片中未检测到人脸: C:\Users\ADMINI~1\AppData\Local\Temp\tmpobaf0ts2\test_2.jpg
2026-02-14 09:01:53 | INFO     | face_detection:detectFaces:57 | 图片中未检测到人脸: C:\Users\ADMINI~1\AppData\Local\Temp\tmpobaf0ts2\test_3.jpg
2026-02-14 09:01:53 | INFO     | face_detection:detectFaces:57 | 图片中未检测到人脸: C:\Users\ADMINI~1\AppData\Local\Temp\tmpobaf0ts2\test_4.jpg
2026-02-14 09:01:53 | INFO     | face_search:searchFaces:174 | 搜索完成: 处理 5 个文件, 跳过 5 个文件, 找到 0 个匹配结果, 已取消: False
2026-02-14 09:01:53 | INFO     | face_search:searchFaces:70 | 开始搜索人脸: 文件夹=C:\Users\ADMINI~1\AppData\Local\Temp\tmp9gx8k235, 阈值=0.3
2026-02-14 09:01:53 | INFO     | face_search:searchFaces:83 | 扫描完成，找到 5 个图片文件
2026-02-14 09:01:53 | INFO     | face_detection:detectFaces:57 | 图片中未检测到人脸: C:\Users\ADMINI~1\AppData\Local\Temp\tmp9gx8k235\test_0.jpg
2026-02-14 09:01:53 | INFO     | face_detection:detectFaces:57 | 图片中未检测到人脸: C:\Users\ADMINI~1\AppData\Local\Temp\tmp9gx8k235\test_1.jpg
2026-02-14 09:01:53 | INFO     | face_detection:detectFaces:57 | 图片中未检测到人脸: C:\Users\ADMINI~1\AppData\Local\Temp\tmp9gx8k235\test_2.jpg
2026-02-14 09:01:53 | INFO     | face_detection:detectFaces:57 | 图片中未检测到人脸: C:\Users\ADMINI~1\AppData\Local\Temp\tmp9gx8k235\test_3.jpg
2026-02-14 09:01:53 | INFO     | face_detection:detectFaces:57 | 图片中未检测到人脸: C:\Users\ADMINI~1\AppData\Local\Temp\tmp9gx8k235\test_4.jpg
2026-02-14 09:01:53 | INFO     | face_search:searchFaces:174 | 搜索完成: 处理 5 个文件, 跳过 5 个文件, 找到 0 个匹配结果, 已取消: False
2026-02-14 09:01:53 | INFO     | face_search:searchFaces:70 | 开始搜索人脸: 文件夹=C:\Users\ADMINI~1\AppData\Local\Temp\tmp9gx8k235, 阈值=0.7
2026-02-14 09:01:53 | INFO     | face_search:searchFaces:83 | 扫描完成，找到 5 个图片文件
2026-02-14 09:01:53 | INFO     | face_detection:detectFaces:57 | 图片中未检测到人脸: C:\Users\ADMINI~1\AppData\Local\Temp\tmp9gx8k235\test_0.jpg
2026-02-14 09:01:53 | INFO     | face_detection:detectFaces:57 | 图片中未检测到人脸: C:\Users\ADMINI~1\AppData\Local\Temp\tmp9gx8k235\test_1.jpg
2026-02-14 09:01:53 | INFO     | face_detection:detectFaces:57 | 图片中未检测到人脸: C:\Users\ADMINI~1\AppData\Local\Temp\tmp9gx8k235\test_2.jpg
2026-02-14 09:01:53 | INFO     | face_detection:detectFaces:57 | 图片中未检测到人脸: C:\Users\ADMINI~1\AppData\Local\Temp\tmp9gx8k235\test_3.jpg
2026-02-14 09:01:53 | INFO     | face_detection:detectFaces:57 | 图片中未检测到人脸: C:\Users\ADMINI~1\AppData\Local\Temp\tmp9gx8k235\test_4.jpg
2026-02-14 09:01:53 | INFO     | face_search:searchFaces:174 | 搜索完成: 处理 5 个文件, 跳过 5 个文件, 找到 0 个匹配结果, 已取消: False
2026-02-14 09:01:53 | INFO     | face_search:searchFaces:70 | 开始搜索人脸: 文件夹=C:\Users\ADMINI~1\AppData\Local\Temp\tmphotuqniu, 阈值=0.3
2026-02-14 09:01:53 | INFO     | face_search:searchFaces:83 | 扫描完成，找到 5 个图片文件
2026-02-14 09:01:53 | INFO     | face_detection:detectFaces:57 | 图片中未检测到人脸: C:\Users\ADMINI~1\AppData\Local\Temp\tmphotuqniu\test_0.jpg
2026-02-14 09:01:53 | INFO     | face_detection:detectFaces:57 | 图片中未检测到人脸: C:\Users\ADMINI~1\AppData\Local\Temp\tmphotuqniu\test_1.jpg
2026-02-14 09:01:53 | INFO     | face_detection:detectFaces:57 | 图片中未检测到人脸: C:\Users\ADMINI~1\AppData\Local\Temp\tmphotuqniu\test_2.jpg
2026-02-14 09:01:53 | INFO     | face_detection:detectFaces:57 | 图片中未检测到人脸: C:\Users\ADMINI~1\AppData\Local\Temp\tmphotuqniu\test_3.jpg
2026-02-14 09:01:53 | INFO     | face_detection:detectFaces:57 | 图片中未检测到人脸: C:\Users\ADMINI~1\AppData\Local\Temp\tmphotuqniu\test_4.jpg
2026-02-14 09:01:53 | INFO     | face_search:searchFaces:174 | 搜索完成: 处理 5 个文件, 跳过 5 个文件, 找到 0 个匹配结果, 已取消: False
2026-02-14 09:01:53 | INFO     | face_search:searchFaces:70 | 开始搜索人脸: 文件夹=C:\Users\ADMINI~1\AppData\Local\Temp\tmphotuqniu, 阈值=0.7
2026-02-14 09:01:53 | INFO     | face_search:searchFaces:83 | 扫描完成，找到 5 个图片文件
2026-02-14 09:01:53 | INFO     | face_detection:detectFaces:57 | 图片中未检测到人脸: C:\Users\ADMINI~1\AppData\Local\Temp\tmphotuqniu\test_0.jpg
2026-02-14 09:01:53 | INFO     | face_detection:detectFaces:57 | 图片中未检测到人脸: C:\Users\ADMINI~1\AppData\Local\Temp\tmphotuqniu\test_1.jpg
2026-02-14 09:01:53 | INFO     | face_detection:detectFaces:57 | 图片中未检测到人脸: C:\Users\ADMINI~1\AppData\Local\Temp\tmphotuqniu\test_2.jpg
2026-02-14 09:01:53 | INFO     | face_detection:detectFaces:57 | 图片中未检测到人脸: C:\Users\ADMINI~1\AppData\Local\Temp\tmphotuqniu\test_3.jpg
2026-02-14 09:01:53 | INFO     | face_detection:detectFaces:57 | 图片中未检测到人脸: C:\Users\ADMINI~1\AppData\Local\Temp\tmphotuqniu\test_4.jpg
2026-02-14 09:01:53 | INFO     | face_search:searchFaces:174 | 搜索完成: 处理 5 个文件, 跳过 5 个文件, 找到 0 个匹配结果, 已取消: False
2026-02-14 09:01:53 | INFO     | face_search:searchFaces:70 | 开始搜索人脸: 文件夹=C:\Users\ADMINI~1\AppData\Local\Temp\tmpyjml9ejj, 阈值=0.3
2026-02-14 09:01:53 | INFO     | face_search:searchFaces:83 | 扫描完成，找到 5 个图片文件
2026-02-14 09:01:53 | INFO     | face_detection:detectFaces:57 | 图片中未检测到人脸: C:\Users\ADMINI~1\AppData\Local\Temp\tmpyjml9ejj\test_0.jpg
2026-02-14 09:01:53 | INFO     | face_detection:detectFaces:57 | 图片中未检测到人脸: C:\Users\ADMINI~1\AppData\Local\Temp\tmpyjml9ejj\test_1.jpg
2026-02-14 09:01:53 | INFO     | face_detection:detectFaces:57 | 图片中未检测到人脸: C:\Users\ADMINI~1\AppData\Local\Temp\tmpyjml9ejj\test_2.jpg
2026-02-14 09:01:53 | INFO     | face_detection:detectFaces:57 | 图片中未检测到人脸: C:\Users\ADMINI~1\AppData\Local\Temp\tmpyjml9ejj\test_3.jpg
2026-02-14 09:01:53 | INFO     | face_detection:detectFaces:57 | 图片中未检测到人脸: C:\Users\ADMINI~1\AppData\Local\Temp\tmpyjml9ejj\test_4.jpg
2026-02-14 09:01:53 | INFO     | face_search:searchFaces:174 | 搜索完成: 处理 5 个文件, 跳过 5 个文件, 找到 0 个匹配结果, 已取消: False
2026-02-14 09:01:53 | INFO     | face_search:searchFaces:70 | 开始搜索人脸: 文件夹=C:\Users\ADMINI~1\AppData\Local\Temp\tmpyjml9ejj, 阈值=0.7
2026-02-14 09:01:53 | INFO     | face_search:searchFaces:83 | 扫描完成，找到 5 个图片文件
2026-02-14 09:01:53 | INFO     | face_detection:detectFaces:57 | 图片中未检测到人脸: C:\Users\ADMINI~1\AppData\Local\Temp\tmpyjml9ejj\test_0.jpg
2026-02-14 09:01:53 | INFO     | face_detection:detectFaces:57 | 图片中未检测到人脸: C:\Users\ADMINI~1\AppData\Local\Temp\tmpyjml9ejj\test_1.jpg
2026-02-14 09:01:53 | INFO     | face_detection:detectFaces:57 | 图片中未检测到人脸: C:\Users\ADMINI~1\AppData\Local\Temp\tmpyjml9ejj\test_2.jpg
2026-02-14 09:01:53 | INFO     | face_detection:detectFaces:57 | 图片中未检测到人脸: C:\Users\ADMINI~1\AppData\Local\Temp\tmpyjml9ejj\test_3.jpg
2026-02-14 09:01:53 | INFO     | face_detection:detectFaces:57 | 图片中未检测到人脸: C:\Users\ADMINI~1\AppData\Local\Temp\tmpyjml9ejj\test_4.jpg
2026-02-14 09:01:53 | INFO     | face_search:searchFaces:174 | 搜索完成: 处理 5 个文件, 跳过 5 个文件, 找到 0 个匹配结果, 已取消: False
2026-02-14 09:01:53 | INFO     | face_search:searchFaces:70 | 开始搜索人脸: 文件夹=C:\Users\ADMINI~1\AppData\Local\Temp\tmpxrhd9gob, 阈值=0.3
2026-02-14 09:01:53 | INFO     | face_search:searchFaces:83 | 扫描完成，找到 5 个图片文件
2026-02-14 09:01:53 | INFO     | face_detection:detectFaces:57 | 图片中未检测到人脸: C:\Users\ADMINI~1\AppData\Local\Temp\tmpxrhd9gob\test_0.jpg
2026-02-14 09:01:53 | INFO     | face_detection:detectFaces:57 | 图片中未检测到人脸: C:\Users\ADMINI~1\AppData\Local\Temp\tmpxrhd9gob\test_1.jpg
2026-02-14 09:01:53 | INFO     | face_detection:detectFaces:57 | 图片中未检测到人脸: C:\Users\ADMINI~1\AppData\Local\Temp\tmpxrhd9gob\test_2.jpg
2026-02-14 09:01:53 | INFO     | face_detection:detectFaces:57 | 图片中未检测到人脸: C:\Users\ADMINI~1\AppData\Local\Temp\tmpxrhd9gob\test_3.jpg
2026-02-14 09:01:53 | INFO     | face_detection:detectFaces:57 | 图片中未检测到人脸: C:\Users\ADMINI~1\AppData\Local\Temp\tmpxrhd9gob\test_4.jpg
2026-02-14 09:01:53 | INFO     | face_search:searchFaces:174 | 搜索完成: 处理 5 个文件, 跳过 5 个文件, 找到 0 个匹配结果, 已取消: False
2026-02-14 09:01:53 | INFO     | face_search:searchFaces:70 | 开始搜索人脸: 文件夹=C:\Users\ADMINI~1\AppData\Local\Temp\tmpxrhd9gob, 阈值=0.7
2026-02-14 09:01:53 | INFO     | face_search:searchFaces:83 | 扫描完成，找到 5 个图片文件
2026-02-14 09:01:53 | INFO     | face_detection:detectFaces:57 | 图片中未检测到人脸: C:\Users\ADMINI~1\AppData\Local\Temp\tmpxrhd9gob\test_0.jpg
2026-02-14 09:01:53 | INFO     | face_detection:detectFaces:57 | 图片中未检测到人脸: C:\Users\ADMINI~1\AppData\Local\Temp\tmpxrhd9gob\test_1.jpg
2026-02-14 09:01:53 | INFO     | face_detection:detectFaces:57 | 图片中未检测到人脸: C:\Users\ADMINI~1\AppData\Local\Temp\tmpxrhd9gob\test_2.jpg
2026-02-14 09:01:53 | INFO     | face_detection:detectFaces:57 | 图片中未检测到人脸: C:\Users\ADMINI~1\AppData\Local\Temp\tmpxrhd9gob\test_3.jpg
2026-02-14 09:01:53 | INFO     | face_detection:detectFaces:57 | 图片中未检测到人脸: C:\Users\ADMINI~1\AppData\Local\Temp\tmpxrhd9gob\test_4.jpg
2026-02-14 09:01:53 | INFO     | face_search:searchFaces:174 | 搜索完成: 处理 5 个文件, 跳过 5 个文件, 找到 0 个匹配结果, 已取消: False
2026-02-14 09:01:53 | INFO     | face_search:searchFaces:70 | 开始搜索人脸: 文件夹=C:\Users\ADMINI~1\AppData\Local\Temp\tmp5cvzljkm, 阈值=0.0
2026-02-14 09:01:53 | INFO     | face_search:searchFaces:83 | 扫描完成，找到 2 个图片文件
2026-02-14 09:01:53 | INFO     | face_detection:detectFaces:57 | 图片中未检测到人脸: C:\Users\ADMINI~1\AppData\Local\Temp\tmp5cvzljkm\test_0.jpg
2026-02-14 09:01:53 | INFO     | face_detection:detectFaces:57 | 图片中未检测到人脸: C:\Users\ADMINI~1\AppData\Local\Temp\tmp5cvzljkm\test_1.jpg
2026-02-14 09:01:53 | INFO     | face_search:searchFaces:174 | 搜索完成: 处理 2 个文件, 跳过 2 个文件, 找到 0 个匹配结果, 已取消: False
2026-02-14 09:01:53 | INFO     | face_search:searchFaces:70 | 开始搜索人脸: 文件夹=C:\Users\ADMINI~1\AppData\Local\Temp\tmp3fzlodty, 阈值=0.3037963345869042
2026-02-14 09:01:53 | INFO     | face_search:searchFaces:83 | 扫描完成，找到 7 个图片文件
2026-02-14 09:01:53 | INFO     | face_detection:detectFaces:57 | 图片中未检测到人脸: C:\Users\ADMINI~1\AppData\Local\Temp\tmp3fzlodty\test_0.jpg
2026-02-14 09:01:54 | INFO     | face_detection:detectFaces:57 | 图片中未检测到人脸: C:\Users\ADMINI~1\AppData\Local\Temp\tmp3fzlodty\test_1.jpg
2026-02-14 09:01:54 | INFO     | face_detection:detectFaces:57 | 图片中未检测到人脸: C:\Users\ADMINI~1\AppData\Local\Temp\tmp3fzlodty\test_2.jpg
2026-02-14 09:01:54 | INFO     | face_detection:detectFaces:57 | 图片中未检测到人脸: C:\Users\ADMINI~1\AppData\Local\Temp\tmp3fzlodty\test_3.jpg
2026-02-14 09:01:54 | INFO     | face_detection:detectFaces:57 | 图片中未检测到人脸: C:\Users\ADMINI~1\AppData\Local\Temp\tmp3fzlodty\test_4.jpg
2026-02-14 09:01:54 | INFO     | face_detection:detectFaces:57 | 图片中未检测到人脸: C:\Users\ADMINI~1\AppData\Local\Temp\tmp3fzlodty\test_5.jpg
2026-02-14 09:01:54 | INFO     | face_detection:detectFaces:57 | 图片中未检测到人脸: C:\Users\ADMINI~1\AppData\Local\Temp\tmp3fzlodty\test_6.jpg
2026-02-14 09:01:54 | INFO     | face_search:searchFaces:174 | 搜索完成: 处理 7 个文件, 跳过 7 个文件, 找到 0 个匹配结果, 已取消: False
2026-02-14 09:01:54 | INFO     | face_search:searchFaces:70 | 开始搜索人脸: 文件夹=C:\Users\ADMINI~1\AppData\Local\Temp\tmpyhc1l842, 阈值=0.010452197942477428
2026-02-14 09:01:54 | INFO     | face_search:searchFaces:83 | 扫描完成，找到 7 个图片文件
2026-02-14 09:01:54 | INFO     | face_detection:detectFaces:57 | 图片中未检测到人脸: C:\Users\ADMINI~1\AppData\Local\Temp\tmpyhc1l842\test_0.jpg
2026-02-14 09:01:54 | INFO     | face_detection:detectFaces:57 | 图片中未检测到人脸: C:\Users\ADMINI~1\AppData\Local\Temp\tmpyhc1l842\test_1.jpg
2026-02-14 09:01:54 | INFO     | face_detection:detectFaces:57 | 图片中未检测到人脸: C:\Users\ADMINI~1\AppData\Local\Temp\tmpyhc1l842\test_2.jpg
2026-02-14 09:01:54 | INFO     | face_detection:detectFaces:57 | 图片中未检测到人脸: C:\Users\ADMINI~1\AppData\Local\Temp\tmpyhc1l842\test_3.jpg
2026-02-14 09:01:54 | INFO     | face_detection:detectFaces:57 | 图片中未检测到人脸: C:\Users\ADMINI~1\AppData\Local\Temp\tmpyhc1l842\test_4.jpg
2026-02-14 09:01:54 | INFO     | face_detection:detectFaces:57 | 图片中未检测到人脸: C:\Users\ADMINI~1\AppData\Local\Temp\tmpyhc1l842\test_5.jpg
2026-02-14 09:01:54 | INFO     | face_detection:detectFaces:57 | 图片中未检测到人脸: C:\Users\ADMINI~1\AppData\Local\Temp\tmpyhc1l842\test_6.jpg
2026-02-14 09:01:54 | INFO     | face_search:searchFaces:174 | 搜索完成: 处理 7 个文件, 跳过 7 个文件, 找到 0 个匹配结果, 已取消: False
2026-02-14 09:01:54 | INFO     | face_search:searchFaces:70 | 开始搜索人脸: 文件夹=C:\Users\ADMINI~1\AppData\Local\Temp\tmp0kmivkax, 阈值=0.1142187132804853
2026-02-14 09:01:54 | INFO     | face_search:searchFaces:83 | 扫描完成，找到 9 个图片文件
2026-02-14 09:01:54 | INFO     | face_detection:detectFaces:57 | 图片中未检测到人脸: C:\Users\ADMINI~1\AppData\Local\Temp\tmp0kmivkax\test_0.jpg
2026-02-14 09:01:54 | INFO     | face_detection:detectFaces:57 | 图片中未检测到人脸: C:\Users\ADMINI~1\AppData\Local\Temp\tmp0kmivkax\test_1.jpg
2026-02-14 09:01:54 | INFO     | face_detection:detectFaces:57 | 图片中未检测到人脸: C:\Users\ADMINI~1\AppData\Local\Temp\tmp0kmivkax\test_2.jpg
2026-02-14 09:01:54 | INFO     | face_detection:detectFaces:57 | 图片中未检测到人脸: C:\Users\ADMINI~1\AppData\Local\Temp\tmp0kmivkax\test_3.jpg
2026-02-14 09:01:54 | INFO     | face_detection:detectFaces:57 | 图片中未检测到人脸: C:\Users\ADMINI~1\AppData\Local\Temp\tmp0kmivkax\test_4.jpg
2026-02-14 09:01:54 | INFO     | face_detection:detectFaces:57 | 图片中未检测到人脸: C:\Users\ADMINI~1\AppData\Local\Temp\tmp0kmivkax\test_5.jpg
2026-02-14 09:01:54 | INFO     | face_detection:detectFaces:57 | 图片中未检测到人脸: C:\Users\ADMINI~1\AppData\Local\Temp\tmp0kmivkax\test_6.jpg
2026-02-14 09:01:54 | INFO     | face_detection:detectFaces:57 | 图片中未检测到人脸: C:\Users\ADMINI~1\AppData\Local\Temp\tmp0kmivkax\test_7.jpg
2026-02-14 09:01:54 | INFO     | face_detection:detectFaces:57 | 图片中未检测到人脸: C:\Users\ADMINI~1\AppData\Local\Temp\tmp0kmivkax\test_8.jpg
2026-02-14 09:01:54 | INFO     | face_search:searchFaces:174 | 搜索完成: 处理 9 个文件, 跳过 9 个文件, 找到 0 个匹配结果, 已取消: False
2026-02-14 09:01:54 | INFO     | face_search:searchFaces:70 | 开始搜索人脸: 文件夹=C:\Users\ADMINI~1\AppData\Local\Temp\tmp0um9rn8b, 阈值=9.365449076471125e-60
2026-02-14 09:01:54 | INFO     | face_search:searchFaces:83 | 扫描完成，找到 10 个图片文件
2026-02-14 09:01:54 | INFO     | face_detection:detectFaces:57 | 图片中未检测到人脸: C:\Users\ADMINI~1\AppData\Local\Temp\tmp0um9rn8b\test_0.jpg
2026-02-14 09:01:54 | INFO     | face_detection:detectFaces:57 | 图片中未检测到人脸: C:\Users\ADMINI~1\AppData\Local\Temp\tmp0um9rn8b\test_1.jpg
2026-02-14 09:01:54 | INFO     | face_detection:detectFaces:57 | 图片中未检测到人脸: C:\Users\ADMINI~1\AppData\Local\Temp\tmp0um9rn8b\test_2.jpg
2026-02-14 09:01:54 | INFO     | face_detection:detectFaces:57 | 图片中未检测到人脸: C:\Users\ADMINI~1\AppData\Local\Temp\tmp0um9rn8b\test_3.jpg
2026-02-14 09:01:54 | INFO     | face_detection:detectFaces:57 | 图片中未检测到人脸: C:\Users\ADMINI~1\AppData\Local\Temp\tmp0um9rn8b\test_4.jpg
2026-02-14 09:01:54 | INFO     | face_detection:detectFaces:57 | 图片中未检测到人脸: C:\Users\ADMINI~1\AppData\Local\Temp\tmp0um9rn8b\test_5.jpg
2026-02-14 09:01:54 | INFO     | face_detection:detectFaces:57 | 图片中未检测到人脸: C:\Users\ADMINI~1\AppData\Local\Temp\tmp0um9rn8b\test_6.jpg
2026-02-14 09:01:54 | INFO     | face_detection:detectFaces:57 | 图片中未检测到人脸: C:\Users\ADMINI~1\AppData\Local\Temp\tmp0um9rn8b\test_7.jpg
2026-02-14 09:01:54 | INFO     | face_detection:detectFaces:57 | 图片中未检测到人脸: C:\Users\ADMINI~1\AppData\Local\Temp\tmp0um9rn8b\test_8.jpg
2026-02-14 09:01:54 | INFO     | face_detection:detectFaces:57 | 图片中未检测到人脸: C:\Users\ADMINI~1\AppData\Local\Temp\tmp0um9rn8b\test_9.jpg
2026-02-14 09:01:54 | INFO     | face_search:searchFaces:174 | 搜索完成: 处理 10 个文件, 跳过 10 个文件, 找到 0 个匹配结果, 已取消: False
2026-02-14 09:01:54 | INFO     | face_search:searchFaces:70 | 开始搜索人脸: 文件夹=C:\Users\ADMINI~1\AppData\Local\Temp\tmp3zcki1yo, 阈值=0.0
2026-02-14 09:01:54 | INFO     | face_search:searchFaces:83 | 扫描完成，找到 1 个图片文件
2026-02-14 09:01:54 | INFO     | face_detection:detectFaces:57 | 图片中未检测到人脸: C:\Users\ADMINI~1\AppData\Local\Temp\tmp3zcki1yo\test_0.jpg
2026-02-14 09:01:54 | INFO     | face_search:searchFaces:174 | 搜索完成: 处理 1 个文件, 跳过 1 个文件, 找到 0 个匹配结果, 已取消: False
2026-02-14 09:01:54 | INFO     | face_search:searchFaces:70 | 开始搜索人脸: 文件夹=C:\Users\ADMINI~1\AppData\Local\Temp\tmp3zcki1yo, 阈值=0.0
2026-02-14 09:01:54 | INFO     | face_search:searchFaces:83 | 扫描完成，找到 1 个图片文件
2026-02-14 09:01:54 | INFO     | face_detection:detectFaces:57 | 图片中未检测到人脸: C:\Users\ADMINI~1\AppData\Local\Temp\tmp3zcki1yo\test_0.jpg
2026-02-14 09:01:54 | INFO     | face_search:searchFaces:174 | 搜索完成: 处理 1 个文件, 跳过 1 个文件, 找到 0 个匹配结果, 已取消: False
2026-02-14 09:01:54 | INFO     | face_search:searchFaces:70 | 开始搜索人脸: 文件夹=C:\Users\ADMINI~1\AppData\Local\Temp\tmpkvcfk27q, 阈值=0.7757830736182771
2026-02-14 09:01:54 | INFO     | face_search:searchFaces:83 | 扫描完成，找到 4 个图片文件
2026-02-14 09:01:54 | INFO     | face_detection:detectFaces:57 | 图片中未检测到人脸: C:\Users\ADMINI~1\AppData\Local\Temp\tmpkvcfk27q\test_0.jpg
2026-02-14 09:01:54 | INFO     | face_detection:detectFaces:57 | 图片中未检测到人脸: C:\Users\ADMINI~1\AppData\Local\Temp\tmpkvcfk27q\test_1.jpg
2026-02-14 09:01:54 | INFO     | face_detection:detectFaces:57 | 图片中未检测到人脸: C:\Users\ADMINI~1\AppData\Local\Temp\tmpkvcfk27q\test_2.jpg
2026-02-14 09:01:54 | INFO     | face_detection:detectFaces:57 | 图片中未检测到人脸: C:\Users\ADMINI~1\AppData\Local\Temp\tmpkvcfk27q\test_3.jpg
2026-02-14 09:01:54 | INFO     | face_search:searchFaces:174 | 搜索完成: 处理 4 个文件, 跳过 4 个文件, 找到 0 个匹配结果, 已取消: False
2026-02-14 09:01:54 | INFO     | face_search:searchFaces:70 | 开始搜索人脸: 文件夹=C:\Users\ADMINI~1\AppData\Local\Temp\tmpkvcfk27q, 阈值=0.7757830736182771
2026-02-14 09:01:54 | INFO     | face_search:searchFaces:83 | 扫描完成，找到 4 个图片文件
2026-02-14 09:01:54 | INFO     | face_detection:detectFaces:57 | 图片中未检测到人脸: C:\Users\ADMINI~1\AppData\Local\Temp\tmpkvcfk27q\test_0.jpg
2026-02-14 09:01:54 | INFO     | face_detection:detectFaces:57 | 图片中未检测到人脸: C:\Users\ADMINI~1\AppData\Local\Temp\tmpkvcfk27q\test_1.jpg
2026-02-14 09:01:54 | INFO     | face_detection:detectFaces:57 | 图片中未检测到人脸: C:\Users\ADMINI~1\AppData\Local\Temp\tmpkvcfk27q\test_2.jpg
2026-02-14 09:01:54 | INFO     | face_detection:detectFaces:57 | 图片中未检测到人脸: C:\Users\ADMINI~1\AppData\Local\Temp\tmpkvcfk27q\test_3.jpg
2026-02-14 09:01:54 | INFO     | face_search:searchFaces:174 | 搜索完成: 处理 4 个文件, 跳过 4 个文件, 找到 0 个匹配结果, 已取消: False
2026-02-14 09:01:54 | INFO     | face_search:searchFaces:70 | 开始搜索人脸: 文件夹=C:\Users\ADMINI~1\AppData\Local\Temp\tmpovm6vgl_, 阈值=0.5
2026-02-14 09:01:54 | INFO     | face_search:searchFaces:83 | 扫描完成，找到 2 个图片文件
2026-02-14 09:01:54 | INFO     | face_detection:detectFaces:57 | 图片中未检测到人脸: C:\Users\ADMINI~1\AppData\Local\Temp\tmpovm6vgl_\test_0.jpg
2026-02-14 09:01:54 | INFO     | face_detection:detectFaces:57 | 图片中未检测到人脸: C:\Users\ADMINI~1\AppData\Local\Temp\tmpovm6vgl_\test_1.jpg
2026-02-14 09:01:54 | INFO     | face_search:searchFaces:174 | 搜索完成: 处理 2 个文件, 跳过 2 个文件, 找到 0 个匹配结果, 已取消: False
2026-02-14 09:01:54 | INFO     | face_search:searchFaces:70 | 开始搜索人脸: 文件夹=C:\Users\ADMINI~1\AppData\Local\Temp\tmpovm6vgl_, 阈值=0.5
2026-02-14 09:01:54 | INFO     | face_search:searchFaces:83 | 扫描完成，找到 2 个图片文件
2026-02-14 09:01:54 | INFO     | face_detection:detectFaces:57 | 图片中未检测到人脸: C:\Users\ADMINI~1\AppData\Local\Temp\tmpovm6vgl_\test_0.jpg
2026-02-14 09:01:54 | INFO     | face_detection:detectFaces:57 | 图片中未检测到人脸: C:\Users\ADMINI~1\AppData\Local\Temp\tmpovm6vgl_\test_1.jpg
2026-02-14 09:01:54 | INFO     | face_search:searchFaces:174 | 搜索完成: 处理 2 个文件, 跳过 2 个文件, 找到 0 个匹配结果, 已取消: False
2026-02-14 09:01:54 | INFO     | face_search:searchFaces:70 | 开始搜索人脸: 文件夹=C:\Users\ADMINI~1\AppData\Local\Temp\tmpggg2bgtg, 阈值=0.0012922737644733842
2026-02-14 09:01:54 | INFO     | face_search:searchFaces:83 | 扫描完成，找到 4 个图片文件
2026-02-14 09:01:54 | INFO     | face_detection:detectFaces:57 | 图片中未检测到人脸: C:\Users\ADMINI~1\AppData\Local\Temp\tmpggg2bgtg\test_0.jpg
2026-02-14 09:01:54 | INFO     | face_detection:detectFaces:57 | 图片中未检测到人脸: C:\Users\ADMINI~1\AppData\Local\Temp\tmpggg2bgtg\test_1.jpg
2026-02-14 09:01:55 | INFO     | face_detection:detectFaces:57 | 图片中未检测到人脸: C:\Users\ADMINI~1\AppData\Local\Temp\tmpggg2bgtg\test_2.jpg
2026-02-14 09:01:55 | INFO     | face_detection:detectFaces:57 | 图片中未检测到人脸: C:\Users\ADMINI~1\AppData\Local\Temp\tmpggg2bgtg\test_3.jpg
2026-02-14 09:01:55 | INFO     | face_search:searchFaces:174 | 搜索完成: 处理 4 个文件, 跳过 4 个文件, 找到 0 个匹配结果, 已取消: False
2026-02-14 09:01:55 | INFO     | face_search:searchFaces:70 | 开始搜索人脸: 文件夹=C:\Users\ADMINI~1\AppData\Local\Temp\tmpggg2bgtg, 阈值=0.0012922737644733842
2026-02-14 09:01:55 | INFO     | face_search:searchFaces:83 | 扫描完成，找到 4 个图片文件
2026-02-14 09:01:55 | INFO     | face_detection:detectFaces:57 | 图片中未检测到人脸: C:\Users\ADMINI~1\AppData\Local\Temp\tmpggg2bgtg\test_0.jpg
2026-02-14 09:01:55 | INFO     | face_detection:detectFaces:57 | 图片中未检测到人脸: C:\Users\ADMINI~1\AppData\Local\Temp\tmpggg2bgtg\test_1.jpg
2026-02-14 09:01:55 | INFO     | face_detection:detectFaces:57 | 图片中未检测到人脸: C:\Users\ADMINI~1\AppData\Local\Temp\tmpggg2bgtg\test_2.jpg
2026-02-14 09:01:55 | INFO     | face_detection:detectFaces:57 | 图片中未检测到人脸: C:\Users\ADMINI~1\AppData\Local\Temp\tmpggg2bgtg\test_3.jpg
2026-02-14 09:01:55 | INFO     | face_search:searchFaces:174 | 搜索完成: 处理 4 个文件, 跳过 4 个文件, 找到 0 个匹配结果, 已取消: False
2026-02-14 09:01:55 | INFO     | face_search:searchFaces:70 | 开始搜索人脸: 文件夹=C:\Users\ADMINI~1\AppData\Local\Temp\tmpmvbjr572, 阈值=0.4114236053401875
2026-02-14 09:01:55 | INFO     | face_search:searchFaces:83 | 扫描完成，找到 8 个图片文件
2026-02-14 09:01:55 | INFO     | face_detection:detectFaces:57 | 图片中未检测到人脸: C:\Users\ADMINI~1\AppData\Local\Temp\tmpmvbjr572\test_0.jpg
2026-02-14 09:01:55 | INFO     | face_detection:detectFaces:57 | 图片中未检测到人脸: C:\Users\ADMINI~1\AppData\Local\Temp\tmpmvbjr572\test_1.jpg
2026-02-14 09:01:55 | INFO     | face_detection:detectFaces:57 | 图片中未检测到人脸: C:\Users\ADMINI~1\AppData\Local\Temp\tmpmvbjr572\test_2.jpg
2026-02-14 09:01:55 | INFO     | face_detection:detectFaces:57 | 图片中未检测到人脸: C:\Users\ADMINI~1\AppData\Local\Temp\tmpmvbjr572\test_3.jpg
2026-02-14 09:01:55 | INFO     | face_detection:detectFaces:57 | 图片中未检测到人脸: C:\Users\ADMINI~1\AppData\Local\Temp\tmpmvbjr572\test_4.jpg
2026-02-14 09:01:55 | INFO     | face_detection:detectFaces:57 | 图片中未检测到人脸: C:\Users\ADMINI~1\AppData\Local\Temp\tmpmvbjr572\test_5.jpg
2026-02-14 09:01:55 | INFO     | face_detection:detectFaces:57 | 图片中未检测到人脸: C:\Users\ADMINI~1\AppData\Local\Temp\tmpmvbjr572\test_6.jpg
2026-02-14 09:01:55 | INFO     | face_detection:detectFaces:57 | 图片中未检测到人脸: C:\Users\ADMINI~1\AppData\Local\Temp\tmpmvbjr572\test_7.jpg
2026-02-14 09:01:55 | INFO     | face_search:searchFaces:174 | 搜索完成: 处理 8 个文件, 跳过 8 个文件, 找到 0 个匹配结果, 已取消: False
2026-02-14 09:01:55 | INFO     | face_search:searchFaces:70 | 开始搜索人脸: 文件夹=C:\Users\ADMINI~1\AppData\Local\Temp\tmpmvbjr572, 阈值=0.4114236053401875
2026-02-14 09:01:55 | INFO     | face_search:searchFaces:83 | 扫描完成，找到 8 个图片文件
2026-02-14 09:01:55 | INFO     | face_detection:detectFaces:57 | 图片中未检测到人脸: C:\Users\ADMINI~1\AppData\Local\Temp\tmpmvbjr572\test_0.jpg
2026-02-14 09:01:55 | INFO     | face_detection:detectFaces:57 | 图片中未检测到人脸: C:\Users\ADMINI~1\AppData\Local\Temp\tmpmvbjr572\test_1.jpg
2026-02-14 09:01:55 | INFO     | face_detection:detectFaces:57 | 图片中未检测到人脸: C:\Users\ADMINI~1\AppData\Local\Temp\tmpmvbjr572\test_2.jpg
2026-02-14 09:01:55 | INFO     | face_detection:detectFaces:57 | 图片中未检测到人脸: C:\Users\ADMINI~1\AppData\Local\Temp\tmpmvbjr572\test_3.jpg
2026-02-14 09:01:55 | INFO     | face_detection:detectFaces:57 | 图片中未检测到人脸: C:\Users\ADMINI~1\AppData\Local\Temp\tmpmvbjr572\test_4.jpg
2026-02-14 09:01:55 | INFO     | face_detection:detectFaces:57 | 图片中未检测到人脸: C:\Users\ADMINI~1\AppData\Local\Temp\tmpmvbjr572\test_5.jpg
2026-02-14 09:01:55 | INFO     | face_detection:detectFaces:57 | 图片中未检测到人脸: C:\Users\ADMINI~1\AppData\Local\Temp\tmpmvbjr572\test_6.jpg
2026-02-14 09:01:55 | INFO     | face_detection:detectFaces:57 | 图片中未检测到人脸: C:\Users\ADMINI~1\AppData\Local\Temp\tmpmvbjr572\test_7.jpg
2026-02-14 09:01:55 | INFO     | face_search:searchFaces:174 | 搜索完成: 处理 8 个文件, 跳过 8 个文件, 找到 0 个匹配结果, 已取消: False
2026-02-14 09:01:55 | INFO     | face_search:searchFaces:70 | 开始搜索人脸: 文件夹=C:\Users\ADMINI~1\AppData\Local\Temp\tmpi_sfpn3h, 阈值=0.0
2026-02-14 09:01:55 | INFO     | face_search:searchFaces:83 | 扫描完成，找到 1 个图片文件
2026-02-14 09:01:55 | INFO     | face_detection:detectFaces:57 | 图片中未检测到人脸: C:\Users\ADMINI~1\AppData\Local\Temp\tmpi_sfpn3h\test_0.jpg
2026-02-14 09:01:55 | INFO     | face_search:searchFaces:174 | 搜索完成: 处理 1 个文件, 跳过 1 个文件, 找到 0 个匹配结果, 已取消: False
2026-02-14 09:01:55 | INFO     | face_search:searchFaces:70 | 开始搜索人脸: 文件夹=C:\Users\ADMINI~1\AppData\Local\Temp\tmpfcuryf0h, 阈值=0.5918734719506545
2026-02-14 09:01:55 | INFO     | face_search:searchFaces:83 | 扫描完成，找到 10 个图片文件
2026-02-14 09:01:55 | INFO     | face_detection:detectFaces:57 | 图片中未检测到人脸: C:\Users\ADMINI~1\AppData\Local\Temp\tmpfcuryf0h\test_0.jpg
2026-02-14 09:01:55 | INFO     | face_detection:detectFaces:57 | 图片中未检测到人脸: C:\Users\ADMINI~1\AppData\Local\Temp\tmpfcuryf0h\test_1.jpg
2026-02-14 09:01:55 | INFO     | face_detection:detectFaces:57 | 图片中未检测到人脸: C:\Users\ADMINI~1\AppData\Local\Temp\tmpfcuryf0h\test_2.jpg
2026-02-14 09:01:55 | INFO     | face_detection:detectFaces:57 | 图片中未检测到人脸: C:\Users\ADMINI~1\AppData\Local\Temp\tmpfcuryf0h\test_3.jpg
2026-02-14 09:01:55 | INFO     | face_detection:detectFaces:57 | 图片中未检测到人脸: C:\Users\ADMINI~1\AppData\Local\Temp\tmpfcuryf0h\test_4.jpg
2026-02-14 09:01:55 | INFO     | face_detection:detectFaces:57 | 图片中未检测到人脸: C:\Users\ADMINI~1\AppData\Local\Temp\tmpfcuryf0h\test_5.jpg
2026-02-14 09:01:55 | INFO     | face_detection:detectFaces:57 | 图片中未检测到人脸: C:\Users\ADMINI~1\AppData\Local\Temp\tmpfcuryf0h\test_6.jpg
2026-02-14 09:01:55 | INFO     | face_detection:detectFaces:57 | 图片中未检测到人脸: C:\Users\ADMINI~1\AppData\Local\Temp\tmpfcuryf0h\test_7.jpg
2026-02-14 09:01:55 | INFO     | face_detection:detectFaces:57 | 图片中未检测到人脸: C:\Users\ADMINI~1\AppData\Local\Temp\tmpfcuryf0h\test_8.jpg
2026-02-14 09:01:55 | INFO     | face_detection:detectFaces:57 | 图片中未检测到人脸: C:\Users\ADMINI~1\AppData\Local\Temp\tmpfcuryf0h\test_9.jpg
2026-02-14 09:01:55 | INFO     | face_search:searchFaces:174 | 搜索完成: 处理 10 个文件, 跳过 10 个文件, 找到 0 个匹配结果, 已取消: False
2026-02-14 09:01:55 | INFO     | face_search:searchFaces:70 | 开始搜索人脸: 文件夹=C:\Users\ADMINI~1\AppData\Local\Temp\tmpr9g7kq0b, 阈值=2.2250738585e-313
2026-02-14 09:01:55 | INFO     | face_search:searchFaces:83 | 扫描完成，找到 3 个图片文件
2026-02-14 09:01:55 | INFO     | face_detection:detectFaces:57 | 图片中未检测到人脸: C:\Users\ADMINI~1\AppData\Local\Temp\tmpr9g7kq0b\test_0.jpg
2026-02-14 09:01:55 | INFO     | face_detection:detectFaces:57 | 图片中未检测到人脸: C:\Users\ADMINI~1\AppData\Local\Temp\tmpr9g7kq0b\test_1.jpg
2026-02-14 09:01:55 | INFO     | face_detection:detectFaces:57 | 图片中未检测到人脸: C:\Users\ADMINI~1\AppData\Local\Temp\tmpr9g7kq0b\test_2.jpg
2026-02-14 09:01:55 | INFO     | face_search:searchFaces:174 | 搜索完成: 处理 3 个文件, 跳过 3 个文件, 找到 0 个匹配结果, 已取消: False
2026-02-14 09:01:55 | INFO     | face_search:searchFaces:70 | 开始搜索人脸: 文件夹=C:\Users\ADMINI~1\AppData\Local\Temp\tmp5wapvtic, 阈值=0.5331005011766238
2026-02-14 09:01:55 | INFO     | face_search:searchFaces:83 | 扫描完成，找到 1 个图片文件
2026-02-14 09:01:55 | INFO     | face_detection:detectFaces:57 | 图片中未检测到人脸: C:\Users\ADMINI~1\AppData\Local\Temp\tmp5wapvtic\test_0.jpg
2026-02-14 09:01:55 | INFO     | face_search:searchFaces:174 | 搜索完成: 处理 1 个文件, 跳过 1 个文件, 找到 0 个匹配结果, 已取消: False
2026-02-14 09:01:55 | INFO     | face_search:searchFaces:70 | 开始搜索人脸: 文件夹=C:\Users\ADMINI~1\AppData\Local\Temp\tmpcax30kdc, 阈值=2.2250738585e-313
2026-02-14 09:01:55 | INFO     | face_search:searchFaces:83 | 扫描完成，找到 10 个图片文件
2026-02-14 09:01:55 | INFO     | face_detection:detectFaces:57 | 图片中未检测到人脸: C:\Users\ADMINI~1\AppData\Local\Temp\tmpcax30kdc\test_0.jpg
2026-02-14 09:01:55 | INFO     | face_detection:detectFaces:57 | 图片中未检测到人脸: C:\Users\ADMINI~1\AppData\Local\Temp\tmpcax30kdc\test_1.jpg
2026-02-14 09:01:55 | INFO     | face_detection:detectFaces:57 | 图片中未检测到人脸: C:\Users\ADMINI~1\AppData\Local\Temp\tmpcax30kdc\test_2.jpg
2026-02-14 09:01:55 | INFO     | face_detection:detectFaces:57 | 图片中未检测到人脸: C:\Users\ADMINI~1\AppData\Local\Temp\tmpcax30kdc\test_3.jpg
2026-02-14 09:01:55 | INFO     | face_detection:detectFaces:57 | 图片中未检测到人脸: C:\Users\ADMINI~1\AppData\Local\Temp\tmpcax30kdc\test_4.jpg
2026-02-14 09:01:55 | INFO     | face_detection:detectFaces:57 | 图片中未检测到人脸: C:\Users\ADMINI~1\AppData\Local\Temp\tmpcax30kdc\test_5.jpg
2026-02-14 09:01:55 | INFO     | face_detection:detectFaces:57 | 图片中未检测到人脸: C:\Users\ADMINI~1\AppData\Local\Temp\tmpcax30kdc\test_6.jpg
2026-02-14 09:01:55 | INFO     | face_detection:detectFaces:57 | 图片中未检测到人脸: C:\Users\ADMINI~1\AppData\Local\Temp\tmpcax30kdc\test_7.jpg
2026-02-14 09:01:55 | INFO     | face_detection:detectFaces:57 | 图片中未检测到人脸: C:\Users\ADMINI~1\AppData\Local\Temp\tmpcax30kdc\test_8.jpg
2026-02-14 09:01:55 | INFO     | face_detection:detectFaces:57 | 图片中未检测到人脸: C:\Users\ADMINI~1\AppData\Local\Temp\tmpcax30kdc\test_9.jpg
2026-02-14 09:01:55 | INFO     | face_search:searchFaces:174 | 搜索完成: 处理 10 个文件, 跳过 10 个文件, 找到 0 个匹配结果, 已取消: False
2026-02-14 09:01:55 | INFO     | face_search:searchFaces:70 | 开始搜索人脸: 文件夹=C:\Users\ADMINI~1\AppData\Local\Temp\tmp1d8xhmnt, 阈值=0.0
2026-02-14 09:01:55 | INFO     | face_search:searchFaces:83 | 扫描完成，找到 2 个图片文件
2026-02-14 09:01:55 | INFO     | face_detection:detectFaces:57 | 图片中未检测到人脸: C:\Users\ADMINI~1\AppData\Local\Temp\tmp1d8xhmnt\test_0.jpg
2026-02-14 09:01:55 | INFO     | face_detection:detectFaces:57 | 图片中未检测到人脸: C:\Users\ADMINI~1\AppData\Local\Temp\tmp1d8xhmnt\test_1.jpg
2026-02-14 09:01:55 | INFO     | face_search:searchFaces:174 | 搜索完成: 处理 2 个文件, 跳过 2 个文件, 找到 0 个匹配结果, 已取消: False
2026-02-14 09:01:56 | INFO     | face_search:searchFaces:70 | 开始搜索人脸: 文件夹=C:\Users\ADMINI~1\AppData\Local\Temp\tmpg1m9xp7p, 阈值=0.931180750312363
2026-02-14 09:01:56 | INFO     | face_search:searchFaces:83 | 扫描完成，找到 7 个图片文件
2026-02-14 09:01:56 | INFO     | face_detection:detectFaces:57 | 图片中未检测到人脸: C:\Users\ADMINI~1\AppData\Local\Temp\tmpg1m9xp7p\test_0.jpg
2026-02-14 09:01:56 | INFO     | face_detection:detectFaces:57 | 图片中未检测到人脸: C:\Users\ADMINI~1\AppData\Local\Temp\tmpg1m9xp7p\test_1.jpg
2026-02-14 09:01:56 | INFO     | face_detection:detectFaces:57 | 图片中未检测到人脸: C:\Users\ADMINI~1\AppData\Local\Temp\tmpg1m9xp7p\test_2.jpg
2026-02-14 09:01:56 | INFO     | face_detection:detectFaces:57 | 图片中未检测到人脸: C:\Users\ADMINI~1\AppData\Local\Temp\tmpg1m9xp7p\test_3.jpg
2026-02-14 09:01:56 | INFO     | face_detection:detectFaces:57 | 图片中未检测到人脸: C:\Users\ADMINI~1\AppData\Local\Temp\tmpg1m9xp7p\test_4.jpg
2026-02-14 09:01:56 | INFO     | face_detection:detectFaces:57 | 图片中未检测到人脸: C:\Users\ADMINI~1\AppData\Local\Temp\tmpg1m9xp7p\test_5.jpg
2026-02-14 09:01:56 | INFO     | face_detection:detectFaces:57 | 图片中未检测到人脸: C:\Users\ADMINI~1\AppData\Local\Temp\tmpg1m9xp7p\test_6.jpg
2026-02-14 09:01:56 | INFO     | face_search:searchFaces:174 | 搜索完成: 处理 7 个文件, 跳过 7 个文件, 找到 0 个匹配结果, 已取消: False
2026-02-14 09:01:56 | INFO     | face_search:searchFaces:70 | 开始搜索人脸: 文件夹=C:\Users\ADMINI~1\AppData\Local\Temp\tmpfku5e4pi, 阈值=0.3098131793685111
2026-02-14 09:01:56 | INFO     | face_search:searchFaces:83 | 扫描完成，找到 2 个图片文件
2026-02-14 09:01:56 | INFO     | face_detection:detectFaces:57 | 图片中未检测到人脸: C:\Users\ADMINI~1\AppData\Local\Temp\tmpfku5e4pi\test_0.jpg
2026-02-14 09:01:56 | INFO     | face_detection:detectFaces:57 | 图片中未检测到人脸: C:\Users\ADMINI~1\AppData\Local\Temp\tmpfku5e4pi\test_1.jpg
2026-02-14 09:01:56 | INFO     | face_search:searchFaces:174 | 搜索完成: 处理 2 个文件, 跳过 2 个文件, 找到 0 个匹配结果, 已取消: False
2026-02-14 09:01:56 | INFO     | face_search:searchFaces:70 | 开始搜索人脸: 文件夹=C:\Users\ADMINI~1\AppData\Local\Temp\tmp33cqch68, 阈值=0.0
2026-02-14 09:01:56 | INFO     | face_search:searchFaces:83 | 扫描完成，找到 5 个图片文件
2026-02-14 09:01:56 | INFO     | face_detection:detectFaces:57 | 图片中未检测到人脸: C:\Users\ADMINI~1\AppData\Local\Temp\tmp33cqch68\test_0.jpg
2026-02-14 09:01:56 | INFO     | face_detection:detectFaces:57 | 图片中未检测到人脸: C:\Users\ADMINI~1\AppData\Local\Temp\tmp33cqch68\test_1.jpg
2026-02-14 09:01:56 | INFO     | face_detection:detectFaces:57 | 图片中未检测到人脸: C:\Users\ADMINI~1\AppData\Local\Temp\tmp33cqch68\test_2.jpg
2026-02-14 09:01:56 | INFO     | face_detection:detectFaces:57 | 图片中未检测到人脸: C:\Users\ADMINI~1\AppData\Local\Temp\tmp33cqch68\test_3.jpg
2026-02-14 09:01:56 | INFO     | face_detection:detectFaces:57 | 图片中未检测到人脸: C:\Users\ADMINI~1\AppData\Local\Temp\tmp33cqch68\test_4.jpg
2026-02-14 09:01:56 | INFO     | face_search:searchFaces:174 | 搜索完成: 处理 5 个文件, 跳过 5 个文件, 找到 0 个匹配结果, 已取消: False
2026-02-14 09:01:56 | INFO     | face_search:searchFaces:70 | 开始搜索人脸: 文件夹=C:\Users\ADMINI~1\AppData\Local\Temp\tmpct53dmr0, 阈值=0.5928232799105849
2026-02-14 09:01:56 | INFO     | face_search:searchFaces:83 | 扫描完成，找到 8 个图片文件
2026-02-14 09:01:56 | INFO     | face_detection:detectFaces:57 | 图片中未检测到人脸: C:\Users\ADMINI~1\AppData\Local\Temp\tmpct53dmr0\test_0.jpg
2026-02-14 09:01:56 | INFO     | face_detection:detectFaces:57 | 图片中未检测到人脸: C:\Users\ADMINI~1\AppData\Local\Temp\tmpct53dmr0\test_1.jpg
2026-02-14 09:01:56 | INFO     | face_detection:detectFaces:57 | 图片中未检测到人脸: C:\Users\ADMINI~1\AppData\Local\Temp\tmpct53dmr0\test_2.jpg
2026-02-14 09:01:56 | INFO     | face_detection:detectFaces:57 | 图片中未检测到人脸: C:\Users\ADMINI~1\AppData\Local\Temp\tmpct53dmr0\test_3.jpg
2026-02-14 09:01:56 | INFO     | face_detection:detectFaces:57 | 图片中未检测到人脸: C:\Users\ADMINI~1\AppData\Local\Temp\tmpct53dmr0\test_4.jpg
2026-02-14 09:01:56 | INFO     | face_detection:detectFaces:57 | 图片中未检测到人脸: C:\Users\ADMINI~1\AppData\Local\Temp\tmpct53dmr0\test_5.jpg
2026-02-14 09:01:56 | INFO     | face_detection:detectFaces:57 | 图片中未检测到人脸: C:\Users\ADMINI~1\AppData\Local\Temp\tmpct53dmr0\test_6.jpg
2026-02-14 09:01:56 | INFO     | face_detection:detectFaces:57 | 图片中未检测到人脸: C:\Users\ADMINI~1\AppData\Local\Temp\tmpct53dmr0\test_7.jpg
2026-02-14 09:01:56 | INFO     | face_search:searchFaces:174 | 搜索完成: 处理 8 个文件, 跳过 8 个文件, 找到 0 个匹配结果, 已取消: False
2026-02-14 09:01:56 | INFO     | face_search:searchFaces:70 | 开始搜索人脸: 文件夹=C:\Users\ADMINI~1\AppData\Local\Temp\tmp5853whgt, 阈值=0.21429548748944788
2026-02-14 09:01:56 | INFO     | face_search:searchFaces:83 | 扫描完成，找到 7 个图片文件
2026-02-14 09:01:56 | INFO     | face_detection:detectFaces:57 | 图片中未检测到人脸: C:\Users\ADMINI~1\AppData\Local\Temp\tmp5853whgt\test_0.jpg
2026-02-14 09:01:56 | INFO     | face_detection:detectFaces:57 | 图片中未检测到人脸: C:\Users\ADMINI~1\AppData\Local\Temp\tmp5853whgt\test_1.jpg
2026-02-14 09:01:56 | INFO     | face_detection:detectFaces:57 | 图片中未检测到人脸: C:\Users\ADMINI~1\AppData\Local\Temp\tmp5853whgt\test_2.jpg
2026-02-14 09:01:56 | INFO     | face_detection:detectFaces:57 | 图片中未检测到人脸: C:\Users\ADMINI~1\AppData\Local\Temp\tmp5853whgt\test_3.jpg
2026-02-14 09:01:56 | INFO     | face_detection:detectFaces:57 | 图片中未检测到人脸: C:\Users\ADMINI~1\AppData\Local\Temp\tmp5853whgt\test_4.jpg
2026-02-14 09:01:56 | INFO     | face_detection:detectFaces:57 | 图片中未检测到人脸: C:\Users\ADMINI~1\AppData\Local\Temp\tmp5853whgt\test_5.jpg
2026-02-14 09:01:56 | INFO     | face_detection:detectFaces:57 | 图片中未检测到人脸: C:\Users\ADMINI~1\AppData\Local\Temp\tmp5853whgt\test_6.jpg
2026-02-14 09:01:56 | INFO     | face_search:searchFaces:174 | 搜索完成: 处理 7 个文件, 跳过 7 个文件, 找到 0 个匹配结果, 已取消: False
2026-02-14 09:01:56 | INFO     | face_search:searchFaces:70 | 开始搜索人脸: 文件夹=C:\Users\ADMINI~1\AppData\Local\Temp\tmppnh5cdu1, 阈值=0.3333333333333333
2026-02-14 09:01:56 | INFO     | face_search:searchFaces:83 | 扫描完成，找到 5 个图片文件
2026-02-14 09:01:56 | INFO     | face_detection:detectFaces:57 | 图片中未检测到人脸: C:\Users\ADMINI~1\AppData\Local\Temp\tmppnh5cdu1\test_0.jpg
2026-02-14 09:01:56 | INFO     | face_detection:detectFaces:57 | 图片中未检测到人脸: C:\Users\ADMINI~1\AppData\Local\Temp\tmppnh5cdu1\test_1.jpg
2026-02-14 09:01:56 | INFO     | face_detection:detectFaces:57 | 图片中未检测到人脸: C:\Users\ADMINI~1\AppData\Local\Temp\tmppnh5cdu1\test_2.jpg
2026-02-14 09:01:56 | INFO     | face_detection:detectFaces:57 | 图片中未检测到人脸: C:\Users\ADMINI~1\AppData\Local\Temp\tmppnh5cdu1\test_3.jpg
2026-02-14 09:01:56 | INFO     | face_detection:detectFaces:57 | 图片中未检测到人脸: C:\Users\ADMINI~1\AppData\Local\Temp\tmppnh5cdu1\test_4.jpg
2026-02-14 09:01:56 | INFO     | face_search:searchFaces:174 | 搜索完成: 处理 5 个文件, 跳过 5 个文件, 找到 0 个匹配结果, 已取消: False
2026-02-14 09:01:56 | INFO     | face_search:searchFaces:70 | 开始搜索人脸: 文件夹=C:\Users\ADMINI~1\AppData\Local\Temp\tmpzetbgqog, 阈值=1.401298464324817e-45
2026-02-14 09:01:56 | INFO     | face_search:searchFaces:83 | 扫描完成，找到 4 个图片文件
2026-02-14 09:01:56 | INFO     | face_detection:detectFaces:57 | 图片中未检测到人脸: C:\Users\ADMINI~1\AppData\Local\Temp\tmpzetbgqog\test_0.jpg
2026-02-14 09:01:56 | INFO     | face_detection:detectFaces:57 | 图片中未检测到人脸: C:\Users\ADMINI~1\AppData\Local\Temp\tmpzetbgqog\test_1.jpg
2026-02-14 09:01:56 | INFO     | face_detection:detectFaces:57 | 图片中未检测到人脸: C:\Users\ADMINI~1\AppData\Local\Temp\tmpzetbgqog\test_2.jpg
2026-02-14 09:01:56 | INFO     | face_detection:detectFaces:57 | 图片中未检测到人脸: C:\Users\ADMINI~1\AppData\Local\Temp\tmpzetbgqog\test_3.jpg
2026-02-14 09:01:56 | INFO     | face_search:searchFaces:174 | 搜索完成: 处理 4 个文件, 跳过 4 个文件, 找到 0 个匹配结果, 已取消: False
2026-02-14 09:01:56 | INFO     | face_search:searchFaces:70 | 开始搜索人脸: 文件夹=C:\Users\ADMINI~1\AppData\Local\Temp\tmp3yd8ia9x, 阈值=0.0
2026-02-14 09:01:56 | INFO     | face_search:searchFaces:83 | 扫描完成，找到 5 个图片文件
2026-02-14 09:01:56 | INFO     | face_search:cancelSearch:195 | 收到取消搜索请求
2026-02-14 09:01:56 | INFO     | face_detection:detectFaces:57 | 图片中未检测到人脸: C:\Users\ADMINI~1\AppData\Local\Temp\tmp3yd8ia9x\test_0.jpg
2026-02-14 09:01:56 | INFO     | face_search:searchFaces:94 | 搜索已取消，已处理 1/5 个文件
2026-02-14 09:01:56 | INFO     | face_search:searchFaces:174 | 搜索完成: 处理 1 个文件, 跳过 1 个文件, 找到 0 个匹配结果, 已取消: True
2026-02-14 09:01:56 | INFO     | face_search:searchFaces:70 | 开始搜索人脸: 文件夹=C:\Users\ADMINI~1\AppData\Local\Temp\tmp65m5wcyl, 阈值=0.08576570827509579
2026-02-14 09:01:56 | INFO     | face_search:searchFaces:83 | 扫描完成，找到 9 个图片文件
2026-02-14 09:01:56 | INFO     | face_search:cancelSearch:195 | 收到取消搜索请求
2026-02-14 09:01:57 | INFO     | face_detection:detectFaces:57 | 图片中未检测到人脸: C:\Users\ADMINI~1\AppData\Local\Temp\tmp65m5wcyl\test_0.jpg
2026-02-14 09:01:57 | INFO     | face_search:searchFaces:94 | 搜索已取消，已处理 1/9 个文件
2026-02-14 09:01:57 | INFO     | face_search:searchFaces:174 | 搜索完成: 处理 1 个文件, 跳过 1 个文件, 找到 0 个匹配结果, 已取消: True
2026-02-14 09:01:57 | INFO     | face_search:searchFaces:70 | 开始搜索人脸: 文件夹=C:\Users\ADMINI~1\AppData\Local\Temp\tmp_vzp891v, 阈值=0.8134081336645749
2026-02-14 09:01:57 | INFO     | face_search:searchFaces:83 | 扫描完成，找到 14 个图片文件
2026-02-14 09:01:57 | INFO     | face_search:cancelSearch:195 | 收到取消搜索请求
2026-02-14 09:01:57 | INFO     | face_detection:detectFaces:57 | 图片中未检测到人脸: C:\Users\ADMINI~1\AppData\Local\Temp\tmp_vzp891v\test_0.jpg
2026-02-14 09:01:57 | INFO     | face_search:searchFaces:94 | 搜索已取消，已处理 1/14 个文件
2026-02-14 09:01:57 | INFO     | face_search:searchFaces:174 | 搜索完成: 处理 1 个文件, 跳过 1 个文件, 找到 0 个匹配结果, 已取消: True
2026-02-14 09:01:57 | INFO     | face_search:searchFaces:70 | 开始搜索人脸: 文件夹=C:\Users\ADMINI~1\AppData\Local\Temp\tmptrhq0ops, 阈值=2.1446004826828323e-49
2026-02-14 09:01:57 | INFO     | face_search:searchFaces:83 | 扫描完成，找到 8 个图片文件
2026-02-14 09:01:57 | INFO     | face_search:cancelSearch:195 | 收到取消搜索请求
2026-02-14 09:01:57 | INFO     | face_detection:detectFaces:57 | 图片中未检测到人脸: C:\Users\ADMINI~1\AppData\Local\Temp\tmptrhq0ops\test_0.jpg
2026-02-14 09:01:57 | INFO     | face_search:searchFaces:94 | 搜索已取消，已处理 1/8 个文件
2026-02-14 09:01:57 | INFO     | face_search:searchFaces:174 | 搜索完成: 处理 1 个文件, 跳过 1 个文件, 找到 0 个匹配结果, 已取消: True
2026-02-14 09:01:57 | INFO     | face_search:searchFaces:70 | 开始搜索人脸: 文件夹=C:\Users\ADMINI~1\AppData\Local\Temp\tmpohs2ls08, 阈值=0.6022292763338463
2026-02-14 09:01:57 | INFO     | face_search:searchFaces:83 | 扫描完成，找到 8 个图片文件
2026-02-14 09:01:57 | INFO     | face_search:cancelSearch:195 | 收到取消搜索请求
2026-02-14 09:01:57 | INFO     | face_detection:detectFaces:57 | 图片中未检测到人脸: C:\Users\ADMINI~1\AppData\Local\Temp\tmpohs2ls08\test_0.jpg
2026-02-14 09:01:57 | INFO     | face_search:searchFaces:94 | 搜索已取消，已处理 1/8 个文件
2026-02-14 09:01:57 | INFO     | face_search:searchFaces:174 | 搜索完成: 处理 1 个文件, 跳过 1 个文件, 找到 0 个匹配结果, 已取消: True
2026-02-14 09:01:57 | INFO     | face_search:searchFaces:70 | 开始搜索人脸: 文件夹=C:\Users\ADMINI~1\AppData\Local\Temp\tmpyk8ztbao, 阈值=0.0
2026-02-14 09:01:57 | INFO     | face_search:searchFaces:83 | 扫描完成，找到 3 个图片文件
2026-02-14 09:01:57 | INFO     | face_detection:detectFaces:57 | 图片中未检测到人脸: C:\Users\ADMINI~1\AppData\Local\Temp\tmpyk8ztbao\test_0.jpg
2026-02-14 09:01:57 | INFO     | face_detection:detectFaces:57 | 图片中未检测到人脸: C:\Users\ADMINI~1\AppData\Local\Temp\tmpyk8ztbao\test_1.jpg
2026-02-14 09:01:57 | INFO     | face_search:cancelSearch:195 | 收到取消搜索请求
2026-02-14 09:01:57 | INFO     | face_detection:detectFaces:57 | 图片中未检测到人脸: C:\Users\ADMINI~1\AppData\Local\Temp\tmpyk8ztbao\test_2.jpg
2026-02-14 09:01:57 | INFO     | face_search:cancelSearch:195 | 收到取消搜索请求
2026-02-14 09:01:57 | INFO     | face_search:searchFaces:174 | 搜索完成: 处理 3 个文件, 跳过 3 个文件, 找到 0 个匹配结果, 已取消: True
2026-02-14 09:01:57 | INFO     | face_search:searchFaces:70 | 开始搜索人脸: 文件夹=C:\Users\ADMINI~1\AppData\Local\Temp\tmpt6sxm0gy, 阈值=0.6967528838587697
2026-02-14 09:01:57 | INFO     | face_search:searchFaces:83 | 扫描完成，找到 9 个图片文件
2026-02-14 09:01:57 | INFO     | face_detection:detectFaces:57 | 图片中未检测到人脸: C:\Users\ADMINI~1\AppData\Local\Temp\tmpt6sxm0gy\test_0.jpg
2026-02-14 09:01:57 | INFO     | face_detection:detectFaces:57 | 图片中未检测到人脸: C:\Users\ADMINI~1\AppData\Local\Temp\tmpt6sxm0gy\test_1.jpg
2026-02-14 09:01:57 | INFO     | face_search:cancelSearch:195 | 收到取消搜索请求
2026-02-14 09:01:57 | INFO     | face_detection:detectFaces:57 | 图片中未检测到人脸: C:\Users\ADMINI~1\AppData\Local\Temp\tmpt6sxm0gy\test_2.jpg
2026-02-14 09:01:57 | INFO     | face_search:searchFaces:94 | 搜索已取消，已处理 3/9 个文件
2026-02-14 09:01:57 | INFO     | face_search:cancelSearch:195 | 收到取消搜索请求
2026-02-14 09:01:57 | INFO     | face_search:searchFaces:174 | 搜索完成: 处理 3 个文件, 跳过 3 个文件, 找到 0 个匹配结果, 已取消: True
2026-02-14 09:01:57 | INFO     | face_search:searchFaces:70 | 开始搜索人脸: 文件夹=C:\Users\ADMINI~1\AppData\Local\Temp\tmpxt_2065o, 阈值=2.2250738585e-313
2026-02-14 09:01:57 | INFO     | face_search:searchFaces:83 | 扫描完成，找到 7 个图片文件
2026-02-14 09:01:57 | INFO     | face_detection:detectFaces:57 | 图片中未检测到人脸: C:\Users\ADMINI~1\AppData\Local\Temp\tmpxt_2065o\test_0.jpg
2026-02-14 09:01:57 | INFO     | face_detection:detectFaces:57 | 图片中未检测到人脸: C:\Users\ADMINI~1\AppData\Local\Temp\tmpxt_2065o\test_1.jpg
2026-02-14 09:01:57 | INFO     | face_search:cancelSearch:195 | 收到取消搜索请求
2026-02-14 09:01:57 | INFO     | face_detection:detectFaces:57 | 图片中未检测到人脸: C:\Users\ADMINI~1\AppData\Local\Temp\tmpxt_2065o\test_2.jpg
2026-02-14 09:01:57 | INFO     | face_search:searchFaces:94 | 搜索已取消，已处理 3/7 个文件
2026-02-14 09:01:57 | INFO     | face_search:cancelSearch:195 | 收到取消搜索请求
2026-02-14 09:01:57 | INFO     | face_search:searchFaces:174 | 搜索完成: 处理 3 个文件, 跳过 3 个文件, 找到 0 个匹配结果, 已取消: True
2026-02-14 09:01:57 | INFO     | face_search:searchFaces:70 | 开始搜索人脸: 文件夹=C:\Users\ADMINI~1\AppData\Local\Temp\tmpq_bh8hcb, 阈值=0.2885254542600582
2026-02-14 09:01:57 | INFO     | face_search:searchFaces:83 | 扫描完成，找到 6 个图片文件
2026-02-14 09:01:57 | INFO     | face_detection:detectFaces:57 | 图片中未检测到人脸: C:\Users\ADMINI~1\AppData\Local\Temp\tmpq_bh8hcb\test_0.jpg
2026-02-14 09:01:57 | INFO     | face_detection:detectFaces:57 | 图片中未检测到人脸: C:\Users\ADMINI~1\AppData\Local\Temp\tmpq_bh8hcb\test_1.jpg
2026-02-14 09:01:57 | INFO     | face_search:cancelSearch:195 | 收到取消搜索请求
2026-02-14 09:01:57 | INFO     | face_detection:detectFaces:57 | 图片中未检测到人脸: C:\Users\ADMINI~1\AppData\Local\Temp\tmpq_bh8hcb\test_2.jpg
2026-02-14 09:01:57 | INFO     | face_search:searchFaces:94 | 搜索已取消，已处理 3/6 个文件
2026-02-14 09:01:57 | INFO     | face_search:cancelSearch:195 | 收到取消搜索请求
2026-02-14 09:01:57 | INFO     | face_search:searchFaces:174 | 搜索完成: 处理 3 个文件, 跳过 3 个文件, 找到 0 个匹配结果, 已取消: True
2026-02-14 09:01:57 | INFO     | face_search:searchFaces:70 | 开始搜索人脸: 文件夹=C:\Users\ADMINI~1\AppData\Local\Temp\tmpstnjmujp, 阈值=0.0790390440426081
2026-02-14 09:01:57 | INFO     | face_search:searchFaces:83 | 扫描完成，找到 8 个图片文件
2026-02-14 09:01:57 | INFO     | face_detection:detectFaces:57 | 图片中未检测到人脸: C:\Users\ADMINI~1\AppData\Local\Temp\tmpstnjmujp\test_0.jpg
2026-02-14 09:01:57 | INFO     | face_detection:detectFaces:57 | 图片中未检测到人脸: C:\Users\ADMINI~1\AppData\Local\Temp\tmpstnjmujp\test_1.jpg
2026-02-14 09:01:57 | INFO     | face_search:cancelSearch:195 | 收到取消搜索请求
2026-02-14 09:01:57 | INFO     | face_detection:detectFaces:57 | 图片中未检测到人脸: C:\Users\ADMINI~1\AppData\Local\Temp\tmpstnjmujp\test_2.jpg
2026-02-14 09:01:57 | INFO     | face_search:searchFaces:94 | 搜索已取消，已处理 3/8 个文件
2026-02-14 09:01:57 | INFO     | face_search:cancelSearch:195 | 收到取消搜索请求
2026-02-14 09:01:57 | INFO     | face_search:searchFaces:174 | 搜索完成: 处理 3 个文件, 跳过 3 个文件, 找到 0 个匹配结果, 已取消: True
2026-02-14 09:01:57 | INFO     | face_search:searchFaces:70 | 开始搜索人脸: 文件夹=C:\Users\ADMINI~1\AppData\Local\Temp\tmptd7y8r6x, 阈值=0.031557948810144516
2026-02-14 09:01:57 | INFO     | face_search:searchFaces:83 | 扫描完成，找到 3 个图片文件
2026-02-14 09:01:57 | INFO     | face_detection:detectFaces:57 | 图片中未检测到人脸: C:\Users\ADMINI~1\AppData\Local\Temp\tmptd7y8r6x\test_0.jpg
2026-02-14 09:01:57 | INFO     | face_detection:detectFaces:57 | 图片中未检测到人脸: C:\Users\ADMINI~1\AppData\Local\Temp\tmptd7y8r6x\test_1.jpg
2026-02-14 09:01:57 | INFO     | face_search:cancelSearch:195 | 收到取消搜索请求
2026-02-14 09:01:57 | INFO     | face_detection:detectFaces:57 | 图片中未检测到人脸: C:\Users\ADMINI~1\AppData\Local\Temp\tmptd7y8r6x\test_2.jpg
2026-02-14 09:01:57 | INFO     | face_search:cancelSearch:195 | 收到取消搜索请求
2026-02-14 09:01:57 | INFO     | face_search:searchFaces:174 | 搜索完成: 处理 3 个文件, 跳过 3 个文件, 找到 0 个匹配结果, 已取消: True
2026-02-14 09:01:57 | INFO     | face_search:searchFaces:70 | 开始搜索人脸: 文件夹=C:\Users\ADMINI~1\AppData\Local\Temp\tmpho9krl6m, 阈值=8.792174434147129e-247
2026-02-14 09:01:57 | INFO     | face_search:searchFaces:83 | 扫描完成，找到 8 个图片文件
2026-02-14 09:01:58 | INFO     | face_detection:detectFaces:57 | 图片中未检测到人脸: C:\Users\ADMINI~1\AppData\Local\Temp\tmpho9krl6m\test_0.jpg
2026-02-14 09:01:58 | INFO     | face_detection:detectFaces:57 | 图片中未检测到人脸: C:\Users\ADMINI~1\AppData\Local\Temp\tmpho9krl6m\test_1.jpg
2026-02-14 09:01:58 | INFO     | face_search:cancelSearch:195 | 收到取消搜索请求
2026-02-14 09:01:58 | INFO     | face_detection:detectFaces:57 | 图片中未检测到人脸: C:\Users\ADMINI~1\AppData\Local\Temp\tmpho9krl6m\test_2.jpg
2026-02-14 09:01:58 | INFO     | face_search:searchFaces:94 | 搜索已取消，已处理 3/8 个文件
2026-02-14 09:01:58 | INFO     | face_search:cancelSearch:195 | 收到取消搜索请求
2026-02-14 09:01:58 | INFO     | face_search:searchFaces:174 | 搜索完成: 处理 3 个文件, 跳过 3 个文件, 找到 0 个匹配结果, 已取消: True
2026-02-14 09:01:58 | INFO     | face_search:searchFaces:70 | 开始搜索人脸: 文件夹=C:\Users\ADMINI~1\AppData\Local\Temp\tmpn4nvck9x, 阈值=0.5242193140359973
2026-02-14 09:01:58 | INFO     | face_search:searchFaces:83 | 扫描完成，找到 9 个图片文件
2026-02-14 09:01:58 | INFO     | face_detection:detectFaces:57 | 图片中未检测到人脸: C:\Users\ADMINI~1\AppData\Local\Temp\tmpn4nvck9x\test_0.jpg
2026-02-14 09:01:58 | INFO     | face_detection:detectFaces:57 | 图片中未检测到人脸: C:\Users\ADMINI~1\AppData\Local\Temp\tmpn4nvck9x\test_1.jpg
2026-02-14 09:01:58 | INFO     | face_search:cancelSearch:195 | 收到取消搜索请求
2026-02-14 09:01:58 | INFO     | face_detection:detectFaces:57 | 图片中未检测到人脸: C:\Users\ADMINI~1\AppData\Local\Temp\tmpn4nvck9x\test_2.jpg
2026-02-14 09:01:58 | INFO     | face_search:searchFaces:94 | 搜索已取消，已处理 3/9 个文件
2026-02-14 09:01:58 | INFO     | face_search:cancelSearch:195 | 收到取消搜索请求
2026-02-14 09:01:58 | INFO     | face_search:searchFaces:174 | 搜索完成: 处理 3 个文件, 跳过 3 个文件, 找到 0 个匹配结果, 已取消: True
2026-02-14 09:01:58 | INFO     | face_search:cancelSearch:195 | 收到取消搜索请求
2026-02-14 09:01:58 | INFO     | face_search:cancelSearch:195 | 收到取消搜索请求
2026-02-14 09:01:58 | INFO     | face_search:cancelSearch:195 | 收到取消搜索请求
2026-02-14 09:01:58 | INFO     | face_search:cancelSearch:195 | 收到取消搜索请求
2026-02-14 09:01:58 | INFO     | face_search:cancelSearch:195 | 收到取消搜索请求
2026-02-14 09:01:58 | INFO     | face_search:cancelSearch:195 | 收到取消搜索请求
2026-02-14 09:01:58 | INFO     | face_search:cancelSearch:195 | 收到取消搜索请求
2026-02-14 09:01:58 | INFO     | face_search:cancelSearch:195 | 收到取消搜索请求
2026-02-14 09:01:59 | INFO     | app:upload_image:122 | 图片上传成功: 20f5d282-ad57-4abc-b017-08378cf3c51a, 文件名: test.jpg
2026-02-14 09:01:59 | INFO     | app:upload_image:122 | 图片上传成功: 87622448-1df2-4702-9798-f884b984e80c, 文件名: test.png
2026-02-14 09:01:59 | WARNING  | error_handlers:handle_validation_error:110 | 验证错误: 未提供文件, 字段: file
2026-02-14 09:01:59 | WARNING  | error_handlers:handle_validation_error:110 | 验证错误: 未选择文件, 字段: file
2026-02-14 09:01:59 | WARNING  | error_handlers:handle_validation_error:110 | 验证错误: Unsupported file format. Supported formats: .jpg, .jpeg, .png, .webp, 字段: file
2026-02-14 09:01:59 | INFO     | app:upload_image:122 | 图片上传成功: 8342b747-aff1-4ec4-9456-701a77d63939, 文件名: test.jpg
2026-02-14 09:01:59 | INFO     | app:upload_image:122 | 图片上传成功: be8650b4-a775-48cf-a3be-d03638ce11c7, 文件名: test.jpg
2026-02-14 09:01:59 | WARNING  | app:preview_image:159 | 预览请求失败，未找到图片: nonexistent-id
2026-02-14 09:01:59 | WARNING  | error_handlers:handle_not_found_error:125 | 资源未找到: 未找到图片: nonexistent-id, 类型: image, ID: nonexistent-id
2026-02-14 09:01:59 | INFO     | app:upload_image:122 | 图片上传成功: 263cb504-5dd2-4140-9e18-c3b81d313cc6, 文件名: test.jpg
2026-02-14 09:01:59 | WARNING  | error_handlers:handle_file_too_large:161 | 文件大小超限: 10MB
2026-02-14 09:01:59 | INFO     | app:upload_image:122 | 图片上传成功: 52b39543-bb63-4fd8-b5ad-cfcfc9a7ec15, 文件名: test.jpg
2026-02-14 09:01:59 | INFO     | app:upload_image:122 | 图片上传成功: 5f175553-ac18-464d-a123-240d17207b9e, 文件名: test.png
2026-02-14 09:01:59 | INFO     | app:upload_image:122 | 图片上传成功: a0073dc8-290a-4a41-875e-d43407a729ad, 文件名: test.webp
2026-02-14 09:01:59 | INFO     | app:upload_image:122 | 图片上传成功: 7b5bca60-4057-4113-9330-943a025c4f58, 文件名: test.jpeg
2026-02-14 09:01:59 | WARNING  | error_handlers:handle_validation_error:110 | 验证错误: Unsupported file format. Supported formats: .jpg, .jpeg, .png, .webp, 字段: file
2026-02-14 09:01:59 | WARNING  | error_handlers:handle_validation_error:110 | 验证错误: Unsupported file format. Supported formats: .jpg, .jpeg, .png, .webp, 字段: file
2026-02-14 09:01:59 | INFO     | app:upload_image:122 | 图片上传成功: 7fd27e0a-a277-44e4-a21b-d0e7d94163a1, 文件名: test.jpg
2026-02-14 09:01:59 | INFO     | app:upload_image:122 | 图片上传成功: 17aa726f-33eb-4cb2-b102-27bedd2579c8, 文件名: test.jpg
2026-02-14 09:02:00 | INFO     | app:upload_image:122 | 图片上传成功: c7c762e9-1d88-4b7d-97e5-838e66e663f0, 文件名: test.jpg
2026-02-14 09:02:01 | INFO     | app:upload_image:122 | 图片上传成功: 6d0671c2-60ac-4748-836c-97c430aa15ee, 文件名: test.jpg
2026-02-14 09:02:01 | INFO     | app:upload_image:122 | 图片上传成功: 4b39a39f-4a5a-47de-a217-4e95fc88ad1b, 文件名: test.jpg
2026-02-14 09:02:02 | WARNING  | error_handlers:handle_file_too_large:161 | 文件大小超限: 10MB
2026-02-14 09:02:17 | WARNING  | error_handlers:handle_file_too_large:161 | 文件大小超限: 10MB
2026-02-14 09:02:26 | WARNING  | error_handlers:handle_file_too_large:161 | 文件大小超限: 10MB
2026-02-14 09:02:37 | WARNING  | error_handlers:handle_file_too_large:161 | 文件大小超限: 10MB
2026-02-14 09:02:55 | WARNING  | error_handlers:handle_file_too_large:161 | 文件大小超限: 10MB
2026-02-14 09:03:08 | WARNING  | error_handlers:handle_file_too_large:161 | 文件大小超限: 10MB
2026-02-14 09:03:19 | WARNING  | error_handlers:handle_file_too_large:161 | 文件大小超限: 10MB
2026-02-14 09:03:30 | WARNING  | error_handlers:handle_file_too_large:161 | 文件大小超限: 10MB
2026-02-14 09:03:43 | WARNING  | error_handlers:handle_file_too_large:161 | 文件大小超限: 10MB
2026-02-14 09:03:59 | WARNING  | error_handlers:handle_file_too_large:161 | 文件大小超限: 10MB
2026-02-14 09:04:21 | WARNING  | error_handlers:handle_file_too_large:161 | 文件大小超限: 10MB
2026-02-14 09:04:38 | WARNING  | error_handlers:handle_file_too_large:161 | 文件大小超限: 10MB
2026-02-14 09:05:03 | WARNING  | error_handlers:handle_file_too_large:161 | 文件大小超限: 10MB
2026-02-14 09:05:17 | WARNING  | error_handlers:handle_file_too_large:161 | 文件大小超限: 10MB
2026-02-14 09:05:30 | WARNING  | error_handlers:handle_file_too_large:161 | 文件大小超限: 10MB
2026-02-14 09:05:48 | WARNING  | error_handlers:handle_file_too_large:161 | 文件大小超限: 10MB
2026-02-14 09:06:09 | WARNING  | error_handlers:handle_file_too_large:161 | 文件大小超限: 10MB
2026-02-14 09:06:24 | WARNING  | error_handlers:handle_file_too_large:161 | 文件大小超限: 10MB
2026-02-14 09:06:40 | WARNING  | error_handlers:handle_file_too_large:161 | 文件大小超限: 10MB
2026-02-14 09:06:51 | WARNING  | error_handlers:handle_file_too_large:161 | 文件大小超限: 10MB
2026-02-14 09:07:09 | WARNING  | error_handlers:handle_file_too_large:161 | 文件大小超限: 10MB
2026-02-14 09:07:30 | WARNING  | error_handlers:handle_file_too_large:161 | 文件大小超限: 10MB
2026-02-14 09:07:32 | WARNING  | error_handlers:handle_file_too_large:161 | 文件大小超限: 10MB
2026-02-14 09:07:32 | INFO     | app:upload_image:122 | 图片上传成功: 0c49327a-4111-40d3-913a-db770d8d450c, 文件名: test.jpg
2026-02-14 09:07:32 | INFO     | app:upload_image:122 | 图片上传成功: 2d485159-5faf-404d-a7d1-2365e1032368, 文件名: test.jpg
2026-02-14 09:07:32 | INFO     | app:upload_image:122 | 图片上传成功: 9b4c36c6-a2c6-4057-bac4-5c345874a142, 文件名: test.webp
2026-02-14 09:07:32 | INFO     | app:upload_image:122 | 图片上传成功: 7d19531f-62b2-49d6-9273-2642e06dfc74, 文件名: test.png
2026-02-14 09:07:32 | INFO     | app:upload_image:122 | 图片上传成功: 7d69518a-fb92-431e-a0e9-1e79110d760f, 文件名: test.webp
2026-02-14 09:07:32 | INFO     | app:upload_image:122 | 图片上传成功: 1ca56279-1529-4945-b28f-3d7cbb7b2933, 文件名: test.jpg
2026-02-14 09:07:32 | INFO     | app:upload_image:122 | 图片上传成功: 7aa8450b-8286-453e-b580-fe2820107eb1, 文件名: test_0.jpg
2026-02-14 09:07:32 | INFO     | app:upload_image:122 | 图片上传成功: ab036f36-ece3-4c63-ae53-e3e97272d400, 文件名: test_1.jpg
2026-02-14 09:07:32 | INFO     | app:upload_image:122 | 图片上传成功: d6c898a1-18ad-4177-afbc-6812951b02f0, 文件名: test_2.jpg
2026-02-14 09:07:32 | INFO     | app:upload_image:122 | 图片上传成功: 3a7a9f38-f2ba-468b-bc9f-b01d51e55ce4, 文件名: test_0.png
2026-02-14 09:07:32 | INFO     | app:upload_image:122 | 图片上传成功: 0e63d196-3662-4e4e-a9fe-42e2d714ed28, 文件名: test_1.png
2026-02-14 09:07:32 | INFO     | app:upload_image:122 | 图片上传成功: b06d44bd-c164-40a7-8317-708cbf30d5f1, 文件名: test_2.png
2026-02-14 09:07:33 | INFO     | app:upload_image:122 | 图片上传成功: dcb16e2d-d12c-428b-8e4b-ed6bf25445db, 文件名: test_0.webp
2026-02-14 09:07:33 | INFO     | app:upload_image:122 | 图片上传成功: 2197cc41-400d-4e4a-87dd-c859376447d6, 文件名: test_1.webp
2026-02-14 09:07:33 | INFO     | app:upload_image:122 | 图片上传成功: 0d9189b4-410d-4e36-8a83-135f434e6ad4, 文件名: test_2.webp
2026-02-14 09:07:33 | WARNING  | app:preview_image:159 | 预览请求失败，未找到图片: d3cb817c-482d-4b38-8b0b-b88433e0e972
2026-02-14 09:07:33 | WARNING  | error_handlers:handle_not_found_error:125 | 资源未找到: 未找到图片: d3cb817c-482d-4b38-8b0b-b88433e0e972, 类型: image, ID: d3cb817c-482d-4b38-8b0b-b88433e0e972
2026-02-14 09:08:24 | INFO     | image_export:exportImages:79 | 开始转存图片: 1 个文件到 C:\Users\ADMINI~1\AppData\Local\Temp\tmpwlfwnw6f\target
2026-02-14 09:08:24 | INFO     | image_export:exportImages:155 | 转存完成: 成功 1, 失败 0
2026-02-14 09:08:24 | INFO     | image_export:exportImages:79 | 开始转存图片: 1 个文件到 C:\Users\ADMINI~1\AppData\Local\Temp\tmpz25cbd2g\target
2026-02-14 09:08:24 | INFO     | image_export:exportImages:155 | 转存完成: 成功 1, 失败 0
2026-02-14 09:08:24 | INFO     | image_export:exportImages:79 | 开始转存图片: 1 个文件到 C:\Users\ADMINI~1\AppData\Local\Temp\tmpe3ah9dqn\target
2026-02-14 09:08:24 | INFO     | image_export:exportImages:155 | 转存完成: 成功 1, 失败 0
2026-02-14 09:08:24 | INFO     | image_export:exportImages:79 | 开始转存图片: 1 个文件到 C:\Users\ADMINI~1\AppData\Local\Temp\tmph5lupthn\target
2026-02-14 09:08:24 | INFO     | image_export:exportImages:155 | 转存完成: 成功 1, 失败 0
2026-02-14 09:08:24 | INFO     | image_export:exportImages:79 | 开始转存图片: 9 个文件到 C:\Users\ADMINI~1\AppData\Local\Temp\tmp07y465j_\target
2026-02-14 09:08:24 | INFO     | image_export:exportImages:155 | 转存完成: 成功 9, 失败 0
2026-02-14 09:08:24 | INFO     | image_export:exportImages:79 | 开始转存图片: 2 个文件到 C:\Users\ADMINI~1\AppData\Local\Temp\tmp755nx8aj\target
2026-02-14 09:08:24 | INFO     | image_export:exportImages:155 | 转存完成: 成功 2, 失败 0
2026-02-14 09:08:24 | INFO     | image_export:exportImages:79 | 开始转存图片: 1 个文件到 C:\Users\ADMINI~1\AppData\Local\Temp\tmpk9ged3y3\target
2026-02-14 09:08:24 | INFO     | image_export:exportImages:155 | 转存完成: 成功 1, 失败 0
2026-02-14 09:08:24 | INFO     | image_export:exportImages:79 | 开始转存图片: 1 个文件到 C:\Users\ADMINI~1\AppData\Local\Temp\tmp67gidjln\target
2026-02-14 09:08:24 | INFO     | image_export:exportImages:155 | 转存完成: 成功 1, 失败 0
2026-02-14 09:08:24 | INFO     | image_export:exportImages:79 | 开始转存图片: 1 个文件到 C:\Users\ADMINI~1\AppData\Local\Temp\tmpq0sxhjal\target
2026-02-14 09:08:24 | INFO     | image_export:exportImages:155 | 转存完成: 成功 1, 失败 0
2026-02-14 09:08:24 | INFO     | image_export:exportImages:79 | 开始转存图片: 1 个文件到 C:\Users\ADMINI~1\AppData\Local\Temp\tmpcfz3xqvh\target
2026-02-14 09:08:24 | INFO     | image_export:exportImages:155 | 转存完成: 成功 1, 失败 0
2026-02-14 09:08:24 | INFO     | image_export:exportImages:79 | 开始转存图片: 1 个文件到 C:\Users\ADMINI~1\AppData\Local\Temp\tmpb0hiztff\target
2026-02-14 09:08:24 | INFO     | image_export:exportImages:155 | 转存完成: 成功 1, 失败 0
2026-02-14 09:08:24 | INFO     | image_export:exportImages:79 | 开始转存图片: 1 个文件到 C:\Users\ADMINI~1\AppData\Local\Temp\tmp97sx9pua\target
2026-02-14 09:08:24 | INFO     | image_export:exportImages:155 | 转存完成: 成功 1, 失败 0
2026-02-14 09:08:24 | INFO     | image_export:exportImages:79 | 开始转存图片: 2 个文件到 C:\Users\ADMINI~1\AppData\Local\Temp\tmpe7q0wciw\target
2026-02-14 09:08:24 | WARNING  | image_export:exportImages:101 | 源文件不存在: C:\Users\ADMINI~1\AppData\Local\Temp\tmpe7q0wciw\source\invalid_0.jpg
2026-02-14 09:08:24 | INFO     | image_export:exportImages:155 | 转存完成: 成功 1, 失败 1
2026-02-14 09:08:25 | INFO     | image_export:exportImages:79 | 开始转存图片: 4 个文件到 C:\Users\ADMINI~1\AppData\Local\Temp\tmp7sjaexgj\target
2026-02-14 09:08:25 | WARNING  | image_export:exportImages:101 | 源文件不存在: C:\Users\ADMINI~1\AppData\Local\Temp\tmp7sjaexgj\source\invalid_0.jpg
2026-02-14 09:08:25 | WARNING  | image_export:exportImages:101 | 源文件不存在: C:\Users\ADMINI~1\AppData\Local\Temp\tmp7sjaexgj\source\invalid_1.jpg
2026-02-14 09:08:25 | INFO     | image_export:exportImages:155 | 转存完成: 成功 2, 失败 2
2026-02-14 09:08:25 | INFO     | image_export:exportImages:79 | 开始转存图片: 6 个文件到 C:\Users\ADMINI~1\AppData\Local\Temp\tmp8y3t757k\target
2026-02-14 09:08:25 | WARNING  | image_export:exportImages:101 | 源文件不存在: C:\Users\ADMINI~1\AppData\Local\Temp\tmp8y3t757k\source\invalid_0.jpg
2026-02-14 09:08:25 | WARNING  | image_export:exportImages:101 | 源文件不存在: C:\Users\ADMINI~1\AppData\Local\Temp\tmp8y3t757k\source\invalid_1.jpg
2026-02-14 09:08:25 | INFO     | image_export:exportImages:155 | 转存完成: 成功 4, 失败 2
2026-02-14 09:08:25 | INFO     | image_export:exportImages:79 | 开始转存图片: 1 个文件到 C:\Users\ADMINI~1\AppData\Local\Temp\tmp26kfuaqx\target
2026-02-14 09:08:25 | INFO     | image_export:exportImages:155 | 转存完成: 成功 1, 失败 0
2026-02-14 09:08:25 | INFO     | image_export:exportImages:79 | 开始转存图片: 1 个文件到 C:\Users\ADMINI~1\AppData\Local\Temp\tmpq8etovdr\target
2026-02-14 09:08:25 | INFO     | image_export:exportImages:155 | 转存完成: 成功 1, 失败 0
2026-02-14 09:08:25 | INFO     | image_export:exportImages:79 | 开始转存图片: 1 个文件到 C:\Users\ADMINI~1\AppData\Local\Temp\tmpwxzttqd0\target
2026-02-14 09:08:25 | INFO     | image_export:exportImages:155 | 转存完成: 成功 1, 失败 0
2026-02-14 09:08:25 | INFO     | image_export:exportImages:79 | 开始转存图片: 1 个文件到 C:\Users\ADMINI~1\AppData\Local\Temp\tmp7_lwp5yb\target
2026-02-14 09:08:25 | INFO     | image_export:exportImages:155 | 转存完成: 成功 1, 失败 0
2026-02-14 09:08:25 | INFO     | image_export:exportImages:79 | 开始转存图片: 1 个文件到 C:\Users\ADMINI~1\AppData\Local\Temp\tmpi4hrvdl8\target
2026-02-14 09:08:25 | INFO     | image_export:exportImages:155 | 转存完成: 成功 1, 失败 0
2026-02-14 09:08:25 | INFO     | image_export:exportImages:79 | 开始转存图片: 1 个文件到 C:\Users\ADMINI~1\AppData\Local\Temp\tmp1tji7nl9\target
2026-02-14 09:08:25 | INFO     | image_export:exportImages:155 | 转存完成: 成功 1, 失败 0
2026-02-14 09:08:25 | INFO     | image_export:exportImages:79 | 开始转存图片: 1 个文件到 C:\Users\ADMINI~1\AppData\Local\Temp\tmp1tji7nl9\target
2026-02-14 09:08:25 | INFO     | image_export:exportImages:155 | 转存完成: 成功 1, 失败 0
2026-02-14 09:08:25 | INFO     | image_export:exportImages:79 | 开始转存图片: 1 个文件到 C:\Users\ADMINI~1\AppData\Local\Temp\tmp1tji7nl9\target
2026-02-14 09:08:25 | INFO     | image_export:exportImages:155 | 转存完成: 成功 1, 失败 0
2026-02-14 09:08:25 | INFO     | image_export:exportImages:79 | 开始转存图片: 1 个文件到 C:\Users\ADMINI~1\AppData\Local\Temp\tmp1tji7nl9\target
2026-02-14 09:08:25 | INFO     | image_export:exportImages:155 | 转存完成: 成功 1, 失败 0
2026-02-14 09:08:25 | INFO     | image_export:exportImages:79 | 开始转存图片: 1 个文件到 C:\Users\ADMINI~1\AppData\Local\Temp\tmpr46fo5bc\target
2026-02-14 09:08:25 | INFO     | image_export:exportImages:155 | 转存完成: 成功 1, 失败 0
2026-02-14 09:08:25 | INFO     | image_export:exportImages:79 | 开始转存图片: 1 个文件到 C:\Users\ADMINI~1\AppData\Local\Temp\tmpr46fo5bc\target
2026-02-14 09:08:25 | INFO     | image_export:exportImages:155 | 转存完成: 成功 1, 失败 0
2026-02-14 09:08:25 | INFO     | image_export:exportImages:79 | 开始转存图片: 1 个文件到 C:\Users\ADMINI~1\AppData\Local\Temp\tmpr46fo5bc\target
2026-02-14 09:08:25 | INFO     | image_export:exportImages:155 | 转存完成: 成功 1, 失败 0
2026-02-14 09:08:25 | INFO     | image_export:exportImages:79 | 开始转存图片: 1 个文件到 C:\Users\ADMINI~1\AppData\Local\Temp\tmpr46fo5bc\target
2026-02-14 09:08:25 | INFO     | image_export:exportImages:155 | 转存完成: 成功 1, 失败 0
2026-02-14 09:08:25 | INFO     | image_export:exportImages:79 | 开始转存图片: 1 个文件到 C:\Users\ADMINI~1\AppData\Local\Temp\tmp888gatg0\target
2026-02-14 09:08:25 | INFO     | image_export:exportImages:155 | 转存完成: 成功 1, 失败 0
2026-02-14 09:08:25 | INFO     | image_export:exportImages:79 | 开始转存图片: 1 个文件到 C:\Users\ADMINI~1\AppData\Local\Temp\tmptoowqq1a\target
2026-02-14 09:08:25 | INFO     | image_export:exportImages:155 | 转存完成: 成功 1, 失败 0
2026-02-14 09:08:25 | INFO     | image_export:exportImages:79 | 开始转存图片: 1 个文件到 C:\Users\ADMINI~1\AppData\Local\Temp\tmp003a79ez\target
2026-02-14 09:08:25 | INFO     | image_export:exportImages:155 | 转存完成: 成功 1, 失败 0
2026-02-14 09:08:25 | INFO     | image_export:exportImages:79 | 开始转存图片: 0 个文件到 C:\Users\ADMINI~1\AppData\Local\Temp\tmpkodwu5i0\target
2026-02-14 09:08:25 | INFO     | image_export:exportImages:155 | 转存完成: 成功 0, 失败 0
2026-02-14 09:08:25 | INFO     | image_export:exportImages:79 | 开始转存图片: 10 个文件到 C:\Users\ADMINI~1\AppData\Local\Temp\tmpkmwd7tys\target
2026-02-14 09:08:25 | INFO     | image_export:exportImages:155 | 转存完成: 成功 10, 失败 0
2026-02-14 09:08:25 | INFO     | image_export:exportImages:79 | 开始转存图片: 13 个文件到 C:\Users\ADMINI~1\AppData\Local\Temp\tmp0ww8e2m_\target
2026-02-14 09:08:25 | INFO     | image_export:exportImages:155 | 转存完成: 成功 13, 失败 0
2026-02-14 09:08:25 | INFO     | image_export:exportImages:79 | 开始转存图片: 0 个文件到 C:\Users\ADMINI~1\AppData\Local\Temp\tmpuvuda9wh\target
2026-02-14 09:08:25 | INFO     | image_export:exportImages:155 | 转存完成: 成功 0, 失败 0
2026-02-14 09:08:25 | INFO     | image_export:exportImages:79 | 开始转存图片: 9 个文件到 C:\Users\ADMINI~1\AppData\Local\Temp\tmpuqzep8gl\target
2026-02-14 09:08:25 | WARNING  | image_export:exportImages:101 | 源文件不存在: C:\Users\ADMINI~1\AppData\Local\Temp\tmpuqzep8gl\source\invalid_0.jpg
2026-02-14 09:08:25 | WARNING  | image_export:exportImages:101 | 源文件不存在: C:\Users\ADMINI~1\AppData\Local\Temp\tmpuqzep8gl\source\invalid_1.jpg
2026-02-14 09:08:25 | WARNING  | image_export:exportImages:101 | 源文件不存在: C:\Users\ADMINI~1\AppData\Local\Temp\tmpuqzep8gl\source\invalid_2.jpg
2026-02-14 09:08:25 | WARNING  | image_export:exportImages:101 | 源文件不存在: C:\Users\ADMINI~1\AppData\Local\Temp\tmpuqzep8gl\source\invalid_3.jpg
2026-02-14 09:08:25 | WARNING  | image_export:exportImages:101 | 源文件不存在: C:\Users\ADMINI~1\AppData\Local\Temp\tmpuqzep8gl\source\invalid_4.jpg
2026-02-14 09:08:25 | WARNING  | image_export:exportImages:101 | 源文件不存在: C:\Users\ADMINI~1\AppData\Local\Temp\tmpuqzep8gl\source\invalid_5.jpg
2026-02-14 09:08:25 | WARNING  | image_export:exportImages:101 | 源文件不存在: C:\Users\ADMINI~1\AppData\Local\Temp\tmpuqzep8gl\source\invalid_6.jpg
2026-02-14 09:08:25 | INFO     | image_export:exportImages:155 | 转存完成: 成功 2, 失败 7
2026-02-14 09:08:25 | INFO     | image_export:exportImages:79 | 开始转存图片: 5 个文件到 C:\Users\ADMINI~1\AppData\Local\Temp\tmpvs3_qo7h\target
2026-02-14 09:08:25 | WARNING  | image_export:exportImages:101 | 源文件不存在: C:\Users\ADMINI~1\AppData\Local\Temp\tmpvs3_qo7h\source\invalid_0.jpg
2026-02-14 09:08:25 | WARNING  | image_export:exportImages:101 | 源文件不存在: C:\Users\ADMINI~1\AppData\Local\Temp\tmpvs3_qo7h\source\invalid_1.jpg
2026-02-14 09:08:25 | WARNING  | image_export:exportImages:101 | 源文件不存在: C:\Users\ADMINI~1\AppData\Local\Temp\tmpvs3_qo7h\source\invalid_2.jpg
2026-02-14 09:08:25 | INFO     | image_export:exportImages:155 | 转存完成: 成功 2, 失败 3
2026-02-14 09:08:26 | INFO     | image_export:exportImages:79 | 开始转存图片: 1 个文件到 C:\Users\ADMINI~1\AppData\Local\Temp\tmpp4x8yiae\target
2026-02-14 09:08:26 | WARNING  | image_export:exportImages:101 | 源文件不存在: C:\Users\ADMINI~1\AppData\Local\Temp\tmpp4x8yiae\source\nonexistent_0.jpg
2026-02-14 09:08:26 | INFO     | image_export:exportImages:155 | 转存完成: 成功 0, 失败 1
2026-02-14 09:08:26 | INFO     | image_export:exportImages:79 | 开始转存图片: 7 个文件到 C:\Users\ADMINI~1\AppData\Local\Temp\tmph7nyoo4t\target
2026-02-14 09:08:26 | WARNING  | image_export:exportImages:101 | 源文件不存在: C:\Users\ADMINI~1\AppData\Local\Temp\tmph7nyoo4t\source\nonexistent_0.jpg
2026-02-14 09:08:26 | WARNING  | image_export:exportImages:101 | 源文件不存在: C:\Users\ADMINI~1\AppData\Local\Temp\tmph7nyoo4t\source\nonexistent_1.jpg
2026-02-14 09:08:26 | WARNING  | image_export:exportImages:101 | 源文件不存在: C:\Users\ADMINI~1\AppData\Local\Temp\tmph7nyoo4t\source\nonexistent_2.jpg
2026-02-14 09:08:26 | WARNING  | image_export:exportImages:101 | 源文件不存在: C:\Users\ADMINI~1\AppData\Local\Temp\tmph7nyoo4t\source\nonexistent_3.jpg
2026-02-14 09:08:26 | WARNING  | image_export:exportImages:101 | 源文件不存在: C:\Users\ADMINI~1\AppData\Local\Temp\tmph7nyoo4t\source\nonexistent_4.jpg
2026-02-14 09:08:26 | WARNING  | image_export:exportImages:101 | 源文件不存在: C:\Users\ADMINI~1\AppData\Local\Temp\tmph7nyoo4t\source\nonexistent_5.jpg
2026-02-14 09:08:26 | WARNING  | image_export:exportImages:101 | 源文件不存在: C:\Users\ADMINI~1\AppData\Local\Temp\tmph7nyoo4t\source\nonexistent_6.jpg
2026-02-14 09:08:26 | INFO     | image_export:exportImages:155 | 转存完成: 成功 0, 失败 7
2026-02-14 09:08:26 | INFO     | image_export:exportImages:79 | 开始转存图片: 6 个文件到 C:\Users\ADMINI~1\AppData\Local\Temp\tmpal859avg\target
2026-02-14 09:08:26 | WARNING  | image_export:exportImages:101 | 源文件不存在: C:\Users\ADMINI~1\AppData\Local\Temp\tmpal859avg\source\nonexistent_0.jpg
2026-02-14 09:08:26 | WARNING  | image_export:exportImages:101 | 源文件不存在: C:\Users\ADMINI~1\AppData\Local\Temp\tmpal859avg\source\nonexistent_1.jpg
2026-02-14 09:08:26 | WARNING  | image_export:exportImages:101 | 源文件不存在: C:\Users\ADMINI~1\AppData\Local\Temp\tmpal859avg\source\nonexistent_2.jpg
2026-02-14 09:08:26 | WARNING  | image_export:exportImages:101 | 源文件不存在: C:\Users\ADMINI~1\AppData\Local\Temp\tmpal859avg\source\nonexistent_3.jpg
2026-02-14 09:08:26 | WARNING  | image_export:exportImages:101 | 源文件不存在: C:\Users\ADMINI~1\AppData\Local\Temp\tmpal859avg\source\nonexistent_4.jpg
2026-02-14 09:08:26 | WARNING  | image_export:exportImages:101 | 源文件不存在: C:\Users\ADMINI~1\AppData\Local\Temp\tmpal859avg\source\nonexistent_5.jpg
2026-02-14 09:08:26 | INFO     | image_export:exportImages:155 | 转存完成: 成功 0, 失败 6
2026-02-14 09:08:26 | INFO     | image_export:exportImages:79 | 开始转存图片: 0 个文件到 C:\Users\ADMINI~1\AppData\Local\Temp\tmpflzg7fqc\target
2026-02-14 09:08:26 | INFO     | image_export:exportImages:155 | 转存完成: 成功 0, 失败 0
2026-02-14 09:08:46 | INFO     | app:<module>:41 | Flask 应用启动
2026-02-14 09:08:48 | INFO     | face_detection:detectFaces:57 | 图片中未检测到人脸: C:\Users\Administrator\AppData\Local\Temp\pytest-of-Administrator\pytest-94\test_all_detected_faces_have_c0\test_pattern_200x200_1.jpg
2026-02-14 09:08:48 | INFO     | face_detection:detectFaces:57 | 图片中未检测到人脸: C:\Users\Administrator\AppData\Local\Temp\pytest-of-Administrator\pytest-94\test_all_detected_faces_have_c0\test_pattern_317x200_2.jpg
2026-02-14 09:08:50 | INFO     | face_detection:detectFaces:69 | 人脸检测完成: C:\Users\Administrator\AppData\Local\Temp\pytest-of-Administrator\pytest-94\test_all_detected_faces_have_c0\test_pattern_371x451_3.jpg, 检测到 2 个人脸
2026-02-14 09:08:50 | INFO     | face_detection:detectFaces:57 | 图片中未检测到人脸: C:\Users\Administrator\AppData\Local\Temp\pytest-of-Administrator\pytest-94\test_empty_detection_result_ha0\no_faces.jpg
2026-02-14 09:08:50 | INFO     | image_export:exportImages:79 | 开始转存图片: 1 个文件到 C:\Users\ADMINI~1\AppData\Local\Temp\tmptl2wtfdo\target
2026-02-14 09:08:50 | INFO     | image_export:exportImages:155 | 转存完成: 成功 1, 失败 0
2026-02-14 09:08:50 | INFO     | image_export:exportImages:79 | 开始转存图片: 1 个文件到 C:\Users\ADMINI~1\AppData\Local\Temp\tmpuv5dhcen\target
2026-02-14 09:08:50 | INFO     | image_export:exportImages:155 | 转存完成: 成功 1, 失败 0
2026-02-14 09:08:50 | INFO     | image_export:exportImages:79 | 开始转存图片: 1 个文件到 C:\Users\ADMINI~1\AppData\Local\Temp\tmp5dobbepn\target
2026-02-14 09:08:50 | INFO     | image_export:exportImages:155 | 转存完成: 成功 1, 失败 0
2026-02-14 09:08:50 | INFO     | image_export:exportImages:79 | 开始转存图片: 1 个文件到 C:\Users\ADMINI~1\AppData\Local\Temp\tmpefy2haqk\target
2026-02-14 09:08:50 | INFO     | image_export:exportImages:155 | 转存完成: 成功 1, 失败 0
2026-02-14 09:08:50 | INFO     | image_export:exportImages:79 | 开始转存图片: 7 个文件到 C:\Users\ADMINI~1\AppData\Local\Temp\tmpjo4_nv5e\target
2026-02-14 09:08:50 | INFO     | image_export:exportImages:155 | 转存完成: 成功 7, 失败 0
2026-02-14 09:08:50 | INFO     | image_export:exportImages:79 | 开始转存图片: 5 个文件到 C:\Users\ADMINI~1\AppData\Local\Temp\tmprlph_3wl\target
2026-02-14 09:08:51 | INFO     | image_export:exportImages:155 | 转存完成: 成功 5, 失败 0
2026-02-14 09:08:51 | INFO     | image_export:exportImages:79 | 开始转存图片: 1 个文件到 C:\Users\ADMINI~1\AppData\Local\Temp\tmpj601vp7p\target
2026-02-14 09:08:51 | INFO     | image_export:exportImages:155 | 转存完成: 成功 1, 失败 0
2026-02-14 09:08:51 | INFO     | image_export:exportImages:79 | 开始转存图片: 1 个文件到 C:\Users\ADMINI~1\AppData\Local\Temp\tmpwm9x3cuc\target
2026-02-14 09:08:51 | INFO     | image_export:exportImages:155 | 转存完成: 成功 1, 失败 0
2026-02-14 09:08:51 | INFO     | image_export:exportImages:79 | 开始转存图片: 1 个文件到 C:\Users\ADMINI~1\AppData\Local\Temp\tmpp20bm4dk\target
2026-02-14 09:08:51 | INFO     | image_export:exportImages:155 | 转存完成: 成功 1, 失败 0
2026-02-14 09:08:51 | INFO     | image_export:exportImages:79 | 开始转存图片: 1 个文件到 C:\Users\ADMINI~1\AppData\Local\Temp\tmp0pcf5ff8\target
2026-02-14 09:08:51 | INFO     | image_export:exportImages:155 | 转存完成: 成功 1, 失败 0
2026-02-14 09:08:51 | INFO     | image_export:exportImages:79 | 开始转存图片: 1 个文件到 C:\Users\ADMINI~1\AppData\Local\Temp\tmpurdnh7zh\target
2026-02-14 09:08:51 | INFO     | image_export:exportImages:155 | 转存完成: 成功 1, 失败 0
2026-02-14 09:08:51 | INFO     | image_export:exportImages:79 | 开始转存图片: 1 个文件到 C:\Users\ADMINI~1\AppData\Local\Temp\tmpmkxvhyap\target
2026-02-14 09:08:51 | INFO     | image_export:exportImages:155 | 转存完成: 成功 1, 失败 0
2026-02-14 09:08:51 | INFO     | image_export:exportImages:79 | 开始转存图片: 2 个文件到 C:\Users\ADMINI~1\AppData\Local\Temp\tmp7rjaj17h\target
2026-02-14 09:08:51 | WARNING  | image_export:exportImages:101 | 源文件不存在: C:\Users\ADMINI~1\AppData\Local\Temp\tmp7rjaj17h\source\invalid_0.jpg
2026-02-14 09:08:51 | INFO     | image_export:exportImages:155 | 转存完成: 成功 1, 失败 1
2026-02-14 09:08:51 | INFO     | image_export:exportImages:79 | 开始转存图片: 7 个文件到 C:\Users\ADMINI~1\AppData\Local\Temp\tmpryclqw_c\target
2026-02-14 09:08:51 | WARNING  | image_export:exportImages:101 | 源文件不存在: C:\Users\ADMINI~1\AppData\Local\Temp\tmpryclqw_c\source\invalid_0.jpg
2026-02-14 09:08:51 | WARNING  | image_export:exportImages:101 | 源文件不存在: C:\Users\ADMINI~1\AppData\Local\Temp\tmpryclqw_c\source\invalid_1.jpg
2026-02-14 09:08:51 | WARNING  | image_export:exportImages:101 | 源文件不存在: C:\Users\ADMINI~1\AppData\Local\Temp\tmpryclqw_c\source\invalid_2.jpg
2026-02-14 09:08:51 | INFO     | image_export:exportImages:155 | 转存完成: 成功 4, 失败 3
2026-02-14 09:08:51 | INFO     | image_export:exportImages:79 | 开始转存图片: 5 个文件到 C:\Users\ADMINI~1\AppData\Local\Temp\tmp7jzch8pk\target
2026-02-14 09:08:51 | WARNING  | image_export:exportImages:101 | 源文件不存在: C:\Users\ADMINI~1\AppData\Local\Temp\tmp7jzch8pk\source\invalid_0.jpg
2026-02-14 09:08:51 | WARNING  | image_export:exportImages:101 | 源文件不存在: C:\Users\ADMINI~1\AppData\Local\Temp\tmp7jzch8pk\source\invalid_1.jpg
2026-02-14 09:08:51 | INFO     | image_export:exportImages:155 | 转存完成: 成功 3, 失败 2
2026-02-14 09:08:51 | INFO     | image_export:exportImages:79 | 开始转存图片: 1 个文件到 C:\Users\ADMINI~1\AppData\Local\Temp\tmp_dnd4t6o\target
2026-02-14 09:08:51 | INFO     | image_export:exportImages:155 | 转存完成: 成功 1, 失败 0
2026-02-14 09:08:51 | INFO     | image_export:exportImages:79 | 开始转存图片: 1 个文件到 C:\Users\ADMINI~1\AppData\Local\Temp\tmp9lfatrhm\target
2026-02-14 09:08:51 | INFO     | image_export:exportImages:155 | 转存完成: 成功 1, 失败 0
2026-02-14 09:08:51 | INFO     | image_export:exportImages:79 | 开始转存图片: 1 个文件到 C:\Users\ADMINI~1\AppData\Local\Temp\tmpnfbulhpl\target
2026-02-14 09:08:51 | INFO     | image_export:exportImages:155 | 转存完成: 成功 1, 失败 0
2026-02-14 09:08:51 | INFO     | image_export:exportImages:79 | 开始转存图片: 1 个文件到 C:\Users\ADMINI~1\AppData\Local\Temp\tmp7bry1t1n\target
2026-02-14 09:08:51 | INFO     | image_export:exportImages:155 | 转存完成: 成功 1, 失败 0
2026-02-14 09:08:51 | INFO     | image_export:exportImages:79 | 开始转存图片: 1 个文件到 C:\Users\ADMINI~1\AppData\Local\Temp\tmp202_m9x_\target
2026-02-14 09:08:51 | INFO     | image_export:exportImages:155 | 转存完成: 成功 1, 失败 0
2026-02-14 09:08:51 | INFO     | image_export:exportImages:79 | 开始转存图片: 1 个文件到 C:\Users\ADMINI~1\AppData\Local\Temp\tmph_dtq2q5\target
2026-02-14 09:08:51 | INFO     | image_export:exportImages:155 | 转存完成: 成功 1, 失败 0
2026-02-14 09:08:51 | INFO     | image_export:exportImages:79 | 开始转存图片: 1 个文件到 C:\Users\ADMINI~1\AppData\Local\Temp\tmph_dtq2q5\target
2026-02-14 09:08:51 | INFO     | image_export:exportImages:155 | 转存完成: 成功 1, 失败 0
2026-02-14 09:08:51 | INFO     | image_export:exportImages:79 | 开始转存图片: 1 个文件到 C:\Users\ADMINI~1\AppData\Local\Temp\tmph_dtq2q5\target
2026-02-14 09:08:51 | INFO     | image_export:exportImages:155 | 转存完成: 成功 1, 失败 0
2026-02-14 09:08:51 | INFO     | image_export:exportImages:79 | 开始转存图片: 1 个文件到 C:\Users\ADMINI~1\AppData\Local\Temp\tmp1mkewtfe\target
2026-02-14 09:08:51 | INFO     | image_export:exportImages:155 | 转存完成: 成功 1, 失败 0
2026-02-14 09:08:51 | INFO     | image_export:exportImages:79 | 开始转存图片: 1 个文件到 C:\Users\ADMINI~1\AppData\Local\Temp\tmp1mkewtfe\target
2026-02-14 09:08:51 | INFO     | image_export:exportImages:155 | 转存完成: 成功 1, 失败 0
2026-02-14 09:08:51 | INFO     | image_export:exportImages:79 | 开始转存图片: 1 个文件到 C:\Users\ADMINI~1\AppData\Local\Temp\tmp1mkewtfe\target
2026-02-14 09:08:51 | INFO     | image_export:exportImages:155 | 转存完成: 成功 1, 失败 0
2026-02-14 09:08:51 | INFO     | image_export:exportImages:79 | 开始转存图片: 1 个文件到 C:\Users\ADMINI~1\AppData\Local\Temp\tmp1mkewtfe\target
2026-02-14 09:08:51 | INFO     | image_export:exportImages:155 | 转存完成: 成功 1, 失败 0
2026-02-14 09:08:51 | INFO     | image_export:exportImages:79 | 开始转存图片: 1 个文件到 C:\Users\ADMINI~1\AppData\Local\Temp\tmp1mkewtfe\target
2026-02-14 09:08:51 | INFO     | image_export:exportImages:155 | 转存完成: 成功 1, 失败 0
2026-02-14 09:08:51 | INFO     | image_export:exportImages:79 | 开始转存图片: 1 个文件到 C:\Users\ADMINI~1\AppData\Local\Temp\tmp01rcc3m5\target
2026-02-14 09:08:51 | INFO     | image_export:exportImages:155 | 转存完成: 成功 1, 失败 0
2026-02-14 09:08:51 | INFO     | image_export:exportImages:79 | 开始转存图片: 1 个文件到 C:\Users\ADMINI~1\AppData\Local\Temp\tmpaefmaqiq\target
2026-02-14 09:08:51 | INFO     | image_export:exportImages:155 | 转存完成: 成功 1, 失败 0
2026-02-14 09:08:51 | INFO     | image_export:exportImages:79 | 开始转存图片: 1 个文件到 C:\Users\ADMINI~1\AppData\Local\Temp\tmp_vhbw_op\target
2026-02-14 09:08:51 | INFO     | image_export:exportImages:155 | 转存完成: 成功 1, 失败 0
2026-02-14 09:08:51 | INFO     | image_export:exportImages:79 | 开始转存图片: 0 个文件到 C:\Users\ADMINI~1\AppData\Local\Temp\tmpou38wchm\target
2026-02-14 09:08:51 | INFO     | image_export:exportImages:155 | 转存完成: 成功 0, 失败 0
2026-02-14 09:08:51 | INFO     | image_export:exportImages:79 | 开始转存图片: 8 个文件到 C:\Users\ADMINI~1\AppData\Local\Temp\tmp4yf_2_93\target
2026-02-14 09:08:51 | INFO     | image_export:exportImages:155 | 转存完成: 成功 8, 失败 0
2026-02-14 09:08:51 | INFO     | image_export:exportImages:79 | 开始转存图片: 2 个文件到 C:\Users\ADMINI~1\AppData\Local\Temp\tmp8mkpe9xe\target
2026-02-14 09:08:51 | INFO     | image_export:exportImages:155 | 转存完成: 成功 2, 失败 0
2026-02-14 09:08:51 | INFO     | image_export:exportImages:79 | 开始转存图片: 0 个文件到 C:\Users\ADMINI~1\AppData\Local\Temp\tmp0fqred0x\target
2026-02-14 09:08:51 | INFO     | image_export:exportImages:155 | 转存完成: 成功 0, 失败 0
2026-02-14 09:08:51 | INFO     | image_export:exportImages:79 | 开始转存图片: 10 个文件到 C:\Users\ADMINI~1\AppData\Local\Temp\tmp9z_gjj97\target
2026-02-14 09:08:52 | INFO     | image_export:exportImages:155 | 转存完成: 成功 10, 失败 0
2026-02-14 09:08:52 | INFO     | image_export:exportImages:79 | 开始转存图片: 7 个文件到 C:\Users\ADMINI~1\AppData\Local\Temp\tmpgd3rozg0\target
2026-02-14 09:08:52 | WARNING  | image_export:exportImages:101 | 源文件不存在: C:\Users\ADMINI~1\AppData\Local\Temp\tmpgd3rozg0\source\invalid_0.jpg
2026-02-14 09:08:52 | WARNING  | image_export:exportImages:101 | 源文件不存在: C:\Users\ADMINI~1\AppData\Local\Temp\tmpgd3rozg0\source\invalid_1.jpg
2026-02-14 09:08:52 | WARNING  | image_export:exportImages:101 | 源文件不存在: C:\Users\ADMINI~1\AppData\Local\Temp\tmpgd3rozg0\source\invalid_2.jpg
2026-02-14 09:08:52 | WARNING  | image_export:exportImages:101 | 源文件不存在: C:\Users\ADMINI~1\AppData\Local\Temp\tmpgd3rozg0\source\invalid_3.jpg
2026-02-14 09:08:52 | WARNING  | image_export:exportImages:101 | 源文件不存在: C:\Users\ADMINI~1\AppData\Local\Temp\tmpgd3rozg0\source\invalid_4.jpg
2026-02-14 09:08:52 | WARNING  | image_export:exportImages:101 | 源文件不存在: C:\Users\ADMINI~1\AppData\Local\Temp\tmpgd3rozg0\source\invalid_5.jpg
2026-02-14 09:08:52 | INFO     | image_export:exportImages:155 | 转存完成: 成功 1, 失败 6
2026-02-14 09:08:52 | INFO     | image_export:exportImages:79 | 开始转存图片: 1 个文件到 C:\Users\ADMINI~1\AppData\Local\Temp\tmpfv0behia\target
2026-02-14 09:08:52 | WARNING  | image_export:exportImages:101 | 源文件不存在: C:\Users\ADMINI~1\AppData\Local\Temp\tmpfv0behia\source\nonexistent_0.jpg
2026-02-14 09:08:52 | INFO     | image_export:exportImages:155 | 转存完成: 成功 0, 失败 1
2026-02-14 09:08:52 | INFO     | image_export:exportImages:79 | 开始转存图片: 3 个文件到 C:\Users\ADMINI~1\AppData\Local\Temp\tmp4p6w6czg\target
2026-02-14 09:08:52 | WARNING  | image_export:exportImages:101 | 源文件不存在: C:\Users\ADMINI~1\AppData\Local\Temp\tmp4p6w6czg\source\nonexistent_0.jpg
2026-02-14 09:08:52 | WARNING  | image_export:exportImages:101 | 源文件不存在: C:\Users\ADMINI~1\AppData\Local\Temp\tmp4p6w6czg\source\nonexistent_1.jpg
2026-02-14 09:08:52 | WARNING  | image_export:exportImages:101 | 源文件不存在: C:\Users\ADMINI~1\AppData\Local\Temp\tmp4p6w6czg\source\nonexistent_2.jpg
2026-02-14 09:08:52 | INFO     | image_export:exportImages:155 | 转存完成: 成功 0, 失败 3
2026-02-14 09:08:52 | INFO     | image_export:exportImages:79 | 开始转存图片: 4 个文件到 C:\Users\ADMINI~1\AppData\Local\Temp\tmps70jcnut\target
2026-02-14 09:08:52 | WARNING  | image_export:exportImages:101 | 源文件不存在: C:\Users\ADMINI~1\AppData\Local\Temp\tmps70jcnut\source\nonexistent_0.jpg
2026-02-14 09:08:52 | WARNING  | image_export:exportImages:101 | 源文件不存在: C:\Users\ADMINI~1\AppData\Local\Temp\tmps70jcnut\source\nonexistent_1.jpg
2026-02-14 09:08:52 | WARNING  | image_export:exportImages:101 | 源文件不存在: C:\Users\ADMINI~1\AppData\Local\Temp\tmps70jcnut\source\nonexistent_2.jpg
2026-02-14 09:08:52 | WARNING  | image_export:exportImages:101 | 源文件不存在: C:\Users\ADMINI~1\AppData\Local\Temp\tmps70jcnut\source\nonexistent_3.jpg
2026-02-14 09:08:52 | INFO     | image_export:exportImages:155 | 转存完成: 成功 0, 失败 4
2026-02-14 09:08:52 | INFO     | image_export:exportImages:79 | 开始转存图片: 0 个文件到 C:\Users\ADMINI~1\AppData\Local\Temp\tmpnkwq7qxm\target
2026-02-14 09:08:52 | INFO     | image_export:exportImages:155 | 转存完成: 成功 0, 失败 0
2026-02-14 09:08:52 | INFO     | face_search:searchFaces:70 | 开始搜索人脸: 文件夹=C:\Users\ADMINI~1\AppData\Local\Temp\tmp48zskxn3, 阈值=0.0
2026-02-14 09:08:52 | INFO     | face_search:searchFaces:83 | 扫描完成，找到 2 个图片文件
2026-02-14 09:08:52 | ERROR    | face_detection:detectFaces:76 | 处理图片时发生错误: C:\Users\ADMINI~1\AppData\Local\Temp\tmp48zskxn3\corrupted_0.jpg, 错误: cannot identify image file 'C:\\Users\\ADMINI~1\\AppData\\Local\\Temp\\tmp48zskxn3\\corrupted_0.jpg'
Traceback (most recent call last):
  File "D:\AI_workspace\face-search-app\tests\..\backend\face_detection.py", line 49, in detectFaces
    image = face_recognition.load_image_file(image_path)
  File "D:\AI_workspace\face-search-app\backend\venv\Lib\site-packages\face_recognition\api.py", line 86, in load_image_file
    im = PIL.Image.open(file)
  File "D:\AI_workspace\face-search-app\backend\venv\Lib\site-packages\PIL\Image.py", line 3579, in open
    raise UnidentifiedImageError(msg)
PIL.UnidentifiedImageError: cannot identify image file 'C:\\Users\\ADMINI~1\\AppData\\Local\\Temp\\tmp48zskxn3\\corrupted_0.jpg'
2026-02-14 09:08:52 | INFO     | face_detection:detectFaces:57 | 图片中未检测到人脸: C:\Users\ADMINI~1\AppData\Local\Temp\tmp48zskxn3\valid_0.jpg
2026-02-14 09:08:52 | INFO     | face_search:searchFaces:174 | 搜索完成: 处理 2 个文件, 跳过 2 个文件, 找到 0 个匹配结果, 已取消: False
2026-02-14 09:08:52 | INFO     | face_search:searchFaces:70 | 开始搜索人脸: 文件夹=C:\Users\ADMINI~1\AppData\Local\Temp\tmp1_25mi67, 阈值=0.3876346833928469
2026-02-14 09:08:52 | INFO     | face_search:searchFaces:83 | 扫描完成，找到 7 个图片文件
2026-02-14 09:08:52 | ERROR    | face_detection:detectFaces:76 | 处理图片时发生错误: C:\Users\ADMINI~1\AppData\Local\Temp\tmp1_25mi67\corrupted_0.jpg, 错误: cannot identify image file 'C:\\Users\\ADMINI~1\\AppData\\Local\\Temp\\tmp1_25mi67\\corrupted_0.jpg'
Traceback (most recent call last):
  File "D:\AI_workspace\face-search-app\tests\..\backend\face_detection.py", line 49, in detectFaces
    image = face_recognition.load_image_file(image_path)
  File "D:\AI_workspace\face-search-app\backend\venv\Lib\site-packages\face_recognition\api.py", line 86, in load_image_file
    im = PIL.Image.open(file)
  File "D:\AI_workspace\face-search-app\backend\venv\Lib\site-packages\PIL\Image.py", line 3579, in open
    raise UnidentifiedImageError(msg)
PIL.UnidentifiedImageError: cannot identify image file 'C:\\Users\\ADMINI~1\\AppData\\Local\\Temp\\tmp1_25mi67\\corrupted_0.jpg'
2026-02-14 09:08:52 | ERROR    | face_detection:detectFaces:76 | 处理图片时发生错误: C:\Users\ADMINI~1\AppData\Local\Temp\tmp1_25mi67\corrupted_1.jpg, 错误: cannot identify image file 'C:\\Users\\ADMINI~1\\AppData\\Local\\Temp\\tmp1_25mi67\\corrupted_1.jpg'
Traceback (most recent call last):
  File "D:\AI_workspace\face-search-app\tests\..\backend\face_detection.py", line 49, in detectFaces
    image = face_recognition.load_image_file(image_path)
  File "D:\AI_workspace\face-search-app\backend\venv\Lib\site-packages\face_recognition\api.py", line 86, in load_image_file
    im = PIL.Image.open(file)
  File "D:\AI_workspace\face-search-app\backend\venv\Lib\site-packages\PIL\Image.py", line 3579, in open
    raise UnidentifiedImageError(msg)
PIL.UnidentifiedImageError: cannot identify image file 'C:\\Users\\ADMINI~1\\AppData\\Local\\Temp\\tmp1_25mi67\\corrupted_1.jpg'
2026-02-14 09:08:52 | INFO     | face_detection:detectFaces:57 | 图片中未检测到人脸: C:\Users\ADMINI~1\AppData\Local\Temp\tmp1_25mi67\valid_0.jpg
2026-02-14 09:08:52 | INFO     | face_detection:detectFaces:57 | 图片中未检测到人脸: C:\Users\ADMINI~1\AppData\Local\Temp\tmp1_25mi67\valid_1.jpg
2026-02-14 09:08:52 | INFO     | face_detection:detectFaces:57 | 图片中未检测到人脸: C:\Users\ADMINI~1\AppData\Local\Temp\tmp1_25mi67\valid_2.jpg
2026-02-14 09:08:52 | INFO     | face_detection:detectFaces:57 | 图片中未检测到人脸: C:\Users\ADMINI~1\AppData\Local\Temp\tmp1_25mi67\valid_3.jpg
2026-02-14 09:08:52 | INFO     | face_detection:detectFaces:57 | 图片中未检测到人脸: C:\Users\ADMINI~1\AppData\Local\Temp\tmp1_25mi67\valid_4.jpg
2026-02-14 09:08:52 | INFO     | face_search:searchFaces:174 | 搜索完成: 处理 7 个文件, 跳过 7 个文件, 找到 0 个匹配结果, 已取消: False
2026-02-14 09:08:52 | INFO     | face_search:searchFaces:70 | 开始搜索人脸: 文件夹=C:\Users\ADMINI~1\AppData\Local\Temp\tmp7_muu72p, 阈值=2.225073858507e-311
2026-02-14 09:08:52 | INFO     | face_search:searchFaces:83 | 扫描完成，找到 7 个图片文件
2026-02-14 09:08:52 | ERROR    | face_detection:detectFaces:76 | 处理图片时发生错误: C:\Users\ADMINI~1\AppData\Local\Temp\tmp7_muu72p\corrupted_0.jpg, 错误: cannot identify image file 'C:\\Users\\ADMINI~1\\AppData\\Local\\Temp\\tmp7_muu72p\\corrupted_0.jpg'
Traceback (most recent call last):
  File "D:\AI_workspace\face-search-app\tests\..\backend\face_detection.py", line 49, in detectFaces
    image = face_recognition.load_image_file(image_path)
  File "D:\AI_workspace\face-search-app\backend\venv\Lib\site-packages\face_recognition\api.py", line 86, in load_image_file
    im = PIL.Image.open(file)
  File "D:\AI_workspace\face-search-app\backend\venv\Lib\site-packages\PIL\Image.py", line 3579, in open
    raise UnidentifiedImageError(msg)
PIL.UnidentifiedImageError: cannot identify image file 'C:\\Users\\ADMINI~1\\AppData\\Local\\Temp\\tmp7_muu72p\\corrupted_0.jpg'
2026-02-14 09:08:52 | ERROR    | face_detection:detectFaces:76 | 处理图片时发生错误: C:\Users\ADMINI~1\AppData\Local\Temp\tmp7_muu72p\corrupted_1.jpg, 错误: cannot identify image file 'C:\\Users\\ADMINI~1\\AppData\\Local\\Temp\\tmp7_muu72p\\corrupted_1.jpg'
Traceback (most recent call last):
  File "D:\AI_workspace\face-search-app\tests\..\backend\face_detection.py", line 49, in detectFaces
    image = face_recognition.load_image_file(image_path)
  File "D:\AI_workspace\face-search-app\backend\venv\Lib\site-packages\face_recognition\api.py", line 86, in load_image_file
    im = PIL.Image.open(file)
  File "D:\AI_workspace\face-search-app\backend\venv\Lib\site-packages\PIL\Image.py", line 3579, in open
    raise UnidentifiedImageError(msg)
PIL.UnidentifiedImageError: cannot identify image file 'C:\\Users\\ADMINI~1\\AppData\\Local\\Temp\\tmp7_muu72p\\corrupted_1.jpg'
2026-02-14 09:08:52 | ERROR    | face_detection:detectFaces:76 | 处理图片时发生错误: C:\Users\ADMINI~1\AppData\Local\Temp\tmp7_muu72p\corrupted_2.jpg, 错误: cannot identify image file 'C:\\Users\\ADMINI~1\\AppData\\Local\\Temp\\tmp7_muu72p\\corrupted_2.jpg'
Traceback (most recent call last):
  File "D:\AI_workspace\face-search-app\tests\..\backend\face_detection.py", line 49, in detectFaces
    image = face_recognition.load_image_file(image_path)
  File "D:\AI_workspace\face-search-app\backend\venv\Lib\site-packages\face_recognition\api.py", line 86, in load_image_file
    im = PIL.Image.open(file)
  File "D:\AI_workspace\face-search-app\backend\venv\Lib\site-packages\PIL\Image.py", line 3579, in open
    raise UnidentifiedImageError(msg)
PIL.UnidentifiedImageError: cannot identify image file 'C:\\Users\\ADMINI~1\\AppData\\Local\\Temp\\tmp7_muu72p\\corrupted_2.jpg'
2026-02-14 09:08:52 | ERROR    | face_detection:detectFaces:76 | 处理图片时发生错误: C:\Users\ADMINI~1\AppData\Local\Temp\tmp7_muu72p\corrupted_3.jpg, 错误: cannot identify image file 'C:\\Users\\ADMINI~1\\AppData\\Local\\Temp\\tmp7_muu72p\\corrupted_3.jpg'
Traceback (most recent call last):
  File "D:\AI_workspace\face-search-app\tests\..\backend\face_detection.py", line 49, in detectFaces
    image = face_recognition.load_image_file(image_path)
  File "D:\AI_workspace\face-search-app\backend\venv\Lib\site-packages\face_recognition\api.py", line 86, in load_image_file
    im = PIL.Image.open(file)
  File "D:\AI_workspace\face-search-app\backend\venv\Lib\site-packages\PIL\Image.py", line 3579, in open
    raise UnidentifiedImageError(msg)
PIL.UnidentifiedImageError: cannot identify image file 'C:\\Users\\ADMINI~1\\AppData\\Local\\Temp\\tmp7_muu72p\\corrupted_3.jpg'
2026-02-14 09:08:52 | INFO     | face_detection:detectFaces:57 | 图片中未检测到人脸: C:\Users\ADMINI~1\AppData\Local\Temp\tmp7_muu72p\valid_0.jpg
2026-02-14 09:08:52 | INFO     | face_detection:detectFaces:57 | 图片中未检测到人脸: C:\Users\ADMINI~1\AppData\Local\Temp\tmp7_muu72p\valid_1.jpg
2026-02-14 09:08:52 | INFO     | face_detection:detectFaces:57 | 图片中未检测到人脸: C:\Users\ADMINI~1\AppData\Local\Temp\tmp7_muu72p\valid_2.jpg
2026-02-14 09:08:52 | INFO     | face_search:searchFaces:174 | 搜索完成: 处理 7 个文件, 跳过 7 个文件, 找到 0 个匹配结果, 已取消: False
2026-02-14 09:08:52 | INFO     | face_search:searchFaces:70 | 开始搜索人脸: 文件夹=C:\Users\ADMINI~1\AppData\Local\Temp\tmpxzmrvd_t, 阈值=0.0
2026-02-14 09:08:52 | INFO     | face_search:searchFaces:83 | 扫描完成，找到 3 个图片文件
2026-02-14 09:08:52 | ERROR    | face_detection:detectFaces:76 | 处理图片时发生错误: C:\Users\ADMINI~1\AppData\Local\Temp\tmpxzmrvd_t\corrupted_0.png, 错误: cannot identify image file 'C:\\Users\\ADMINI~1\\AppData\\Local\\Temp\\tmpxzmrvd_t\\corrupted_0.png'
Traceback (most recent call last):
  File "D:\AI_workspace\face-search-app\tests\..\backend\face_detection.py", line 49, in detectFaces
    image = face_recognition.load_image_file(image_path)
  File "D:\AI_workspace\face-search-app\backend\venv\Lib\site-packages\face_recognition\api.py", line 86, in load_image_file
    im = PIL.Image.open(file)
  File "D:\AI_workspace\face-search-app\backend\venv\Lib\site-packages\PIL\Image.py", line 3579, in open
    raise UnidentifiedImageError(msg)
PIL.UnidentifiedImageError: cannot identify image file 'C:\\Users\\ADMINI~1\\AppData\\Local\\Temp\\tmpxzmrvd_t\\corrupted_0.png'
2026-02-14 09:08:52 | ERROR    | face_detection:detectFaces:76 | 处理图片时发生错误: C:\Users\ADMINI~1\AppData\Local\Temp\tmpxzmrvd_t\corrupted_1.png, 错误: cannot identify image file 'C:\\Users\\ADMINI~1\\AppData\\Local\\Temp\\tmpxzmrvd_t\\corrupted_1.png'
Traceback (most recent call last):
  File "D:\AI_workspace\face-search-app\tests\..\backend\face_detection.py", line 49, in detectFaces
    image = face_recognition.load_image_file(image_path)
  File "D:\AI_workspace\face-search-app\backend\venv\Lib\site-packages\face_recognition\api.py", line 86, in load_image_file
    im = PIL.Image.open(file)
  File "D:\AI_workspace\face-search-app\backend\venv\Lib\site-packages\PIL\Image.py", line 3579, in open
    raise UnidentifiedImageError(msg)
PIL.UnidentifiedImageError: cannot identify image file 'C:\\Users\\ADMINI~1\\AppData\\Local\\Temp\\tmpxzmrvd_t\\corrupted_1.png'
2026-02-14 09:08:52 | ERROR    | face_detection:detectFaces:76 | 处理图片时发生错误: C:\Users\ADMINI~1\AppData\Local\Temp\tmpxzmrvd_t\corrupted_2.png, 错误: cannot identify image file 'C:\\Users\\ADMINI~1\\AppData\\Local\\Temp\\tmpxzmrvd_t\\corrupted_2.png'
Traceback (most recent call last):
  File "D:\AI_workspace\face-search-app\tests\..\backend\face_detection.py", line 49, in detectFaces
    image = face_recognition.load_image_file(image_path)
  File "D:\AI_workspace\face-search-app\backend\venv\Lib\site-packages\face_recognition\api.py", line 86, in load_image_file
    im = PIL.Image.open(file)
  File "D:\AI_workspace\face-search-app\backend\venv\Lib\site-packages\PIL\Image.py", line 3579, in open
    raise UnidentifiedImageError(msg)
PIL.UnidentifiedImageError: cannot identify image file 'C:\\Users\\ADMINI~1\\AppData\\Local\\Temp\\tmpxzmrvd_t\\corrupted_2.png'
2026-02-14 09:08:52 | INFO     | face_search:searchFaces:174 | 搜索完成: 处理 3 个文件, 跳过 3 个文件, 找到 0 个匹配结果, 已取消: False
2026-02-14 09:08:52 | INFO     | face_search:searchFaces:70 | 开始搜索人脸: 文件夹=C:\Users\ADMINI~1\AppData\Local\Temp\tmpvbxljjh2, 阈值=0.01249453131347789
2026-02-14 09:08:52 | INFO     | face_search:searchFaces:83 | 扫描完成，找到 3 个图片文件
2026-02-14 09:08:52 | ERROR    | face_detection:detectFaces:76 | 处理图片时发生错误: C:\Users\ADMINI~1\AppData\Local\Temp\tmpvbxljjh2\corrupted_0.png, 错误: cannot identify image file 'C:\\Users\\ADMINI~1\\AppData\\Local\\Temp\\tmpvbxljjh2\\corrupted_0.png'
Traceback (most recent call last):
  File "D:\AI_workspace\face-search-app\tests\..\backend\face_detection.py", line 49, in detectFaces
    image = face_recognition.load_image_file(image_path)
  File "D:\AI_workspace\face-search-app\backend\venv\Lib\site-packages\face_recognition\api.py", line 86, in load_image_file
    im = PIL.Image.open(file)
  File "D:\AI_workspace\face-search-app\backend\venv\Lib\site-packages\PIL\Image.py", line 3579, in open
    raise UnidentifiedImageError(msg)
PIL.UnidentifiedImageError: cannot identify image file 'C:\\Users\\ADMINI~1\\AppData\\Local\\Temp\\tmpvbxljjh2\\corrupted_0.png'
2026-02-14 09:08:52 | ERROR    | face_detection:detectFaces:76 | 处理图片时发生错误: C:\Users\ADMINI~1\AppData\Local\Temp\tmpvbxljjh2\corrupted_1.png, 错误: cannot identify image file 'C:\\Users\\ADMINI~1\\AppData\\Local\\Temp\\tmpvbxljjh2\\corrupted_1.png'
Traceback (most recent call last):
  File "D:\AI_workspace\face-search-app\tests\..\backend\face_detection.py", line 49, in detectFaces
    image = face_recognition.load_image_file(image_path)
  File "D:\AI_workspace\face-search-app\backend\venv\Lib\site-packages\face_recognition\api.py", line 86, in load_image_file
    im = PIL.Image.open(file)
  File "D:\AI_workspace\face-search-app\backend\venv\Lib\site-packages\PIL\Image.py", line 3579, in open
    raise UnidentifiedImageError(msg)
PIL.UnidentifiedImageError: cannot identify image file 'C:\\Users\\ADMINI~1\\AppData\\Local\\Temp\\tmpvbxljjh2\\corrupted_1.png'
2026-02-14 09:08:52 | ERROR    | face_detection:detectFaces:76 | 处理图片时发生错误: C:\Users\ADMINI~1\AppData\Local\Temp\tmpvbxljjh2\corrupted_2.png, 错误: cannot identify image file 'C:\\Users\\ADMINI~1\\AppData\\Local\\Temp\\tmpvbxljjh2\\corrupted_2.png'
Traceback (most recent call last):
  File "D:\AI_workspace\face-search-app\tests\..\backend\face_detection.py", line 49, in detectFaces
    image = face_recognition.load_image_file(image_path)
  File "D:\AI_workspace\face-search-app\backend\venv\Lib\site-packages\face_recognition\api.py", line 86, in load_image_file
    im = PIL.Image.open(file)
  File "D:\AI_workspace\face-search-app\backend\venv\Lib\site-packages\PIL\Image.py", line 3579, in open
    raise UnidentifiedImageError(msg)
PIL.UnidentifiedImageError: cannot identify image file 'C:\\Users\\ADMINI~1\\AppData\\Local\\Temp\\tmpvbxljjh2\\corrupted_2.png'
2026-02-14 09:08:52 | INFO     | face_search:searchFaces:174 | 搜索完成: 处理 3 个文件, 跳过 3 个文件, 找到 0 个匹配结果, 已取消: False
2026-02-14 09:08:52 | INFO     | face_search:searchFaces:70 | 开始搜索人脸: 文件夹=C:\Users\ADMINI~1\AppData\Local\Temp\tmpqe9er0vd, 阈值=0.6585203678580819
2026-02-14 09:08:52 | INFO     | face_search:searchFaces:83 | 扫描完成，找到 3 个图片文件
2026-02-14 09:08:52 | ERROR    | face_detection:detectFaces:76 | 处理图片时发生错误: C:\Users\ADMINI~1\AppData\Local\Temp\tmpqe9er0vd\corrupted_0.png, 错误: cannot identify image file 'C:\\Users\\ADMINI~1\\AppData\\Local\\Temp\\tmpqe9er0vd\\corrupted_0.png'
Traceback (most recent call last):
  File "D:\AI_workspace\face-search-app\tests\..\backend\face_detection.py", line 49, in detectFaces
    image = face_recognition.load_image_file(image_path)
  File "D:\AI_workspace\face-search-app\backend\venv\Lib\site-packages\face_recognition\api.py", line 86, in load_image_file
    im = PIL.Image.open(file)
  File "D:\AI_workspace\face-search-app\backend\venv\Lib\site-packages\PIL\Image.py", line 3579, in open
    raise UnidentifiedImageError(msg)
PIL.UnidentifiedImageError: cannot identify image file 'C:\\Users\\ADMINI~1\\AppData\\Local\\Temp\\tmpqe9er0vd\\corrupted_0.png'
2026-02-14 09:08:52 | ERROR    | face_detection:detectFaces:76 | 处理图片时发生错误: C:\Users\ADMINI~1\AppData\Local\Temp\tmpqe9er0vd\corrupted_1.png, 错误: cannot identify image file 'C:\\Users\\ADMINI~1\\AppData\\Local\\Temp\\tmpqe9er0vd\\corrupted_1.png'
Traceback (most recent call last):
  File "D:\AI_workspace\face-search-app\tests\..\backend\face_detection.py", line 49, in detectFaces
    image = face_recognition.load_image_file(image_path)
  File "D:\AI_workspace\face-search-app\backend\venv\Lib\site-packages\face_recognition\api.py", line 86, in load_image_file
    im = PIL.Image.open(file)
  File "D:\AI_workspace\face-search-app\backend\venv\Lib\site-packages\PIL\Image.py", line 3579, in open
    raise UnidentifiedImageError(msg)
PIL.UnidentifiedImageError: cannot identify image file 'C:\\Users\\ADMINI~1\\AppData\\Local\\Temp\\tmpqe9er0vd\\corrupted_1.png'
2026-02-14 09:08:52 | ERROR    | face_detection:detectFaces:76 | 处理图片时发生错误: C:\Users\ADMINI~1\AppData\Local\Temp\tmpqe9er0vd\corrupted_2.png, 错误: cannot identify image file 'C:\\Users\\ADMINI~1\\AppData\\Local\\Temp\\tmpqe9er0vd\\corrupted_2.png'
Traceback (most recent call last):
  File "D:\AI_workspace\face-search-app\tests\..\backend\face_detection.py", line 49, in detectFaces
    image = face_recognition.load_image_file(image_path)
  File "D:\AI_workspace\face-search-app\backend\venv\Lib\site-packages\face_recognition\api.py", line 86, in load_image_file
    im = PIL.Image.open(file)
  File "D:\AI_workspace\face-search-app\backend\venv\Lib\site-packages\PIL\Image.py", line 3579, in open
    raise UnidentifiedImageError(msg)
PIL.UnidentifiedImageError: cannot identify image file 'C:\\Users\\ADMINI~1\\AppData\\Local\\Temp\\tmpqe9er0vd\\corrupted_2.png'
2026-02-14 09:08:52 | INFO     | face_search:searchFaces:174 | 搜索完成: 处理 3 个文件, 跳过 3 个文件, 找到 0 个匹配结果, 已取消: False
2026-02-14 09:08:52 | INFO     | face_search:searchFaces:70 | 开始搜索人脸: 文件夹=C:\Users\ADMINI~1\AppData\Local\Temp\tmpyer3169a, 阈值=0.0
2026-02-14 09:08:52 | INFO     | face_search:searchFaces:83 | 扫描完成，找到 1 个图片文件
2026-02-14 09:08:52 | INFO     | face_detection:detectFaces:57 | 图片中未检测到人脸: C:\Users\ADMINI~1\AppData\Local\Temp\tmpyer3169a\image_0.jpg
2026-02-14 09:08:52 | INFO     | face_search:searchFaces:174 | 搜索完成: 处理 1 个文件, 跳过 1 个文件, 找到 0 个匹配结果, 已取消: False
2026-02-14 09:08:52 | INFO     | face_search:searchFaces:70 | 开始搜索人脸: 文件夹=C:\Users\ADMINI~1\AppData\Local\Temp\tmpyer3169a, 阈值=0.0
2026-02-14 09:08:52 | INFO     | face_search:searchFaces:83 | 扫描完成，找到 1 个图片文件
2026-02-14 09:08:52 | INFO     | face_detection:detectFaces:57 | 图片中未检测到人脸: C:\Users\ADMINI~1\AppData\Local\Temp\tmpyer3169a\image_0.jpg
2026-02-14 09:08:52 | INFO     | face_search:searchFaces:174 | 搜索完成: 处理 1 个文件, 跳过 1 个文件, 找到 0 个匹配结果, 已取消: False
2026-02-14 09:08:52 | INFO     | face_search:searchFaces:70 | 开始搜索人脸: 文件夹=C:\Users\ADMINI~1\AppData\Local\Temp\tmpz_690_7t, 阈值=0.07111239731283138
2026-02-14 09:08:52 | INFO     | face_search:searchFaces:83 | 扫描完成，找到 4 个图片文件
2026-02-14 09:08:52 | INFO     | face_detection:detectFaces:57 | 图片中未检测到人脸: C:\Users\ADMINI~1\AppData\Local\Temp\tmpz_690_7t\image_0.jpg
2026-02-14 09:08:52 | INFO     | face_detection:detectFaces:57 | 图片中未检测到人脸: C:\Users\ADMINI~1\AppData\Local\Temp\tmpz_690_7t\image_1.jpg
2026-02-14 09:08:52 | INFO     | face_detection:detectFaces:57 | 图片中未检测到人脸: C:\Users\ADMINI~1\AppData\Local\Temp\tmpz_690_7t\image_2.jpg
2026-02-14 09:08:52 | INFO     | face_detection:detectFaces:57 | 图片中未检测到人脸: C:\Users\ADMINI~1\AppData\Local\Temp\tmpz_690_7t\image_3.jpg
2026-02-14 09:08:52 | INFO     | face_search:searchFaces:174 | 搜索完成: 处理 4 个文件, 跳过 4 个文件, 找到 0 个匹配结果, 已取消: False
2026-02-14 09:08:52 | INFO     | face_search:searchFaces:70 | 开始搜索人脸: 文件夹=C:\Users\ADMINI~1\AppData\Local\Temp\tmpz_690_7t, 阈值=0.07111239731283138
2026-02-14 09:08:52 | INFO     | face_search:searchFaces:83 | 扫描完成，找到 4 个图片文件
2026-02-14 09:08:52 | INFO     | face_detection:detectFaces:57 | 图片中未检测到人脸: C:\Users\ADMINI~1\AppData\Local\Temp\tmpz_690_7t\image_0.jpg
2026-02-14 09:08:52 | INFO     | face_detection:detectFaces:57 | 图片中未检测到人脸: C:\Users\ADMINI~1\AppData\Local\Temp\tmpz_690_7t\image_1.jpg
2026-02-14 09:08:52 | INFO     | face_detection:detectFaces:57 | 图片中未检测到人脸: C:\Users\ADMINI~1\AppData\Local\Temp\tmpz_690_7t\image_2.jpg
2026-02-14 09:08:52 | INFO     | face_detection:detectFaces:57 | 图片中未检测到人脸: C:\Users\ADMINI~1\AppData\Local\Temp\tmpz_690_7t\image_3.jpg
2026-02-14 09:08:52 | INFO     | face_search:searchFaces:174 | 搜索完成: 处理 4 个文件, 跳过 4 个文件, 找到 0 个匹配结果, 已取消: False
2026-02-14 09:08:52 | INFO     | face_search:searchFaces:70 | 开始搜索人脸: 文件夹=C:\Users\ADMINI~1\AppData\Local\Temp\tmpdrnllys4, 阈值=1.1125369292536007e-308
2026-02-14 09:08:52 | INFO     | face_search:searchFaces:83 | 扫描完成，找到 3 个图片文件
2026-02-14 09:08:52 | INFO     | face_detection:detectFaces:57 | 图片中未检测到人脸: C:\Users\ADMINI~1\AppData\Local\Temp\tmpdrnllys4\image_0.jpg
2026-02-14 09:08:52 | INFO     | face_detection:detectFaces:57 | 图片中未检测到人脸: C:\Users\ADMINI~1\AppData\Local\Temp\tmpdrnllys4\image_1.jpg
2026-02-14 09:08:52 | INFO     | face_detection:detectFaces:57 | 图片中未检测到人脸: C:\Users\ADMINI~1\AppData\Local\Temp\tmpdrnllys4\image_2.jpg
2026-02-14 09:08:52 | INFO     | face_search:searchFaces:174 | 搜索完成: 处理 3 个文件, 跳过 3 个文件, 找到 0 个匹配结果, 已取消: False
2026-02-14 09:08:52 | INFO     | face_search:searchFaces:70 | 开始搜索人脸: 文件夹=C:\Users\ADMINI~1\AppData\Local\Temp\tmpdrnllys4, 阈值=1.1125369292536007e-308
2026-02-14 09:08:52 | INFO     | face_search:searchFaces:83 | 扫描完成，找到 3 个图片文件
2026-02-14 09:08:53 | INFO     | face_detection:detectFaces:57 | 图片中未检测到人脸: C:\Users\ADMINI~1\AppData\Local\Temp\tmpdrnllys4\image_0.jpg
2026-02-14 09:08:53 | INFO     | face_detection:detectFaces:57 | 图片中未检测到人脸: C:\Users\ADMINI~1\AppData\Local\Temp\tmpdrnllys4\image_1.jpg
2026-02-14 09:08:53 | INFO     | face_detection:detectFaces:57 | 图片中未检测到人脸: C:\Users\ADMINI~1\AppData\Local\Temp\tmpdrnllys4\image_2.jpg
2026-02-14 09:08:53 | INFO     | face_search:searchFaces:174 | 搜索完成: 处理 3 个文件, 跳过 3 个文件, 找到 0 个匹配结果, 已取消: False
2026-02-14 09:08:53 | INFO     | face_search:searchFaces:70 | 开始搜索人脸: 文件夹=C:\Users\ADMINI~1\AppData\Local\Temp\tmps3pz4qtd, 阈值=0.0
2026-02-14 09:08:53 | INFO     | face_search:searchFaces:83 | 扫描完成，找到 1 个图片文件
2026-02-14 09:08:53 | INFO     | face_detection:detectFaces:57 | 图片中未检测到人脸: C:\Users\ADMINI~1\AppData\Local\Temp\tmps3pz4qtd\test_0.jpg
2026-02-14 09:08:53 | INFO     | face_search:searchFaces:174 | 搜索完成: 处理 1 个文件, 跳过 1 个文件, 找到 0 个匹配结果, 已取消: False
2026-02-14 09:08:53 | INFO     | face_search:searchFaces:70 | 开始搜索人脸: 文件夹=C:\Users\ADMINI~1\AppData\Local\Temp\tmpcq75dtp1, 阈值=0.20341126132500037
2026-02-14 09:08:53 | INFO     | face_search:searchFaces:83 | 扫描完成，找到 2 个图片文件
2026-02-14 09:08:53 | INFO     | face_detection:detectFaces:57 | 图片中未检测到人脸: C:\Users\ADMINI~1\AppData\Local\Temp\tmpcq75dtp1\test_0.jpg
2026-02-14 09:08:53 | INFO     | face_detection:detectFaces:57 | 图片中未检测到人脸: C:\Users\ADMINI~1\AppData\Local\Temp\tmpcq75dtp1\test_1.jpg
2026-02-14 09:08:53 | INFO     | face_search:searchFaces:174 | 搜索完成: 处理 2 个文件, 跳过 2 个文件, 找到 0 个匹配结果, 已取消: False
2026-02-14 09:08:53 | INFO     | face_search:searchFaces:70 | 开始搜索人脸: 文件夹=C:\Users\ADMINI~1\AppData\Local\Temp\tmpt8_16irp, 阈值=0.18007129912048783
2026-02-14 09:08:53 | INFO     | face_search:searchFaces:83 | 扫描完成，找到 5 个图片文件
2026-02-14 09:08:53 | INFO     | face_detection:detectFaces:57 | 图片中未检测到人脸: C:\Users\ADMINI~1\AppData\Local\Temp\tmpt8_16irp\test_0.jpg
2026-02-14 09:08:53 | INFO     | face_detection:detectFaces:57 | 图片中未检测到人脸: C:\Users\ADMINI~1\AppData\Local\Temp\tmpt8_16irp\test_1.jpg
2026-02-14 09:08:53 | INFO     | face_detection:detectFaces:57 | 图片中未检测到人脸: C:\Users\ADMINI~1\AppData\Local\Temp\tmpt8_16irp\test_2.jpg
2026-02-14 09:08:53 | INFO     | face_detection:detectFaces:57 | 图片中未检测到人脸: C:\Users\ADMINI~1\AppData\Local\Temp\tmpt8_16irp\test_3.jpg
2026-02-14 09:08:53 | INFO     | face_detection:detectFaces:57 | 图片中未检测到人脸: C:\Users\ADMINI~1\AppData\Local\Temp\tmpt8_16irp\test_4.jpg
2026-02-14 09:08:53 | INFO     | face_search:searchFaces:174 | 搜索完成: 处理 5 个文件, 跳过 5 个文件, 找到 0 个匹配结果, 已取消: False
2026-02-14 09:08:53 | INFO     | face_search:searchFaces:70 | 开始搜索人脸: 文件夹=C:\Users\ADMINI~1\AppData\Local\Temp\tmpjqo00555, 阈值=0.3
2026-02-14 09:08:53 | INFO     | face_search:searchFaces:83 | 扫描完成，找到 5 个图片文件
2026-02-14 09:08:53 | INFO     | face_detection:detectFaces:57 | 图片中未检测到人脸: C:\Users\ADMINI~1\AppData\Local\Temp\tmpjqo00555\test_0.jpg
2026-02-14 09:08:53 | INFO     | face_detection:detectFaces:57 | 图片中未检测到人脸: C:\Users\ADMINI~1\AppData\Local\Temp\tmpjqo00555\test_1.jpg
2026-02-14 09:08:53 | INFO     | face_detection:detectFaces:57 | 图片中未检测到人脸: C:\Users\ADMINI~1\AppData\Local\Temp\tmpjqo00555\test_2.jpg
2026-02-14 09:08:53 | INFO     | face_detection:detectFaces:57 | 图片中未检测到人脸: C:\Users\ADMINI~1\AppData\Local\Temp\tmpjqo00555\test_3.jpg
2026-02-14 09:08:53 | INFO     | face_detection:detectFaces:57 | 图片中未检测到人脸: C:\Users\ADMINI~1\AppData\Local\Temp\tmpjqo00555\test_4.jpg
2026-02-14 09:08:53 | INFO     | face_search:searchFaces:174 | 搜索完成: 处理 5 个文件, 跳过 5 个文件, 找到 0 个匹配结果, 已取消: False
2026-02-14 09:08:53 | INFO     | face_search:searchFaces:70 | 开始搜索人脸: 文件夹=C:\Users\ADMINI~1\AppData\Local\Temp\tmpjqo00555, 阈值=0.7
2026-02-14 09:08:53 | INFO     | face_search:searchFaces:83 | 扫描完成，找到 5 个图片文件
2026-02-14 09:08:53 | INFO     | face_detection:detectFaces:57 | 图片中未检测到人脸: C:\Users\ADMINI~1\AppData\Local\Temp\tmpjqo00555\test_0.jpg
2026-02-14 09:08:53 | INFO     | face_detection:detectFaces:57 | 图片中未检测到人脸: C:\Users\ADMINI~1\AppData\Local\Temp\tmpjqo00555\test_1.jpg
2026-02-14 09:08:53 | INFO     | face_detection:detectFaces:57 | 图片中未检测到人脸: C:\Users\ADMINI~1\AppData\Local\Temp\tmpjqo00555\test_2.jpg
2026-02-14 09:08:53 | INFO     | face_detection:detectFaces:57 | 图片中未检测到人脸: C:\Users\ADMINI~1\AppData\Local\Temp\tmpjqo00555\test_3.jpg
2026-02-14 09:08:53 | INFO     | face_detection:detectFaces:57 | 图片中未检测到人脸: C:\Users\ADMINI~1\AppData\Local\Temp\tmpjqo00555\test_4.jpg
2026-02-14 09:08:53 | INFO     | face_search:searchFaces:174 | 搜索完成: 处理 5 个文件, 跳过 5 个文件, 找到 0 个匹配结果, 已取消: False
2026-02-14 09:08:53 | INFO     | face_search:searchFaces:70 | 开始搜索人脸: 文件夹=C:\Users\ADMINI~1\AppData\Local\Temp\tmpm21xe9wy, 阈值=0.3
2026-02-14 09:08:53 | INFO     | face_search:searchFaces:83 | 扫描完成，找到 5 个图片文件
2026-02-14 09:08:53 | INFO     | face_detection:detectFaces:57 | 图片中未检测到人脸: C:\Users\ADMINI~1\AppData\Local\Temp\tmpm21xe9wy\test_0.jpg
2026-02-14 09:08:53 | INFO     | face_detection:detectFaces:57 | 图片中未检测到人脸: C:\Users\ADMINI~1\AppData\Local\Temp\tmpm21xe9wy\test_1.jpg
2026-02-14 09:08:53 | INFO     | face_detection:detectFaces:57 | 图片中未检测到人脸: C:\Users\ADMINI~1\AppData\Local\Temp\tmpm21xe9wy\test_2.jpg
2026-02-14 09:08:53 | INFO     | face_detection:detectFaces:57 | 图片中未检测到人脸: C:\Users\ADMINI~1\AppData\Local\Temp\tmpm21xe9wy\test_3.jpg
2026-02-14 09:08:53 | INFO     | face_detection:detectFaces:57 | 图片中未检测到人脸: C:\Users\ADMINI~1\AppData\Local\Temp\tmpm21xe9wy\test_4.jpg
2026-02-14 09:08:53 | INFO     | face_search:searchFaces:174 | 搜索完成: 处理 5 个文件, 跳过 5 个文件, 找到 0 个匹配结果, 已取消: False
2026-02-14 09:08:53 | INFO     | face_search:searchFaces:70 | 开始搜索人脸: 文件夹=C:\Users\ADMINI~1\AppData\Local\Temp\tmpm21xe9wy, 阈值=0.7
2026-02-14 09:08:53 | INFO     | face_search:searchFaces:83 | 扫描完成，找到 5 个图片文件
2026-02-14 09:08:53 | INFO     | face_detection:detectFaces:57 | 图片中未检测到人脸: C:\Users\ADMINI~1\AppData\Local\Temp\tmpm21xe9wy\test_0.jpg
2026-02-14 09:08:53 | INFO     | face_detection:detectFaces:57 | 图片中未检测到人脸: C:\Users\ADMINI~1\AppData\Local\Temp\tmpm21xe9wy\test_1.jpg
2026-02-14 09:08:53 | INFO     | face_detection:detectFaces:57 | 图片中未检测到人脸: C:\Users\ADMINI~1\AppData\Local\Temp\tmpm21xe9wy\test_2.jpg
2026-02-14 09:08:53 | INFO     | face_detection:detectFaces:57 | 图片中未检测到人脸: C:\Users\ADMINI~1\AppData\Local\Temp\tmpm21xe9wy\test_3.jpg
2026-02-14 09:08:53 | INFO     | face_detection:detectFaces:57 | 图片中未检测到人脸: C:\Users\ADMINI~1\AppData\Local\Temp\tmpm21xe9wy\test_4.jpg
2026-02-14 09:08:53 | INFO     | face_search:searchFaces:174 | 搜索完成: 处理 5 个文件, 跳过 5 个文件, 找到 0 个匹配结果, 已取消: False
2026-02-14 09:08:53 | INFO     | face_search:searchFaces:70 | 开始搜索人脸: 文件夹=C:\Users\ADMINI~1\AppData\Local\Temp\tmpi95w9l5v, 阈值=0.3
2026-02-14 09:08:53 | INFO     | face_search:searchFaces:83 | 扫描完成，找到 5 个图片文件
2026-02-14 09:08:53 | INFO     | face_detection:detectFaces:57 | 图片中未检测到人脸: C:\Users\ADMINI~1\AppData\Local\Temp\tmpi95w9l5v\test_0.jpg
2026-02-14 09:08:53 | INFO     | face_detection:detectFaces:57 | 图片中未检测到人脸: C:\Users\ADMINI~1\AppData\Local\Temp\tmpi95w9l5v\test_1.jpg
2026-02-14 09:08:53 | INFO     | face_detection:detectFaces:57 | 图片中未检测到人脸: C:\Users\ADMINI~1\AppData\Local\Temp\tmpi95w9l5v\test_2.jpg
2026-02-14 09:08:53 | INFO     | face_detection:detectFaces:57 | 图片中未检测到人脸: C:\Users\ADMINI~1\AppData\Local\Temp\tmpi95w9l5v\test_3.jpg
2026-02-14 09:08:53 | INFO     | face_detection:detectFaces:57 | 图片中未检测到人脸: C:\Users\ADMINI~1\AppData\Local\Temp\tmpi95w9l5v\test_4.jpg
2026-02-14 09:08:53 | INFO     | face_search:searchFaces:174 | 搜索完成: 处理 5 个文件, 跳过 5 个文件, 找到 0 个匹配结果, 已取消: False
2026-02-14 09:08:53 | INFO     | face_search:searchFaces:70 | 开始搜索人脸: 文件夹=C:\Users\ADMINI~1\AppData\Local\Temp\tmpi95w9l5v, 阈值=0.7
2026-02-14 09:08:53 | INFO     | face_search:searchFaces:83 | 扫描完成，找到 5 个图片文件
2026-02-14 09:08:53 | INFO     | face_detection:detectFaces:57 | 图片中未检测到人脸: C:\Users\ADMINI~1\AppData\Local\Temp\tmpi95w9l5v\test_0.jpg
2026-02-14 09:08:53 | INFO     | face_detection:detectFaces:57 | 图片中未检测到人脸: C:\Users\ADMINI~1\AppData\Local\Temp\tmpi95w9l5v\test_1.jpg
2026-02-14 09:08:53 | INFO     | face_detection:detectFaces:57 | 图片中未检测到人脸: C:\Users\ADMINI~1\AppData\Local\Temp\tmpi95w9l5v\test_2.jpg
2026-02-14 09:08:53 | INFO     | face_detection:detectFaces:57 | 图片中未检测到人脸: C:\Users\ADMINI~1\AppData\Local\Temp\tmpi95w9l5v\test_3.jpg
2026-02-14 09:08:53 | INFO     | face_detection:detectFaces:57 | 图片中未检测到人脸: C:\Users\ADMINI~1\AppData\Local\Temp\tmpi95w9l5v\test_4.jpg
2026-02-14 09:08:53 | INFO     | face_search:searchFaces:174 | 搜索完成: 处理 5 个文件, 跳过 5 个文件, 找到 0 个匹配结果, 已取消: False
2026-02-14 09:08:53 | INFO     | face_search:searchFaces:70 | 开始搜索人脸: 文件夹=C:\Users\ADMINI~1\AppData\Local\Temp\tmpkdggkv0_, 阈值=0.0
2026-02-14 09:08:53 | INFO     | face_search:searchFaces:83 | 扫描完成，找到 2 个图片文件
2026-02-14 09:08:53 | INFO     | face_detection:detectFaces:57 | 图片中未检测到人脸: C:\Users\ADMINI~1\AppData\Local\Temp\tmpkdggkv0_\test_0.jpg
2026-02-14 09:08:53 | INFO     | face_detection:detectFaces:57 | 图片中未检测到人脸: C:\Users\ADMINI~1\AppData\Local\Temp\tmpkdggkv0_\test_1.jpg
2026-02-14 09:08:53 | INFO     | face_search:searchFaces:174 | 搜索完成: 处理 2 个文件, 跳过 2 个文件, 找到 0 个匹配结果, 已取消: False
2026-02-14 09:08:53 | INFO     | face_search:searchFaces:70 | 开始搜索人脸: 文件夹=C:\Users\ADMINI~1\AppData\Local\Temp\tmp0u0mxxnh, 阈值=0.03271183432363479
2026-02-14 09:08:53 | INFO     | face_search:searchFaces:83 | 扫描完成，找到 8 个图片文件
2026-02-14 09:08:53 | INFO     | face_detection:detectFaces:57 | 图片中未检测到人脸: C:\Users\ADMINI~1\AppData\Local\Temp\tmp0u0mxxnh\test_0.jpg
2026-02-14 09:08:53 | INFO     | face_detection:detectFaces:57 | 图片中未检测到人脸: C:\Users\ADMINI~1\AppData\Local\Temp\tmp0u0mxxnh\test_1.jpg
2026-02-14 09:08:53 | INFO     | face_detection:detectFaces:57 | 图片中未检测到人脸: C:\Users\ADMINI~1\AppData\Local\Temp\tmp0u0mxxnh\test_2.jpg
2026-02-14 09:08:53 | INFO     | face_detection:detectFaces:57 | 图片中未检测到人脸: C:\Users\ADMINI~1\AppData\Local\Temp\tmp0u0mxxnh\test_3.jpg
2026-02-14 09:08:53 | INFO     | face_detection:detectFaces:57 | 图片中未检测到人脸: C:\Users\ADMINI~1\AppData\Local\Temp\tmp0u0mxxnh\test_4.jpg
2026-02-14 09:08:53 | INFO     | face_detection:detectFaces:57 | 图片中未检测到人脸: C:\Users\ADMINI~1\AppData\Local\Temp\tmp0u0mxxnh\test_5.jpg
2026-02-14 09:08:53 | INFO     | face_detection:detectFaces:57 | 图片中未检测到人脸: C:\Users\ADMINI~1\AppData\Local\Temp\tmp0u0mxxnh\test_6.jpg
2026-02-14 09:08:54 | INFO     | face_detection:detectFaces:57 | 图片中未检测到人脸: C:\Users\ADMINI~1\AppData\Local\Temp\tmp0u0mxxnh\test_7.jpg
2026-02-14 09:08:54 | INFO     | face_search:searchFaces:174 | 搜索完成: 处理 8 个文件, 跳过 8 个文件, 找到 0 个匹配结果, 已取消: False
2026-02-14 09:08:54 | INFO     | face_search:searchFaces:70 | 开始搜索人脸: 文件夹=C:\Users\ADMINI~1\AppData\Local\Temp\tmp7_x0dcnk, 阈值=0.5
2026-02-14 09:08:54 | INFO     | face_search:searchFaces:83 | 扫描完成，找到 10 个图片文件
2026-02-14 09:08:54 | INFO     | face_detection:detectFaces:57 | 图片中未检测到人脸: C:\Users\ADMINI~1\AppData\Local\Temp\tmp7_x0dcnk\test_0.jpg
2026-02-14 09:08:54 | INFO     | face_detection:detectFaces:57 | 图片中未检测到人脸: C:\Users\ADMINI~1\AppData\Local\Temp\tmp7_x0dcnk\test_1.jpg
2026-02-14 09:08:54 | INFO     | face_detection:detectFaces:57 | 图片中未检测到人脸: C:\Users\ADMINI~1\AppData\Local\Temp\tmp7_x0dcnk\test_2.jpg
2026-02-14 09:08:54 | INFO     | face_detection:detectFaces:57 | 图片中未检测到人脸: C:\Users\ADMINI~1\AppData\Local\Temp\tmp7_x0dcnk\test_3.jpg
2026-02-14 09:08:54 | INFO     | face_detection:detectFaces:57 | 图片中未检测到人脸: C:\Users\ADMINI~1\AppData\Local\Temp\tmp7_x0dcnk\test_4.jpg
2026-02-14 09:08:54 | INFO     | face_detection:detectFaces:57 | 图片中未检测到人脸: C:\Users\ADMINI~1\AppData\Local\Temp\tmp7_x0dcnk\test_5.jpg
2026-02-14 09:08:54 | INFO     | face_detection:detectFaces:57 | 图片中未检测到人脸: C:\Users\ADMINI~1\AppData\Local\Temp\tmp7_x0dcnk\test_6.jpg
2026-02-14 09:08:54 | INFO     | face_detection:detectFaces:57 | 图片中未检测到人脸: C:\Users\ADMINI~1\AppData\Local\Temp\tmp7_x0dcnk\test_7.jpg
2026-02-14 09:08:54 | INFO     | face_detection:detectFaces:57 | 图片中未检测到人脸: C:\Users\ADMINI~1\AppData\Local\Temp\tmp7_x0dcnk\test_8.jpg
2026-02-14 09:08:54 | INFO     | face_detection:detectFaces:57 | 图片中未检测到人脸: C:\Users\ADMINI~1\AppData\Local\Temp\tmp7_x0dcnk\test_9.jpg
2026-02-14 09:08:54 | INFO     | face_search:searchFaces:174 | 搜索完成: 处理 10 个文件, 跳过 10 个文件, 找到 0 个匹配结果, 已取消: False
2026-02-14 09:08:54 | INFO     | face_search:searchFaces:70 | 开始搜索人脸: 文件夹=C:\Users\ADMINI~1\AppData\Local\Temp\tmpv30ewurt, 阈值=0.0
2026-02-14 09:08:54 | INFO     | face_search:searchFaces:83 | 扫描完成，找到 1 个图片文件
2026-02-14 09:08:54 | INFO     | face_detection:detectFaces:57 | 图片中未检测到人脸: C:\Users\ADMINI~1\AppData\Local\Temp\tmpv30ewurt\test_0.jpg
2026-02-14 09:08:54 | INFO     | face_search:searchFaces:174 | 搜索完成: 处理 1 个文件, 跳过 1 个文件, 找到 0 个匹配结果, 已取消: False
2026-02-14 09:08:54 | INFO     | face_search:searchFaces:70 | 开始搜索人脸: 文件夹=C:\Users\ADMINI~1\AppData\Local\Temp\tmpv30ewurt, 阈值=0.0
2026-02-14 09:08:54 | INFO     | face_search:searchFaces:83 | 扫描完成，找到 1 个图片文件
2026-02-14 09:08:54 | INFO     | face_detection:detectFaces:57 | 图片中未检测到人脸: C:\Users\ADMINI~1\AppData\Local\Temp\tmpv30ewurt\test_0.jpg
2026-02-14 09:08:54 | INFO     | face_search:searchFaces:174 | 搜索完成: 处理 1 个文件, 跳过 1 个文件, 找到 0 个匹配结果, 已取消: False
2026-02-14 09:08:54 | INFO     | face_search:searchFaces:70 | 开始搜索人脸: 文件夹=C:\Users\ADMINI~1\AppData\Local\Temp\tmp4g9gam95, 阈值=0.13227075576639338
2026-02-14 09:08:54 | INFO     | face_search:searchFaces:83 | 扫描完成，找到 4 个图片文件
2026-02-14 09:08:54 | INFO     | face_detection:detectFaces:57 | 图片中未检测到人脸: C:\Users\ADMINI~1\AppData\Local\Temp\tmp4g9gam95\test_0.jpg
2026-02-14 09:08:54 | INFO     | face_detection:detectFaces:57 | 图片中未检测到人脸: C:\Users\ADMINI~1\AppData\Local\Temp\tmp4g9gam95\test_1.jpg
2026-02-14 09:08:54 | INFO     | face_detection:detectFaces:57 | 图片中未检测到人脸: C:\Users\ADMINI~1\AppData\Local\Temp\tmp4g9gam95\test_2.jpg
2026-02-14 09:08:54 | INFO     | face_detection:detectFaces:57 | 图片中未检测到人脸: C:\Users\ADMINI~1\AppData\Local\Temp\tmp4g9gam95\test_3.jpg
2026-02-14 09:08:54 | INFO     | face_search:searchFaces:174 | 搜索完成: 处理 4 个文件, 跳过 4 个文件, 找到 0 个匹配结果, 已取消: False
2026-02-14 09:08:54 | INFO     | face_search:searchFaces:70 | 开始搜索人脸: 文件夹=C:\Users\ADMINI~1\AppData\Local\Temp\tmp4g9gam95, 阈值=0.13227075576639338
2026-02-14 09:08:54 | INFO     | face_search:searchFaces:83 | 扫描完成，找到 4 个图片文件
2026-02-14 09:08:54 | INFO     | face_detection:detectFaces:57 | 图片中未检测到人脸: C:\Users\ADMINI~1\AppData\Local\Temp\tmp4g9gam95\test_0.jpg
2026-02-14 09:08:54 | INFO     | face_detection:detectFaces:57 | 图片中未检测到人脸: C:\Users\ADMINI~1\AppData\Local\Temp\tmp4g9gam95\test_1.jpg
2026-02-14 09:08:54 | INFO     | face_detection:detectFaces:57 | 图片中未检测到人脸: C:\Users\ADMINI~1\AppData\Local\Temp\tmp4g9gam95\test_2.jpg
2026-02-14 09:08:54 | INFO     | face_detection:detectFaces:57 | 图片中未检测到人脸: C:\Users\ADMINI~1\AppData\Local\Temp\tmp4g9gam95\test_3.jpg
2026-02-14 09:08:54 | INFO     | face_search:searchFaces:174 | 搜索完成: 处理 4 个文件, 跳过 4 个文件, 找到 0 个匹配结果, 已取消: False
2026-02-14 09:08:54 | INFO     | face_search:searchFaces:70 | 开始搜索人脸: 文件夹=C:\Users\ADMINI~1\AppData\Local\Temp\tmp_jemf107, 阈值=0.49238480404757146
2026-02-14 09:08:54 | INFO     | face_search:searchFaces:83 | 扫描完成，找到 8 个图片文件
2026-02-14 09:08:54 | INFO     | face_detection:detectFaces:57 | 图片中未检测到人脸: C:\Users\ADMINI~1\AppData\Local\Temp\tmp_jemf107\test_0.jpg
2026-02-14 09:08:54 | INFO     | face_detection:detectFaces:57 | 图片中未检测到人脸: C:\Users\ADMINI~1\AppData\Local\Temp\tmp_jemf107\test_1.jpg
2026-02-14 09:08:54 | INFO     | face_detection:detectFaces:57 | 图片中未检测到人脸: C:\Users\ADMINI~1\AppData\Local\Temp\tmp_jemf107\test_2.jpg
2026-02-14 09:08:54 | INFO     | face_detection:detectFaces:57 | 图片中未检测到人脸: C:\Users\ADMINI~1\AppData\Local\Temp\tmp_jemf107\test_3.jpg
2026-02-14 09:08:54 | INFO     | face_detection:detectFaces:57 | 图片中未检测到人脸: C:\Users\ADMINI~1\AppData\Local\Temp\tmp_jemf107\test_4.jpg
2026-02-14 09:08:54 | INFO     | face_detection:detectFaces:57 | 图片中未检测到人脸: C:\Users\ADMINI~1\AppData\Local\Temp\tmp_jemf107\test_5.jpg
2026-02-14 09:08:54 | INFO     | face_detection:detectFaces:57 | 图片中未检测到人脸: C:\Users\ADMINI~1\AppData\Local\Temp\tmp_jemf107\test_6.jpg
2026-02-14 09:08:54 | INFO     | face_detection:detectFaces:57 | 图片中未检测到人脸: C:\Users\ADMINI~1\AppData\Local\Temp\tmp_jemf107\test_7.jpg
2026-02-14 09:08:54 | INFO     | face_search:searchFaces:174 | 搜索完成: 处理 8 个文件, 跳过 8 个文件, 找到 0 个匹配结果, 已取消: False
2026-02-14 09:08:54 | INFO     | face_search:searchFaces:70 | 开始搜索人脸: 文件夹=C:\Users\ADMINI~1\AppData\Local\Temp\tmp_jemf107, 阈值=0.49238480404757146
2026-02-14 09:08:54 | INFO     | face_search:searchFaces:83 | 扫描完成，找到 8 个图片文件
2026-02-14 09:08:54 | INFO     | face_detection:detectFaces:57 | 图片中未检测到人脸: C:\Users\ADMINI~1\AppData\Local\Temp\tmp_jemf107\test_0.jpg
2026-02-14 09:08:54 | INFO     | face_detection:detectFaces:57 | 图片中未检测到人脸: C:\Users\ADMINI~1\AppData\Local\Temp\tmp_jemf107\test_1.jpg
2026-02-14 09:08:54 | INFO     | face_detection:detectFaces:57 | 图片中未检测到人脸: C:\Users\ADMINI~1\AppData\Local\Temp\tmp_jemf107\test_2.jpg
2026-02-14 09:08:54 | INFO     | face_detection:detectFaces:57 | 图片中未检测到人脸: C:\Users\ADMINI~1\AppData\Local\Temp\tmp_jemf107\test_3.jpg
2026-02-14 09:08:54 | INFO     | face_detection:detectFaces:57 | 图片中未检测到人脸: C:\Users\ADMINI~1\AppData\Local\Temp\tmp_jemf107\test_4.jpg
2026-02-14 09:08:54 | INFO     | face_detection:detectFaces:57 | 图片中未检测到人脸: C:\Users\ADMINI~1\AppData\Local\Temp\tmp_jemf107\test_5.jpg
2026-02-14 09:08:54 | INFO     | face_detection:detectFaces:57 | 图片中未检测到人脸: C:\Users\ADMINI~1\AppData\Local\Temp\tmp_jemf107\test_6.jpg
2026-02-14 09:08:54 | INFO     | face_detection:detectFaces:57 | 图片中未检测到人脸: C:\Users\ADMINI~1\AppData\Local\Temp\tmp_jemf107\test_7.jpg
2026-02-14 09:08:54 | INFO     | face_search:searchFaces:174 | 搜索完成: 处理 8 个文件, 跳过 8 个文件, 找到 0 个匹配结果, 已取消: False
2026-02-14 09:08:54 | INFO     | face_search:searchFaces:70 | 开始搜索人脸: 文件夹=C:\Users\ADMINI~1\AppData\Local\Temp\tmp6fj646a2, 阈值=0.0
2026-02-14 09:08:54 | INFO     | face_search:searchFaces:83 | 扫描完成，找到 1 个图片文件
2026-02-14 09:08:54 | INFO     | face_detection:detectFaces:57 | 图片中未检测到人脸: C:\Users\ADMINI~1\AppData\Local\Temp\tmp6fj646a2\test_0.jpg
2026-02-14 09:08:54 | INFO     | face_search:searchFaces:174 | 搜索完成: 处理 1 个文件, 跳过 1 个文件, 找到 0 个匹配结果, 已取消: False
2026-02-14 09:08:54 | INFO     | face_search:searchFaces:70 | 开始搜索人脸: 文件夹=C:\Users\ADMINI~1\AppData\Local\Temp\tmp13ncbx84, 阈值=1.2335819241389213e-11
2026-02-14 09:08:54 | INFO     | face_search:searchFaces:83 | 扫描完成，找到 10 个图片文件
2026-02-14 09:08:54 | INFO     | face_detection:detectFaces:57 | 图片中未检测到人脸: C:\Users\ADMINI~1\AppData\Local\Temp\tmp13ncbx84\test_0.jpg
2026-02-14 09:08:55 | INFO     | face_detection:detectFaces:57 | 图片中未检测到人脸: C:\Users\ADMINI~1\AppData\Local\Temp\tmp13ncbx84\test_1.jpg
2026-02-14 09:08:55 | INFO     | face_detection:detectFaces:57 | 图片中未检测到人脸: C:\Users\ADMINI~1\AppData\Local\Temp\tmp13ncbx84\test_2.jpg
2026-02-14 09:08:55 | INFO     | face_detection:detectFaces:57 | 图片中未检测到人脸: C:\Users\ADMINI~1\AppData\Local\Temp\tmp13ncbx84\test_3.jpg
2026-02-14 09:08:55 | INFO     | face_detection:detectFaces:57 | 图片中未检测到人脸: C:\Users\ADMINI~1\AppData\Local\Temp\tmp13ncbx84\test_4.jpg
2026-02-14 09:08:55 | INFO     | face_detection:detectFaces:57 | 图片中未检测到人脸: C:\Users\ADMINI~1\AppData\Local\Temp\tmp13ncbx84\test_5.jpg
2026-02-14 09:08:55 | INFO     | face_detection:detectFaces:57 | 图片中未检测到人脸: C:\Users\ADMINI~1\AppData\Local\Temp\tmp13ncbx84\test_6.jpg
2026-02-14 09:08:55 | INFO     | face_detection:detectFaces:57 | 图片中未检测到人脸: C:\Users\ADMINI~1\AppData\Local\Temp\tmp13ncbx84\test_7.jpg
2026-02-14 09:08:55 | INFO     | face_detection:detectFaces:57 | 图片中未检测到人脸: C:\Users\ADMINI~1\AppData\Local\Temp\tmp13ncbx84\test_8.jpg
2026-02-14 09:08:55 | INFO     | face_detection:detectFaces:57 | 图片中未检测到人脸: C:\Users\ADMINI~1\AppData\Local\Temp\tmp13ncbx84\test_9.jpg
2026-02-14 09:08:55 | INFO     | face_search:searchFaces:174 | 搜索完成: 处理 10 个文件, 跳过 10 个文件, 找到 0 个匹配结果, 已取消: False
2026-02-14 09:08:55 | INFO     | face_search:searchFaces:70 | 开始搜索人脸: 文件夹=C:\Users\ADMINI~1\AppData\Local\Temp\tmp4g1sn57w, 阈值=0.015370576425582264
2026-02-14 09:08:55 | INFO     | face_search:searchFaces:83 | 扫描完成，找到 5 个图片文件
2026-02-14 09:08:55 | INFO     | face_detection:detectFaces:57 | 图片中未检测到人脸: C:\Users\ADMINI~1\AppData\Local\Temp\tmp4g1sn57w\test_0.jpg
2026-02-14 09:08:55 | INFO     | face_detection:detectFaces:57 | 图片中未检测到人脸: C:\Users\ADMINI~1\AppData\Local\Temp\tmp4g1sn57w\test_1.jpg
2026-02-14 09:08:55 | INFO     | face_detection:detectFaces:57 | 图片中未检测到人脸: C:\Users\ADMINI~1\AppData\Local\Temp\tmp4g1sn57w\test_2.jpg
2026-02-14 09:08:55 | INFO     | face_detection:detectFaces:57 | 图片中未检测到人脸: C:\Users\ADMINI~1\AppData\Local\Temp\tmp4g1sn57w\test_3.jpg
2026-02-14 09:08:55 | INFO     | face_detection:detectFaces:57 | 图片中未检测到人脸: C:\Users\ADMINI~1\AppData\Local\Temp\tmp4g1sn57w\test_4.jpg
2026-02-14 09:08:55 | INFO     | face_search:searchFaces:174 | 搜索完成: 处理 5 个文件, 跳过 5 个文件, 找到 0 个匹配结果, 已取消: False
2026-02-14 09:08:55 | INFO     | face_search:searchFaces:70 | 开始搜索人脸: 文件夹=C:\Users\ADMINI~1\AppData\Local\Temp\tmpd6_ppoqi, 阈值=0.0
2026-02-14 09:08:55 | INFO     | face_search:searchFaces:83 | 扫描完成，找到 2 个图片文件
2026-02-14 09:08:55 | INFO     | face_detection:detectFaces:57 | 图片中未检测到人脸: C:\Users\ADMINI~1\AppData\Local\Temp\tmpd6_ppoqi\test_0.jpg
2026-02-14 09:08:55 | INFO     | face_detection:detectFaces:57 | 图片中未检测到人脸: C:\Users\ADMINI~1\AppData\Local\Temp\tmpd6_ppoqi\test_1.jpg
2026-02-14 09:08:55 | INFO     | face_search:searchFaces:174 | 搜索完成: 处理 2 个文件, 跳过 2 个文件, 找到 0 个匹配结果, 已取消: False
2026-02-14 09:08:55 | INFO     | face_search:searchFaces:70 | 开始搜索人脸: 文件夹=C:\Users\ADMINI~1\AppData\Local\Temp\tmp7iipyeyv, 阈值=0.2862821134313694
2026-02-14 09:08:55 | INFO     | face_search:searchFaces:83 | 扫描完成，找到 5 个图片文件
2026-02-14 09:08:55 | INFO     | face_detection:detectFaces:57 | 图片中未检测到人脸: C:\Users\ADMINI~1\AppData\Local\Temp\tmp7iipyeyv\test_0.jpg
2026-02-14 09:08:55 | INFO     | face_detection:detectFaces:57 | 图片中未检测到人脸: C:\Users\ADMINI~1\AppData\Local\Temp\tmp7iipyeyv\test_1.jpg
2026-02-14 09:08:55 | INFO     | face_detection:detectFaces:57 | 图片中未检测到人脸: C:\Users\ADMINI~1\AppData\Local\Temp\tmp7iipyeyv\test_2.jpg
2026-02-14 09:08:55 | INFO     | face_detection:detectFaces:57 | 图片中未检测到人脸: C:\Users\ADMINI~1\AppData\Local\Temp\tmp7iipyeyv\test_3.jpg
2026-02-14 09:08:55 | INFO     | face_detection:detectFaces:57 | 图片中未检测到人脸: C:\Users\ADMINI~1\AppData\Local\Temp\tmp7iipyeyv\test_4.jpg
2026-02-14 09:08:55 | INFO     | face_search:searchFaces:174 | 搜索完成: 处理 5 个文件, 跳过 5 个文件, 找到 0 个匹配结果, 已取消: False
2026-02-14 09:08:55 | INFO     | face_search:searchFaces:70 | 开始搜索人脸: 文件夹=C:\Users\ADMINI~1\AppData\Local\Temp\tmpit6o6njc, 阈值=0.012003996528813236
2026-02-14 09:08:55 | INFO     | face_search:searchFaces:83 | 扫描完成，找到 6 个图片文件
2026-02-14 09:08:55 | INFO     | face_detection:detectFaces:57 | 图片中未检测到人脸: C:\Users\ADMINI~1\AppData\Local\Temp\tmpit6o6njc\test_0.jpg
2026-02-14 09:08:55 | INFO     | face_detection:detectFaces:57 | 图片中未检测到人脸: C:\Users\ADMINI~1\AppData\Local\Temp\tmpit6o6njc\test_1.jpg
2026-02-14 09:08:55 | INFO     | face_detection:detectFaces:57 | 图片中未检测到人脸: C:\Users\ADMINI~1\AppData\Local\Temp\tmpit6o6njc\test_2.jpg
2026-02-14 09:08:55 | INFO     | face_detection:detectFaces:57 | 图片中未检测到人脸: C:\Users\ADMINI~1\AppData\Local\Temp\tmpit6o6njc\test_3.jpg
2026-02-14 09:08:55 | INFO     | face_detection:detectFaces:57 | 图片中未检测到人脸: C:\Users\ADMINI~1\AppData\Local\Temp\tmpit6o6njc\test_4.jpg
2026-02-14 09:08:55 | INFO     | face_detection:detectFaces:57 | 图片中未检测到人脸: C:\Users\ADMINI~1\AppData\Local\Temp\tmpit6o6njc\test_5.jpg
2026-02-14 09:08:55 | INFO     | face_search:searchFaces:174 | 搜索完成: 处理 6 个文件, 跳过 6 个文件, 找到 0 个匹配结果, 已取消: False
2026-02-14 09:08:55 | INFO     | face_search:searchFaces:70 | 开始搜索人脸: 文件夹=C:\Users\ADMINI~1\AppData\Local\Temp\tmp7q4l51xq, 阈值=0.4628998680923623
2026-02-14 09:08:55 | INFO     | face_search:searchFaces:83 | 扫描完成，找到 3 个图片文件
2026-02-14 09:08:55 | INFO     | face_detection:detectFaces:57 | 图片中未检测到人脸: C:\Users\ADMINI~1\AppData\Local\Temp\tmp7q4l51xq\test_0.jpg
2026-02-14 09:08:55 | INFO     | face_detection:detectFaces:57 | 图片中未检测到人脸: C:\Users\ADMINI~1\AppData\Local\Temp\tmp7q4l51xq\test_1.jpg
2026-02-14 09:08:55 | INFO     | face_detection:detectFaces:57 | 图片中未检测到人脸: C:\Users\ADMINI~1\AppData\Local\Temp\tmp7q4l51xq\test_2.jpg
2026-02-14 09:08:55 | INFO     | face_search:searchFaces:174 | 搜索完成: 处理 3 个文件, 跳过 3 个文件, 找到 0 个匹配结果, 已取消: False
2026-02-14 09:08:55 | INFO     | face_search:searchFaces:70 | 开始搜索人脸: 文件夹=C:\Users\ADMINI~1\AppData\Local\Temp\tmp7djgfsbb, 阈值=0.28190671512538273
2026-02-14 09:08:55 | INFO     | face_search:searchFaces:83 | 扫描完成，找到 6 个图片文件
2026-02-14 09:08:55 | INFO     | face_detection:detectFaces:57 | 图片中未检测到人脸: C:\Users\ADMINI~1\AppData\Local\Temp\tmp7djgfsbb\test_0.jpg
2026-02-14 09:08:55 | INFO     | face_detection:detectFaces:57 | 图片中未检测到人脸: C:\Users\ADMINI~1\AppData\Local\Temp\tmp7djgfsbb\test_1.jpg
2026-02-14 09:08:55 | INFO     | face_detection:detectFaces:57 | 图片中未检测到人脸: C:\Users\ADMINI~1\AppData\Local\Temp\tmp7djgfsbb\test_2.jpg
2026-02-14 09:08:55 | INFO     | face_detection:detectFaces:57 | 图片中未检测到人脸: C:\Users\ADMINI~1\AppData\Local\Temp\tmp7djgfsbb\test_3.jpg
2026-02-14 09:08:55 | INFO     | face_detection:detectFaces:57 | 图片中未检测到人脸: C:\Users\ADMINI~1\AppData\Local\Temp\tmp7djgfsbb\test_4.jpg
2026-02-14 09:08:55 | INFO     | face_detection:detectFaces:57 | 图片中未检测到人脸: C:\Users\ADMINI~1\AppData\Local\Temp\tmp7djgfsbb\test_5.jpg
2026-02-14 09:08:55 | INFO     | face_search:searchFaces:174 | 搜索完成: 处理 6 个文件, 跳过 6 个文件, 找到 0 个匹配结果, 已取消: False
2026-02-14 09:08:55 | INFO     | face_search:searchFaces:70 | 开始搜索人脸: 文件夹=C:\Users\ADMINI~1\AppData\Local\Temp\tmps2lx2qb8, 阈值=0.0
2026-02-14 09:08:55 | INFO     | face_search:searchFaces:83 | 扫描完成，找到 5 个图片文件
2026-02-14 09:08:55 | INFO     | face_search:cancelSearch:195 | 收到取消搜索请求
2026-02-14 09:08:55 | INFO     | face_detection:detectFaces:57 | 图片中未检测到人脸: C:\Users\ADMINI~1\AppData\Local\Temp\tmps2lx2qb8\test_0.jpg
2026-02-14 09:08:55 | INFO     | face_search:searchFaces:94 | 搜索已取消，已处理 1/5 个文件
2026-02-14 09:08:55 | INFO     | face_search:searchFaces:174 | 搜索完成: 处理 1 个文件, 跳过 1 个文件, 找到 0 个匹配结果, 已取消: True
2026-02-14 09:08:56 | INFO     | face_search:searchFaces:70 | 开始搜索人脸: 文件夹=C:\Users\ADMINI~1\AppData\Local\Temp\tmpzfww_clv, 阈值=1e-05
2026-02-14 09:08:56 | INFO     | face_search:searchFaces:83 | 扫描完成，找到 15 个图片文件
2026-02-14 09:08:56 | INFO     | face_search:cancelSearch:195 | 收到取消搜索请求
2026-02-14 09:08:56 | INFO     | face_detection:detectFaces:57 | 图片中未检测到人脸: C:\Users\ADMINI~1\AppData\Local\Temp\tmpzfww_clv\test_0.jpg
2026-02-14 09:08:56 | INFO     | face_search:searchFaces:94 | 搜索已取消，已处理 1/15 个文件
2026-02-14 09:08:56 | INFO     | face_search:searchFaces:174 | 搜索完成: 处理 1 个文件, 跳过 1 个文件, 找到 0 个匹配结果, 已取消: True
2026-02-14 09:08:56 | INFO     | face_search:searchFaces:70 | 开始搜索人脸: 文件夹=C:\Users\ADMINI~1\AppData\Local\Temp\tmpxoeaoypc, 阈值=0.38157015871097244
2026-02-14 09:08:56 | INFO     | face_search:searchFaces:83 | 扫描完成，找到 11 个图片文件
2026-02-14 09:08:56 | INFO     | face_search:cancelSearch:195 | 收到取消搜索请求
2026-02-14 09:08:56 | INFO     | face_detection:detectFaces:57 | 图片中未检测到人脸: C:\Users\ADMINI~1\AppData\Local\Temp\tmpxoeaoypc\test_0.jpg
2026-02-14 09:08:56 | INFO     | face_search:searchFaces:94 | 搜索已取消，已处理 1/11 个文件
2026-02-14 09:08:56 | INFO     | face_search:searchFaces:174 | 搜索完成: 处理 1 个文件, 跳过 1 个文件, 找到 0 个匹配结果, 已取消: True
2026-02-14 09:08:56 | INFO     | face_search:searchFaces:70 | 开始搜索人脸: 文件夹=C:\Users\ADMINI~1\AppData\Local\Temp\tmpgl8dxk6t, 阈值=0.0
2026-02-14 09:08:56 | INFO     | face_search:searchFaces:83 | 扫描完成，找到 3 个图片文件
2026-02-14 09:08:56 | INFO     | face_detection:detectFaces:57 | 图片中未检测到人脸: C:\Users\ADMINI~1\AppData\Local\Temp\tmpgl8dxk6t\test_0.jpg
2026-02-14 09:08:56 | INFO     | face_detection:detectFaces:57 | 图片中未检测到人脸: C:\Users\ADMINI~1\AppData\Local\Temp\tmpgl8dxk6t\test_1.jpg
2026-02-14 09:08:56 | INFO     | face_search:cancelSearch:195 | 收到取消搜索请求
2026-02-14 09:08:56 | INFO     | face_detection:detectFaces:57 | 图片中未检测到人脸: C:\Users\ADMINI~1\AppData\Local\Temp\tmpgl8dxk6t\test_2.jpg
2026-02-14 09:08:56 | INFO     | face_search:cancelSearch:195 | 收到取消搜索请求
2026-02-14 09:08:56 | INFO     | face_search:searchFaces:174 | 搜索完成: 处理 3 个文件, 跳过 3 个文件, 找到 0 个匹配结果, 已取消: True
2026-02-14 09:08:56 | INFO     | face_search:searchFaces:70 | 开始搜索人脸: 文件夹=C:\Users\ADMINI~1\AppData\Local\Temp\tmpkqs8rfqk, 阈值=0.4196811007351767
2026-02-14 09:08:56 | INFO     | face_search:searchFaces:83 | 扫描完成，找到 6 个图片文件
2026-02-14 09:08:56 | INFO     | face_detection:detectFaces:57 | 图片中未检测到人脸: C:\Users\ADMINI~1\AppData\Local\Temp\tmpkqs8rfqk\test_0.jpg
2026-02-14 09:08:56 | INFO     | face_detection:detectFaces:57 | 图片中未检测到人脸: C:\Users\ADMINI~1\AppData\Local\Temp\tmpkqs8rfqk\test_1.jpg
2026-02-14 09:08:56 | INFO     | face_search:cancelSearch:195 | 收到取消搜索请求
2026-02-14 09:08:56 | INFO     | face_detection:detectFaces:57 | 图片中未检测到人脸: C:\Users\ADMINI~1\AppData\Local\Temp\tmpkqs8rfqk\test_2.jpg
2026-02-14 09:08:56 | INFO     | face_search:searchFaces:94 | 搜索已取消，已处理 3/6 个文件
2026-02-14 09:08:56 | INFO     | face_search:cancelSearch:195 | 收到取消搜索请求
2026-02-14 09:08:56 | INFO     | face_search:searchFaces:174 | 搜索完成: 处理 3 个文件, 跳过 3 个文件, 找到 0 个匹配结果, 已取消: True
2026-02-14 09:08:56 | INFO     | face_search:searchFaces:70 | 开始搜索人脸: 文件夹=C:\Users\ADMINI~1\AppData\Local\Temp\tmp3tm3ghp4, 阈值=6.545468788672315e-65
2026-02-14 09:08:56 | INFO     | face_search:searchFaces:83 | 扫描完成，找到 6 个图片文件
2026-02-14 09:08:56 | INFO     | face_detection:detectFaces:57 | 图片中未检测到人脸: C:\Users\ADMINI~1\AppData\Local\Temp\tmp3tm3ghp4\test_0.jpg
2026-02-14 09:08:56 | INFO     | face_detection:detectFaces:57 | 图片中未检测到人脸: C:\Users\ADMINI~1\AppData\Local\Temp\tmp3tm3ghp4\test_1.jpg
2026-02-14 09:08:56 | INFO     | face_search:cancelSearch:195 | 收到取消搜索请求
2026-02-14 09:08:56 | INFO     | face_detection:detectFaces:57 | 图片中未检测到人脸: C:\Users\ADMINI~1\AppData\Local\Temp\tmp3tm3ghp4\test_2.jpg
2026-02-14 09:08:56 | INFO     | face_search:searchFaces:94 | 搜索已取消，已处理 3/6 个文件
2026-02-14 09:08:56 | INFO     | face_search:cancelSearch:195 | 收到取消搜索请求
2026-02-14 09:08:56 | INFO     | face_search:searchFaces:174 | 搜索完成: 处理 3 个文件, 跳过 3 个文件, 找到 0 个匹配结果, 已取消: True
2026-02-14 09:08:56 | INFO     | face_search:searchFaces:70 | 开始搜索人脸: 文件夹=C:\Users\ADMINI~1\AppData\Local\Temp\tmpvttpftbo, 阈值=0.9026163467382882
2026-02-14 09:08:56 | INFO     | face_search:searchFaces:83 | 扫描完成，找到 7 个图片文件
2026-02-14 09:08:56 | INFO     | face_detection:detectFaces:57 | 图片中未检测到人脸: C:\Users\ADMINI~1\AppData\Local\Temp\tmpvttpftbo\test_0.jpg
2026-02-14 09:08:56 | INFO     | face_detection:detectFaces:57 | 图片中未检测到人脸: C:\Users\ADMINI~1\AppData\Local\Temp\tmpvttpftbo\test_1.jpg
2026-02-14 09:08:56 | INFO     | face_search:cancelSearch:195 | 收到取消搜索请求
2026-02-14 09:08:56 | INFO     | face_detection:detectFaces:57 | 图片中未检测到人脸: C:\Users\ADMINI~1\AppData\Local\Temp\tmpvttpftbo\test_2.jpg
2026-02-14 09:08:56 | INFO     | face_search:searchFaces:94 | 搜索已取消，已处理 3/7 个文件
2026-02-14 09:08:56 | INFO     | face_search:cancelSearch:195 | 收到取消搜索请求
2026-02-14 09:08:56 | INFO     | face_search:searchFaces:174 | 搜索完成: 处理 3 个文件, 跳过 3 个文件, 找到 0 个匹配结果, 已取消: True
2026-02-14 09:08:56 | INFO     | face_search:searchFaces:70 | 开始搜索人脸: 文件夹=C:\Users\ADMINI~1\AppData\Local\Temp\tmp6_thwyla, 阈值=0.11870837654833413
2026-02-14 09:08:56 | INFO     | face_search:searchFaces:83 | 扫描完成，找到 9 个图片文件
2026-02-14 09:08:56 | INFO     | face_detection:detectFaces:57 | 图片中未检测到人脸: C:\Users\ADMINI~1\AppData\Local\Temp\tmp6_thwyla\test_0.jpg
2026-02-14 09:08:56 | INFO     | face_detection:detectFaces:57 | 图片中未检测到人脸: C:\Users\ADMINI~1\AppData\Local\Temp\tmp6_thwyla\test_1.jpg
2026-02-14 09:08:56 | INFO     | face_search:cancelSearch:195 | 收到取消搜索请求
2026-02-14 09:08:56 | INFO     | face_detection:detectFaces:57 | 图片中未检测到人脸: C:\Users\ADMINI~1\AppData\Local\Temp\tmp6_thwyla\test_2.jpg
2026-02-14 09:08:56 | INFO     | face_search:searchFaces:94 | 搜索已取消，已处理 3/9 个文件
2026-02-14 09:08:56 | INFO     | face_search:cancelSearch:195 | 收到取消搜索请求
2026-02-14 09:08:56 | INFO     | face_search:searchFaces:174 | 搜索完成: 处理 3 个文件, 跳过 3 个文件, 找到 0 个匹配结果, 已取消: True
2026-02-14 09:08:56 | INFO     | face_search:cancelSearch:195 | 收到取消搜索请求
2026-02-14 09:08:56 | INFO     | face_search:cancelSearch:195 | 收到取消搜索请求
2026-02-14 09:08:56 | INFO     | face_search:cancelSearch:195 | 收到取消搜索请求
2026-02-14 09:08:57 | INFO     | app:upload_image:122 | 图片上传成功: 0873fa9a-782d-4677-ba6c-7a20e249d3a5, 文件名: test.jpg
2026-02-14 09:08:57 | INFO     | app:upload_image:122 | 图片上传成功: 357bb8b1-27f4-439e-b453-81e02fc96989, 文件名: test.jpeg
2026-02-14 09:08:57 | INFO     | app:upload_image:122 | 图片上传成功: a130e5f6-f0ad-412e-baa7-e2ee97ca088d, 文件名: test.png
2026-02-14 09:08:57 | WARNING  | error_handlers:handle_validation_error:110 | 验证错误: Unsupported file format. Supported formats: .jpg, .jpeg, .png, .webp, 字段: file
2026-02-14 09:08:57 | WARNING  | error_handlers:handle_validation_error:110 | 验证错误: Unsupported file format. Supported formats: .jpg, .jpeg, .png, .webp, 字段: file
2026-02-14 09:08:57 | WARNING  | error_handlers:handle_validation_error:110 | 验证错误: Unsupported file format. Supported formats: .jpg, .jpeg, .png, .webp, 字段: file
2026-02-14 09:08:57 | WARNING  | error_handlers:handle_validation_error:110 | 验证错误: Unsupported file format. Supported formats: .jpg, .jpeg, .png, .webp, 字段: file
2026-02-14 09:08:57 | WARNING  | error_handlers:handle_validation_error:110 | 验证错误: Unsupported file format. Supported formats: .jpg, .jpeg, .png, .webp, 字段: file
2026-02-14 09:08:57 | WARNING  | error_handlers:handle_validation_error:110 | 验证错误: Unsupported file format. Supported formats: .jpg, .jpeg, .png, .webp, 字段: file
2026-02-14 09:08:57 | WARNING  | error_handlers:handle_validation_error:110 | 验证错误: Unsupported file format. Supported formats: .jpg, .jpeg, .png, .webp, 字段: file
2026-02-14 09:08:57 | WARNING  | error_handlers:handle_validation_error:110 | 验证错误: Unsupported file format. Supported formats: .jpg, .jpeg, .png, .webp, 字段: file
2026-02-14 09:08:57 | INFO     | app:upload_image:122 | 图片上传成功: 01634de0-21bf-4a5d-98c1-12f61272a7ae, 文件名: test.jpg
2026-02-14 09:08:58 | INFO     | app:upload_image:122 | 图片上传成功: f63f22ed-698a-4859-bb03-7acc0b8f526d, 文件名: test.jpg
2026-02-14 09:08:58 | INFO     | app:upload_image:122 | 图片上传成功: 8a57d4ba-b83e-4457-9190-3745d393f016, 文件名: test.jpg
2026-02-14 09:09:00 | WARNING  | error_handlers:handle_file_too_large:161 | 文件大小超限: 10MB
2026-02-14 09:09:14 | WARNING  | error_handlers:handle_file_too_large:161 | 文件大小超限: 10MB
2026-02-14 09:09:24 | WARNING  | error_handlers:handle_file_too_large:161 | 文件大小超限: 10MB
2026-02-14 09:09:35 | WARNING  | error_handlers:handle_file_too_large:161 | 文件大小超限: 10MB
2026-02-14 09:09:47 | WARNING  | error_handlers:handle_file_too_large:161 | 文件大小超限: 10MB
2026-02-14 09:09:59 | WARNING  | error_handlers:handle_file_too_large:161 | 文件大小超限: 10MB
2026-02-14 09:10:12 | WARNING  | error_handlers:handle_file_too_large:161 | 文件大小超限: 10MB
2026-02-14 09:10:27 | WARNING  | error_handlers:handle_file_too_large:161 | 文件大小超限: 10MB
2026-02-14 09:10:44 | WARNING  | error_handlers:handle_file_too_large:161 | 文件大小超限: 10MB
2026-02-14 09:11:04 | WARNING  | error_handlers:handle_file_too_large:161 | 文件大小超限: 10MB
2026-02-14 09:11:25 | WARNING  | error_handlers:handle_file_too_large:161 | 文件大小超限: 10MB
2026-02-14 09:11:44 | WARNING  | error_handlers:handle_file_too_large:161 | 文件大小超限: 10MB
2026-02-14 09:11:56 | INFO     | app:<module>:41 | Flask 应用启动
2026-02-14 09:11:58 | INFO     | face_detection:detectFaces:57 | 图片中未检测到人脸: C:\Users\Administrator\AppData\Local\Temp\pytest-of-Administrator\pytest-95\test_all_detected_faces_have_c0\test_pattern_200x200_1.jpg
2026-02-14 09:11:59 | INFO     | face_detection:detectFaces:69 | 人脸检测完成: C:\Users\Administrator\AppData\Local\Temp\pytest-of-Administrator\pytest-95\test_all_detected_faces_have_c0\test_pattern_361x800_2.jpg, 检测到 1 个人脸
2026-02-14 09:12:00 | INFO     | face_detection:detectFaces:57 | 图片中未检测到人脸: C:\Users\Administrator\AppData\Local\Temp\pytest-of-Administrator\pytest-95\test_all_detected_faces_have_c0\test_pattern_789x506_1.jpg
2026-02-14 09:12:00 | INFO     | face_detection:detectFaces:57 | 图片中未检测到人脸: C:\Users\Administrator\AppData\Local\Temp\pytest-of-Administrator\pytest-95\test_empty_detection_result_ha0\no_faces.jpg
2026-02-14 09:12:01 | INFO     | image_export:exportImages:79 | 开始转存图片: 1 个文件到 C:\Users\ADMINI~1\AppData\Local\Temp\tmp0fy95bx4\target
2026-02-14 09:12:01 | INFO     | image_export:exportImages:155 | 转存完成: 成功 1, 失败 0
2026-02-14 09:12:01 | INFO     | image_export:exportImages:79 | 开始转存图片: 1 个文件到 C:\Users\ADMINI~1\AppData\Local\Temp\tmpugd2zn19\target
2026-02-14 09:12:01 | INFO     | image_export:exportImages:155 | 转存完成: 成功 1, 失败 0
2026-02-14 09:12:01 | INFO     | image_export:exportImages:79 | 开始转存图片: 1 个文件到 C:\Users\ADMINI~1\AppData\Local\Temp\tmpw2pe1ed4\target
2026-02-14 09:12:01 | INFO     | image_export:exportImages:155 | 转存完成: 成功 1, 失败 0
2026-02-14 09:12:01 | INFO     | image_export:exportImages:79 | 开始转存图片: 1 个文件到 C:\Users\ADMINI~1\AppData\Local\Temp\tmp9wf3ozg5\target
2026-02-14 09:12:01 | INFO     | image_export:exportImages:155 | 转存完成: 成功 1, 失败 0
2026-02-14 09:12:01 | INFO     | image_export:exportImages:79 | 开始转存图片: 5 个文件到 C:\Users\ADMINI~1\AppData\Local\Temp\tmphs7o0_q9\target
2026-02-14 09:12:01 | INFO     | image_export:exportImages:155 | 转存完成: 成功 5, 失败 0
2026-02-14 09:12:01 | INFO     | image_export:exportImages:79 | 开始转存图片: 1 个文件到 C:\Users\ADMINI~1\AppData\Local\Temp\tmpirx_v13a\target
2026-02-14 09:12:01 | INFO     | image_export:exportImages:155 | 转存完成: 成功 1, 失败 0
2026-02-14 09:12:01 | INFO     | image_export:exportImages:79 | 开始转存图片: 1 个文件到 C:\Users\ADMINI~1\AppData\Local\Temp\tmp438ral04\target
2026-02-14 09:12:01 | INFO     | image_export:exportImages:155 | 转存完成: 成功 1, 失败 0
2026-02-14 09:12:01 | INFO     | image_export:exportImages:79 | 开始转存图片: 1 个文件到 C:\Users\ADMINI~1\AppData\Local\Temp\tmpmoawoshc\target
2026-02-14 09:12:01 | INFO     | image_export:exportImages:155 | 转存完成: 成功 1, 失败 0
2026-02-14 09:12:01 | INFO     | image_export:exportImages:79 | 开始转存图片: 1 个文件到 C:\Users\ADMINI~1\AppData\Local\Temp\tmpz3fmbl64\target
2026-02-14 09:12:01 | INFO     | image_export:exportImages:155 | 转存完成: 成功 1, 失败 0
2026-02-14 09:12:01 | INFO     | image_export:exportImages:79 | 开始转存图片: 1 个文件到 C:\Users\ADMINI~1\AppData\Local\Temp\tmptljzk5en\target
2026-02-14 09:12:01 | INFO     | image_export:exportImages:155 | 转存完成: 成功 1, 失败 0
2026-02-14 09:12:01 | INFO     | image_export:exportImages:79 | 开始转存图片: 1 个文件到 C:\Users\ADMINI~1\AppData\Local\Temp\tmpz428f32a\target
2026-02-14 09:12:01 | INFO     | image_export:exportImages:155 | 转存完成: 成功 1, 失败 0
2026-02-14 09:12:01 | INFO     | image_export:exportImages:79 | 开始转存图片: 1 个文件到 C:\Users\ADMINI~1\AppData\Local\Temp\tmptvmxpzt8\target
2026-02-14 09:12:01 | INFO     | image_export:exportImages:155 | 转存完成: 成功 1, 失败 0
2026-02-14 09:12:01 | INFO     | image_export:exportImages:79 | 开始转存图片: 2 个文件到 C:\Users\ADMINI~1\AppData\Local\Temp\tmp9b0zva79\target
2026-02-14 09:12:01 | WARNING  | image_export:exportImages:101 | 源文件不存在: C:\Users\ADMINI~1\AppData\Local\Temp\tmp9b0zva79\source\invalid_0.jpg
2026-02-14 09:12:01 | INFO     | image_export:exportImages:155 | 转存完成: 成功 1, 失败 1
2026-02-14 09:12:01 | INFO     | image_export:exportImages:79 | 开始转存图片: 7 个文件到 C:\Users\ADMINI~1\AppData\Local\Temp\tmpuwlvs0mw\target
2026-02-14 09:12:01 | WARNING  | image_export:exportImages:101 | 源文件不存在: C:\Users\ADMINI~1\AppData\Local\Temp\tmpuwlvs0mw\source\invalid_0.jpg
2026-02-14 09:12:01 | WARNING  | image_export:exportImages:101 | 源文件不存在: C:\Users\ADMINI~1\AppData\Local\Temp\tmpuwlvs0mw\source\invalid_1.jpg
2026-02-14 09:12:01 | INFO     | image_export:exportImages:155 | 转存完成: 成功 5, 失败 2
2026-02-14 09:12:01 | INFO     | image_export:exportImages:79 | 开始转存图片: 4 个文件到 C:\Users\ADMINI~1\AppData\Local\Temp\tmpu8grwded\target
2026-02-14 09:12:01 | WARNING  | image_export:exportImages:101 | 源文件不存在: C:\Users\ADMINI~1\AppData\Local\Temp\tmpu8grwded\source\invalid_0.jpg
2026-02-14 09:12:01 | WARNING  | image_export:exportImages:101 | 源文件不存在: C:\Users\ADMINI~1\AppData\Local\Temp\tmpu8grwded\source\invalid_1.jpg
2026-02-14 09:12:01 | WARNING  | image_export:exportImages:101 | 源文件不存在: C:\Users\ADMINI~1\AppData\Local\Temp\tmpu8grwded\source\invalid_2.jpg
2026-02-14 09:12:01 | INFO     | image_export:exportImages:155 | 转存完成: 成功 1, 失败 3
2026-02-14 09:12:01 | INFO     | image_export:exportImages:79 | 开始转存图片: 1 个文件到 C:\Users\ADMINI~1\AppData\Local\Temp\tmp4ntrwsyp\target
2026-02-14 09:12:01 | INFO     | image_export:exportImages:155 | 转存完成: 成功 1, 失败 0
2026-02-14 09:12:01 | INFO     | image_export:exportImages:79 | 开始转存图片: 1 个文件到 C:\Users\ADMINI~1\AppData\Local\Temp\tmp2r_96rcv\target
2026-02-14 09:12:01 | INFO     | image_export:exportImages:155 | 转存完成: 成功 1, 失败 0
2026-02-14 09:12:01 | INFO     | image_export:exportImages:79 | 开始转存图片: 1 个文件到 C:\Users\ADMINI~1\AppData\Local\Temp\tmpunpthgh9\target
2026-02-14 09:12:01 | INFO     | image_export:exportImages:155 | 转存完成: 成功 1, 失败 0
2026-02-14 09:12:01 | INFO     | image_export:exportImages:79 | 开始转存图片: 1 个文件到 C:\Users\ADMINI~1\AppData\Local\Temp\tmpk_0dktds\target
2026-02-14 09:12:01 | INFO     | image_export:exportImages:155 | 转存完成: 成功 1, 失败 0
2026-02-14 09:12:01 | INFO     | image_export:exportImages:79 | 开始转存图片: 1 个文件到 C:\Users\ADMINI~1\AppData\Local\Temp\tmp_sfa6z7l\target
2026-02-14 09:12:01 | INFO     | image_export:exportImages:155 | 转存完成: 成功 1, 失败 0
2026-02-14 09:12:01 | INFO     | image_export:exportImages:79 | 开始转存图片: 1 个文件到 C:\Users\ADMINI~1\AppData\Local\Temp\tmpaa5pl86h\target
2026-02-14 09:12:01 | INFO     | image_export:exportImages:155 | 转存完成: 成功 1, 失败 0
2026-02-14 09:12:01 | INFO     | image_export:exportImages:79 | 开始转存图片: 1 个文件到 C:\Users\ADMINI~1\AppData\Local\Temp\tmpaa5pl86h\target
2026-02-14 09:12:01 | INFO     | image_export:exportImages:155 | 转存完成: 成功 1, 失败 0
2026-02-14 09:12:01 | INFO     | image_export:exportImages:79 | 开始转存图片: 1 个文件到 C:\Users\ADMINI~1\AppData\Local\Temp\tmpd9imqgmx\target
2026-02-14 09:12:01 | INFO     | image_export:exportImages:155 | 转存完成: 成功 1, 失败 0
2026-02-14 09:12:01 | INFO     | image_export:exportImages:79 | 开始转存图片: 1 个文件到 C:\Users\ADMINI~1\AppData\Local\Temp\tmpd9imqgmx\target
2026-02-14 09:12:01 | INFO     | image_export:exportImages:155 | 转存完成: 成功 1, 失败 0
2026-02-14 09:12:01 | INFO     | image_export:exportImages:79 | 开始转存图片: 1 个文件到 C:\Users\ADMINI~1\AppData\Local\Temp\tmpd9imqgmx\target
2026-02-14 09:12:01 | INFO     | image_export:exportImages:155 | 转存完成: 成功 1, 失败 0
2026-02-14 09:12:01 | INFO     | image_export:exportImages:79 | 开始转存图片: 1 个文件到 C:\Users\ADMINI~1\AppData\Local\Temp\tmpd9imqgmx\target
2026-02-14 09:12:01 | INFO     | image_export:exportImages:155 | 转存完成: 成功 1, 失败 0
2026-02-14 09:12:01 | INFO     | image_export:exportImages:79 | 开始转存图片: 1 个文件到 C:\Users\ADMINI~1\AppData\Local\Temp\tmp1rwnta0_\target
2026-02-14 09:12:01 | INFO     | image_export:exportImages:155 | 转存完成: 成功 1, 失败 0
2026-02-14 09:12:01 | INFO     | image_export:exportImages:79 | 开始转存图片: 1 个文件到 C:\Users\ADMINI~1\AppData\Local\Temp\tmp_jhj7fyp\target
2026-02-14 09:12:01 | INFO     | image_export:exportImages:155 | 转存完成: 成功 1, 失败 0
2026-02-14 09:12:02 | INFO     | image_export:exportImages:79 | 开始转存图片: 1 个文件到 C:\Users\ADMINI~1\AppData\Local\Temp\tmpocm5ahvb\target
2026-02-14 09:12:02 | INFO     | image_export:exportImages:155 | 转存完成: 成功 1, 失败 0
2026-02-14 09:12:02 | INFO     | image_export:exportImages:79 | 开始转存图片: 0 个文件到 C:\Users\ADMINI~1\AppData\Local\Temp\tmpyozz1rsd\target
2026-02-14 09:12:02 | INFO     | image_export:exportImages:155 | 转存完成: 成功 0, 失败 0
2026-02-14 09:12:02 | INFO     | image_export:exportImages:79 | 开始转存图片: 15 个文件到 C:\Users\ADMINI~1\AppData\Local\Temp\tmpkx2rb4u_\target
2026-02-14 09:12:02 | INFO     | image_export:exportImages:155 | 转存完成: 成功 15, 失败 0
2026-02-14 09:12:02 | INFO     | image_export:exportImages:79 | 开始转存图片: 5 个文件到 C:\Users\ADMINI~1\AppData\Local\Temp\tmpdpw430df\target
2026-02-14 09:12:02 | INFO     | image_export:exportImages:155 | 转存完成: 成功 5, 失败 0
2026-02-14 09:12:02 | INFO     | image_export:exportImages:79 | 开始转存图片: 0 个文件到 C:\Users\ADMINI~1\AppData\Local\Temp\tmphnx_oiy4\target
2026-02-14 09:12:02 | INFO     | image_export:exportImages:155 | 转存完成: 成功 0, 失败 0
2026-02-14 09:12:02 | INFO     | image_export:exportImages:79 | 开始转存图片: 13 个文件到 C:\Users\ADMINI~1\AppData\Local\Temp\tmpzrgpbo5_\target
2026-02-14 09:12:02 | WARNING  | image_export:exportImages:101 | 源文件不存在: C:\Users\ADMINI~1\AppData\Local\Temp\tmpzrgpbo5_\source\invalid_0.jpg
2026-02-14 09:12:02 | WARNING  | image_export:exportImages:101 | 源文件不存在: C:\Users\ADMINI~1\AppData\Local\Temp\tmpzrgpbo5_\source\invalid_1.jpg
2026-02-14 09:12:02 | WARNING  | image_export:exportImages:101 | 源文件不存在: C:\Users\ADMINI~1\AppData\Local\Temp\tmpzrgpbo5_\source\invalid_2.jpg
2026-02-14 09:12:02 | WARNING  | image_export:exportImages:101 | 源文件不存在: C:\Users\ADMINI~1\AppData\Local\Temp\tmpzrgpbo5_\source\invalid_3.jpg
2026-02-14 09:12:02 | WARNING  | image_export:exportImages:101 | 源文件不存在: C:\Users\ADMINI~1\AppData\Local\Temp\tmpzrgpbo5_\source\invalid_4.jpg
2026-02-14 09:12:02 | WARNING  | image_export:exportImages:101 | 源文件不存在: C:\Users\ADMINI~1\AppData\Local\Temp\tmpzrgpbo5_\source\invalid_5.jpg
2026-02-14 09:12:02 | WARNING  | image_export:exportImages:101 | 源文件不存在: C:\Users\ADMINI~1\AppData\Local\Temp\tmpzrgpbo5_\source\invalid_6.jpg
2026-02-14 09:12:02 | WARNING  | image_export:exportImages:101 | 源文件不存在: C:\Users\ADMINI~1\AppData\Local\Temp\tmpzrgpbo5_\source\invalid_7.jpg
2026-02-14 09:12:02 | INFO     | image_export:exportImages:155 | 转存完成: 成功 5, 失败 8
2026-02-14 09:12:02 | INFO     | image_export:exportImages:79 | 开始转存图片: 8 个文件到 C:\Users\ADMINI~1\AppData\Local\Temp\tmpx8ozhj76\target
2026-02-14 09:12:02 | WARNING  | image_export:exportImages:101 | 源文件不存在: C:\Users\ADMINI~1\AppData\Local\Temp\tmpx8ozhj76\source\invalid_0.jpg
2026-02-14 09:12:02 | WARNING  | image_export:exportImages:101 | 源文件不存在: C:\Users\ADMINI~1\AppData\Local\Temp\tmpx8ozhj76\source\invalid_1.jpg
2026-02-14 09:12:02 | INFO     | image_export:exportImages:155 | 转存完成: 成功 6, 失败 2
2026-02-14 09:12:02 | INFO     | image_export:exportImages:79 | 开始转存图片: 1 个文件到 C:\Users\ADMINI~1\AppData\Local\Temp\tmpg6aficm5\target
2026-02-14 09:12:02 | WARNING  | image_export:exportImages:101 | 源文件不存在: C:\Users\ADMINI~1\AppData\Local\Temp\tmpg6aficm5\source\nonexistent_0.jpg
2026-02-14 09:12:02 | INFO     | image_export:exportImages:155 | 转存完成: 成功 0, 失败 1
2026-02-14 09:12:02 | INFO     | image_export:exportImages:79 | 开始转存图片: 6 个文件到 C:\Users\ADMINI~1\AppData\Local\Temp\tmpknrmu96d\target
2026-02-14 09:12:02 | WARNING  | image_export:exportImages:101 | 源文件不存在: C:\Users\ADMINI~1\AppData\Local\Temp\tmpknrmu96d\source\nonexistent_0.jpg
2026-02-14 09:12:02 | WARNING  | image_export:exportImages:101 | 源文件不存在: C:\Users\ADMINI~1\AppData\Local\Temp\tmpknrmu96d\source\nonexistent_1.jpg
2026-02-14 09:12:02 | WARNING  | image_export:exportImages:101 | 源文件不存在: C:\Users\ADMINI~1\AppData\Local\Temp\tmpknrmu96d\source\nonexistent_2.jpg
2026-02-14 09:12:02 | WARNING  | image_export:exportImages:101 | 源文件不存在: C:\Users\ADMINI~1\AppData\Local\Temp\tmpknrmu96d\source\nonexistent_3.jpg
2026-02-14 09:12:02 | WARNING  | image_export:exportImages:101 | 源文件不存在: C:\Users\ADMINI~1\AppData\Local\Temp\tmpknrmu96d\source\nonexistent_4.jpg
2026-02-14 09:12:02 | WARNING  | image_export:exportImages:101 | 源文件不存在: C:\Users\ADMINI~1\AppData\Local\Temp\tmpknrmu96d\source\nonexistent_5.jpg
2026-02-14 09:12:02 | INFO     | image_export:exportImages:155 | 转存完成: 成功 0, 失败 6
2026-02-14 09:12:02 | INFO     | image_export:exportImages:79 | 开始转存图片: 9 个文件到 C:\Users\ADMINI~1\AppData\Local\Temp\tmpqqqfyj23\target
2026-02-14 09:12:02 | WARNING  | image_export:exportImages:101 | 源文件不存在: C:\Users\ADMINI~1\AppData\Local\Temp\tmpqqqfyj23\source\nonexistent_0.jpg
2026-02-14 09:12:02 | WARNING  | image_export:exportImages:101 | 源文件不存在: C:\Users\ADMINI~1\AppData\Local\Temp\tmpqqqfyj23\source\nonexistent_1.jpg
2026-02-14 09:12:02 | WARNING  | image_export:exportImages:101 | 源文件不存在: C:\Users\ADMINI~1\AppData\Local\Temp\tmpqqqfyj23\source\nonexistent_2.jpg
2026-02-14 09:12:02 | WARNING  | image_export:exportImages:101 | 源文件不存在: C:\Users\ADMINI~1\AppData\Local\Temp\tmpqqqfyj23\source\nonexistent_3.jpg
2026-02-14 09:12:02 | WARNING  | image_export:exportImages:101 | 源文件不存在: C:\Users\ADMINI~1\AppData\Local\Temp\tmpqqqfyj23\source\nonexistent_4.jpg
2026-02-14 09:12:02 | WARNING  | image_export:exportImages:101 | 源文件不存在: C:\Users\ADMINI~1\AppData\Local\Temp\tmpqqqfyj23\source\nonexistent_5.jpg
2026-02-14 09:12:02 | WARNING  | image_export:exportImages:101 | 源文件不存在: C:\Users\ADMINI~1\AppData\Local\Temp\tmpqqqfyj23\source\nonexistent_6.jpg
2026-02-14 09:12:02 | WARNING  | image_export:exportImages:101 | 源文件不存在: C:\Users\ADMINI~1\AppData\Local\Temp\tmpqqqfyj23\source\nonexistent_7.jpg
2026-02-14 09:12:02 | WARNING  | image_export:exportImages:101 | 源文件不存在: C:\Users\ADMINI~1\AppData\Local\Temp\tmpqqqfyj23\source\nonexistent_8.jpg
2026-02-14 09:12:02 | INFO     | image_export:exportImages:155 | 转存完成: 成功 0, 失败 9
2026-02-14 09:12:02 | INFO     | image_export:exportImages:79 | 开始转存图片: 0 个文件到 C:\Users\ADMINI~1\AppData\Local\Temp\tmpqjrnj8aa\target
2026-02-14 09:12:02 | INFO     | image_export:exportImages:155 | 转存完成: 成功 0, 失败 0
2026-02-14 09:12:02 | INFO     | face_search:searchFaces:70 | 开始搜索人脸: 文件夹=C:\Users\ADMINI~1\AppData\Local\Temp\tmppr5hheo3, 阈值=0.0
2026-02-14 09:12:02 | INFO     | face_search:searchFaces:83 | 扫描完成，找到 2 个图片文件
2026-02-14 09:12:02 | ERROR    | face_detection:detectFaces:76 | 处理图片时发生错误: C:\Users\ADMINI~1\AppData\Local\Temp\tmppr5hheo3\corrupted_0.jpg, 错误: cannot identify image file 'C:\\Users\\ADMINI~1\\AppData\\Local\\Temp\\tmppr5hheo3\\corrupted_0.jpg'
Traceback (most recent call last):
  File "D:\AI_workspace\face-search-app\tests\..\backend\face_detection.py", line 49, in detectFaces
    image = face_recognition.load_image_file(image_path)
  File "D:\AI_workspace\face-search-app\backend\venv\Lib\site-packages\face_recognition\api.py", line 86, in load_image_file
    im = PIL.Image.open(file)
  File "D:\AI_workspace\face-search-app\backend\venv\Lib\site-packages\PIL\Image.py", line 3579, in open
    raise UnidentifiedImageError(msg)
PIL.UnidentifiedImageError: cannot identify image file 'C:\\Users\\ADMINI~1\\AppData\\Local\\Temp\\tmppr5hheo3\\corrupted_0.jpg'
2026-02-14 09:12:02 | INFO     | face_detection:detectFaces:57 | 图片中未检测到人脸: C:\Users\ADMINI~1\AppData\Local\Temp\tmppr5hheo3\valid_0.jpg
2026-02-14 09:12:02 | INFO     | face_search:searchFaces:174 | 搜索完成: 处理 2 个文件, 跳过 2 个文件, 找到 0 个匹配结果, 已取消: False
2026-02-14 09:12:02 | INFO     | face_search:searchFaces:70 | 开始搜索人脸: 文件夹=C:\Users\ADMINI~1\AppData\Local\Temp\tmpnc40of45, 阈值=0.791680264767584
2026-02-14 09:12:02 | INFO     | face_search:searchFaces:83 | 扫描完成，找到 4 个图片文件
2026-02-14 09:12:02 | ERROR    | face_detection:detectFaces:76 | 处理图片时发生错误: C:\Users\ADMINI~1\AppData\Local\Temp\tmpnc40of45\corrupted_0.jpg, 错误: cannot identify image file 'C:\\Users\\ADMINI~1\\AppData\\Local\\Temp\\tmpnc40of45\\corrupted_0.jpg'
Traceback (most recent call last):
  File "D:\AI_workspace\face-search-app\tests\..\backend\face_detection.py", line 49, in detectFaces
    image = face_recognition.load_image_file(image_path)
  File "D:\AI_workspace\face-search-app\backend\venv\Lib\site-packages\face_recognition\api.py", line 86, in load_image_file
    im = PIL.Image.open(file)
  File "D:\AI_workspace\face-search-app\backend\venv\Lib\site-packages\PIL\Image.py", line 3579, in open
    raise UnidentifiedImageError(msg)
PIL.UnidentifiedImageError: cannot identify image file 'C:\\Users\\ADMINI~1\\AppData\\Local\\Temp\\tmpnc40of45\\corrupted_0.jpg'
2026-02-14 09:12:02 | INFO     | face_detection:detectFaces:57 | 图片中未检测到人脸: C:\Users\ADMINI~1\AppData\Local\Temp\tmpnc40of45\valid_0.jpg
2026-02-14 09:12:02 | INFO     | face_detection:detectFaces:57 | 图片中未检测到人脸: C:\Users\ADMINI~1\AppData\Local\Temp\tmpnc40of45\valid_1.jpg
2026-02-14 09:12:02 | INFO     | face_detection:detectFaces:57 | 图片中未检测到人脸: C:\Users\ADMINI~1\AppData\Local\Temp\tmpnc40of45\valid_2.jpg
2026-02-14 09:12:02 | INFO     | face_search:searchFaces:174 | 搜索完成: 处理 4 个文件, 跳过 4 个文件, 找到 0 个匹配结果, 已取消: False
2026-02-14 09:12:02 | INFO     | face_search:searchFaces:70 | 开始搜索人脸: 文件夹=C:\Users\ADMINI~1\AppData\Local\Temp\tmphqvpwvyq, 阈值=0.7644277647778648
2026-02-14 09:12:02 | INFO     | face_search:searchFaces:83 | 扫描完成，找到 7 个图片文件
2026-02-14 09:12:02 | ERROR    | face_detection:detectFaces:76 | 处理图片时发生错误: C:\Users\ADMINI~1\AppData\Local\Temp\tmphqvpwvyq\corrupted_0.jpg, 错误: cannot identify image file 'C:\\Users\\ADMINI~1\\AppData\\Local\\Temp\\tmphqvpwvyq\\corrupted_0.jpg'
Traceback (most recent call last):
  File "D:\AI_workspace\face-search-app\tests\..\backend\face_detection.py", line 49, in detectFaces
    image = face_recognition.load_image_file(image_path)
  File "D:\AI_workspace\face-search-app\backend\venv\Lib\site-packages\face_recognition\api.py", line 86, in load_image_file
    im = PIL.Image.open(file)
  File "D:\AI_workspace\face-search-app\backend\venv\Lib\site-packages\PIL\Image.py", line 3579, in open
    raise UnidentifiedImageError(msg)
PIL.UnidentifiedImageError: cannot identify image file 'C:\\Users\\ADMINI~1\\AppData\\Local\\Temp\\tmphqvpwvyq\\corrupted_0.jpg'
2026-02-14 09:12:02 | ERROR    | face_detection:detectFaces:76 | 处理图片时发生错误: C:\Users\ADMINI~1\AppData\Local\Temp\tmphqvpwvyq\corrupted_1.jpg, 错误: cannot identify image file 'C:\\Users\\ADMINI~1\\AppData\\Local\\Temp\\tmphqvpwvyq\\corrupted_1.jpg'
Traceback (most recent call last):
  File "D:\AI_workspace\face-search-app\tests\..\backend\face_detection.py", line 49, in detectFaces
    image = face_recognition.load_image_file(image_path)
  File "D:\AI_workspace\face-search-app\backend\venv\Lib\site-packages\face_recognition\api.py", line 86, in load_image_file
    im = PIL.Image.open(file)
  File "D:\AI_workspace\face-search-app\backend\venv\Lib\site-packages\PIL\Image.py", line 3579, in open
    raise UnidentifiedImageError(msg)
PIL.UnidentifiedImageError: cannot identify image file 'C:\\Users\\ADMINI~1\\AppData\\Local\\Temp\\tmphqvpwvyq\\corrupted_1.jpg'
2026-02-14 09:12:02 | ERROR    | face_detection:detectFaces:76 | 处理图片时发生错误: C:\Users\ADMINI~1\AppData\Local\Temp\tmphqvpwvyq\corrupted_2.jpg, 错误: cannot identify image file 'C:\\Users\\ADMINI~1\\AppData\\Local\\Temp\\tmphqvpwvyq\\corrupted_2.jpg'
Traceback (most recent call last):
  File "D:\AI_workspace\face-search-app\tests\..\backend\face_detection.py", line 49, in detectFaces
    image = face_recognition.load_image_file(image_path)
  File "D:\AI_workspace\face-search-app\backend\venv\Lib\site-packages\face_recognition\api.py", line 86, in load_image_file
    im = PIL.Image.open(file)
  File "D:\AI_workspace\face-search-app\backend\venv\Lib\site-packages\PIL\Image.py", line 3579, in open
    raise UnidentifiedImageError(msg)
PIL.UnidentifiedImageError: cannot identify image file 'C:\\Users\\ADMINI~1\\AppData\\Local\\Temp\\tmphqvpwvyq\\corrupted_2.jpg'
2026-02-14 09:12:02 | INFO     | face_detection:detectFaces:57 | 图片中未检测到人脸: C:\Users\ADMINI~1\AppData\Local\Temp\tmphqvpwvyq\valid_0.jpg
2026-02-14 09:12:03 | INFO     | face_detection:detectFaces:57 | 图片中未检测到人脸: C:\Users\ADMINI~1\AppData\Local\Temp\tmphqvpwvyq\valid_1.jpg
2026-02-14 09:12:03 | INFO     | face_detection:detectFaces:57 | 图片中未检测到人脸: C:\Users\ADMINI~1\AppData\Local\Temp\tmphqvpwvyq\valid_2.jpg
2026-02-14 09:12:03 | INFO     | face_detection:detectFaces:57 | 图片中未检测到人脸: C:\Users\ADMINI~1\AppData\Local\Temp\tmphqvpwvyq\valid_3.jpg
2026-02-14 09:12:03 | INFO     | face_search:searchFaces:174 | 搜索完成: 处理 7 个文件, 跳过 7 个文件, 找到 0 个匹配结果, 已取消: False
2026-02-14 09:12:03 | INFO     | face_search:searchFaces:70 | 开始搜索人脸: 文件夹=C:\Users\ADMINI~1\AppData\Local\Temp\tmp9s0x4juf, 阈值=0.0
2026-02-14 09:12:03 | INFO     | face_search:searchFaces:83 | 扫描完成，找到 3 个图片文件
2026-02-14 09:12:03 | ERROR    | face_detection:detectFaces:76 | 处理图片时发生错误: C:\Users\ADMINI~1\AppData\Local\Temp\tmp9s0x4juf\corrupted_0.png, 错误: cannot identify image file 'C:\\Users\\ADMINI~1\\AppData\\Local\\Temp\\tmp9s0x4juf\\corrupted_0.png'
Traceback (most recent call last):
  File "D:\AI_workspace\face-search-app\tests\..\backend\face_detection.py", line 49, in detectFaces
    image = face_recognition.load_image_file(image_path)
  File "D:\AI_workspace\face-search-app\backend\venv\Lib\site-packages\face_recognition\api.py", line 86, in load_image_file
    im = PIL.Image.open(file)
  File "D:\AI_workspace\face-search-app\backend\venv\Lib\site-packages\PIL\Image.py", line 3579, in open
    raise UnidentifiedImageError(msg)
PIL.UnidentifiedImageError: cannot identify image file 'C:\\Users\\ADMINI~1\\AppData\\Local\\Temp\\tmp9s0x4juf\\corrupted_0.png'
2026-02-14 09:12:03 | ERROR    | face_detection:detectFaces:76 | 处理图片时发生错误: C:\Users\ADMINI~1\AppData\Local\Temp\tmp9s0x4juf\corrupted_1.png, 错误: cannot identify image file 'C:\\Users\\ADMINI~1\\AppData\\Local\\Temp\\tmp9s0x4juf\\corrupted_1.png'
Traceback (most recent call last):
  File "D:\AI_workspace\face-search-app\tests\..\backend\face_detection.py", line 49, in detectFaces
    image = face_recognition.load_image_file(image_path)
  File "D:\AI_workspace\face-search-app\backend\venv\Lib\site-packages\face_recognition\api.py", line 86, in load_image_file
    im = PIL.Image.open(file)
  File "D:\AI_workspace\face-search-app\backend\venv\Lib\site-packages\PIL\Image.py", line 3579, in open
    raise UnidentifiedImageError(msg)
PIL.UnidentifiedImageError: cannot identify image file 'C:\\Users\\ADMINI~1\\AppData\\Local\\Temp\\tmp9s0x4juf\\corrupted_1.png'
2026-02-14 09:12:03 | ERROR    | face_detection:detectFaces:76 | 处理图片时发生错误: C:\Users\ADMINI~1\AppData\Local\Temp\tmp9s0x4juf\corrupted_2.png, 错误: cannot identify image file 'C:\\Users\\ADMINI~1\\AppData\\Local\\Temp\\tmp9s0x4juf\\corrupted_2.png'
Traceback (most recent call last):
  File "D:\AI_workspace\face-search-app\tests\..\backend\face_detection.py", line 49, in detectFaces
    image = face_recognition.load_image_file(image_path)
  File "D:\AI_workspace\face-search-app\backend\venv\Lib\site-packages\face_recognition\api.py", line 86, in load_image_file
    im = PIL.Image.open(file)
  File "D:\AI_workspace\face-search-app\backend\venv\Lib\site-packages\PIL\Image.py", line 3579, in open
    raise UnidentifiedImageError(msg)
PIL.UnidentifiedImageError: cannot identify image file 'C:\\Users\\ADMINI~1\\AppData\\Local\\Temp\\tmp9s0x4juf\\corrupted_2.png'
2026-02-14 09:12:03 | INFO     | face_search:searchFaces:174 | 搜索完成: 处理 3 个文件, 跳过 3 个文件, 找到 0 个匹配结果, 已取消: False
2026-02-14 09:12:03 | INFO     | face_search:searchFaces:70 | 开始搜索人脸: 文件夹=C:\Users\ADMINI~1\AppData\Local\Temp\tmp0q8jmqk9, 阈值=0.7427202953120852
2026-02-14 09:12:03 | INFO     | face_search:searchFaces:83 | 扫描完成，找到 3 个图片文件
2026-02-14 09:12:03 | ERROR    | face_detection:detectFaces:76 | 处理图片时发生错误: C:\Users\ADMINI~1\AppData\Local\Temp\tmp0q8jmqk9\corrupted_0.png, 错误: cannot identify image file 'C:\\Users\\ADMINI~1\\AppData\\Local\\Temp\\tmp0q8jmqk9\\corrupted_0.png'
Traceback (most recent call last):
  File "D:\AI_workspace\face-search-app\tests\..\backend\face_detection.py", line 49, in detectFaces
    image = face_recognition.load_image_file(image_path)
  File "D:\AI_workspace\face-search-app\backend\venv\Lib\site-packages\face_recognition\api.py", line 86, in load_image_file
    im = PIL.Image.open(file)
  File "D:\AI_workspace\face-search-app\backend\venv\Lib\site-packages\PIL\Image.py", line 3579, in open
    raise UnidentifiedImageError(msg)
PIL.UnidentifiedImageError: cannot identify image file 'C:\\Users\\ADMINI~1\\AppData\\Local\\Temp\\tmp0q8jmqk9\\corrupted_0.png'
2026-02-14 09:12:03 | ERROR    | face_detection:detectFaces:76 | 处理图片时发生错误: C:\Users\ADMINI~1\AppData\Local\Temp\tmp0q8jmqk9\corrupted_1.png, 错误: cannot identify image file 'C:\\Users\\ADMINI~1\\AppData\\Local\\Temp\\tmp0q8jmqk9\\corrupted_1.png'
Traceback (most recent call last):
  File "D:\AI_workspace\face-search-app\tests\..\backend\face_detection.py", line 49, in detectFaces
    image = face_recognition.load_image_file(image_path)
  File "D:\AI_workspace\face-search-app\backend\venv\Lib\site-packages\face_recognition\api.py", line 86, in load_image_file
    im = PIL.Image.open(file)
  File "D:\AI_workspace\face-search-app\backend\venv\Lib\site-packages\PIL\Image.py", line 3579, in open
    raise UnidentifiedImageError(msg)
PIL.UnidentifiedImageError: cannot identify image file 'C:\\Users\\ADMINI~1\\AppData\\Local\\Temp\\tmp0q8jmqk9\\corrupted_1.png'
2026-02-14 09:12:03 | ERROR    | face_detection:detectFaces:76 | 处理图片时发生错误: C:\Users\ADMINI~1\AppData\Local\Temp\tmp0q8jmqk9\corrupted_2.png, 错误: cannot identify image file 'C:\\Users\\ADMINI~1\\AppData\\Local\\Temp\\tmp0q8jmqk9\\corrupted_2.png'
Traceback (most recent call last):
  File "D:\AI_workspace\face-search-app\tests\..\backend\face_detection.py", line 49, in detectFaces
    image = face_recognition.load_image_file(image_path)
  File "D:\AI_workspace\face-search-app\backend\venv\Lib\site-packages\face_recognition\api.py", line 86, in load_image_file
    im = PIL.Image.open(file)
  File "D:\AI_workspace\face-search-app\backend\venv\Lib\site-packages\PIL\Image.py", line 3579, in open
    raise UnidentifiedImageError(msg)
PIL.UnidentifiedImageError: cannot identify image file 'C:\\Users\\ADMINI~1\\AppData\\Local\\Temp\\tmp0q8jmqk9\\corrupted_2.png'
2026-02-14 09:12:03 | INFO     | face_search:searchFaces:174 | 搜索完成: 处理 3 个文件, 跳过 3 个文件, 找到 0 个匹配结果, 已取消: False
2026-02-14 09:12:03 | INFO     | face_search:searchFaces:70 | 开始搜索人脸: 文件夹=C:\Users\ADMINI~1\AppData\Local\Temp\tmphed5g2wd, 阈值=0.4680018858145053
2026-02-14 09:12:03 | INFO     | face_search:searchFaces:83 | 扫描完成，找到 3 个图片文件
2026-02-14 09:12:03 | ERROR    | face_detection:detectFaces:76 | 处理图片时发生错误: C:\Users\ADMINI~1\AppData\Local\Temp\tmphed5g2wd\corrupted_0.png, 错误: cannot identify image file 'C:\\Users\\ADMINI~1\\AppData\\Local\\Temp\\tmphed5g2wd\\corrupted_0.png'
Traceback (most recent call last):
  File "D:\AI_workspace\face-search-app\tests\..\backend\face_detection.py", line 49, in detectFaces
    image = face_recognition.load_image_file(image_path)
  File "D:\AI_workspace\face-search-app\backend\venv\Lib\site-packages\face_recognition\api.py", line 86, in load_image_file
    im = PIL.Image.open(file)
  File "D:\AI_workspace\face-search-app\backend\venv\Lib\site-packages\PIL\Image.py", line 3579, in open
    raise UnidentifiedImageError(msg)
PIL.UnidentifiedImageError: cannot identify image file 'C:\\Users\\ADMINI~1\\AppData\\Local\\Temp\\tmphed5g2wd\\corrupted_0.png'
2026-02-14 09:12:03 | ERROR    | face_detection:detectFaces:76 | 处理图片时发生错误: C:\Users\ADMINI~1\AppData\Local\Temp\tmphed5g2wd\corrupted_1.png, 错误: cannot identify image file 'C:\\Users\\ADMINI~1\\AppData\\Local\\Temp\\tmphed5g2wd\\corrupted_1.png'
Traceback (most recent call last):
  File "D:\AI_workspace\face-search-app\tests\..\backend\face_detection.py", line 49, in detectFaces
    image = face_recognition.load_image_file(image_path)
  File "D:\AI_workspace\face-search-app\backend\venv\Lib\site-packages\face_recognition\api.py", line 86, in load_image_file
    im = PIL.Image.open(file)
  File "D:\AI_workspace\face-search-app\backend\venv\Lib\site-packages\PIL\Image.py", line 3579, in open
    raise UnidentifiedImageError(msg)
PIL.UnidentifiedImageError: cannot identify image file 'C:\\Users\\ADMINI~1\\AppData\\Local\\Temp\\tmphed5g2wd\\corrupted_1.png'
2026-02-14 09:12:03 | ERROR    | face_detection:detectFaces:76 | 处理图片时发生错误: C:\Users\ADMINI~1\AppData\Local\Temp\tmphed5g2wd\corrupted_2.png, 错误: cannot identify image file 'C:\\Users\\ADMINI~1\\AppData\\Local\\Temp\\tmphed5g2wd\\corrupted_2.png'
Traceback (most recent call last):
  File "D:\AI_workspace\face-search-app\tests\..\backend\face_detection.py", line 49, in detectFaces
    image = face_recognition.load_image_file(image_path)
  File "D:\AI_workspace\face-search-app\backend\venv\Lib\site-packages\face_recognition\api.py", line 86, in load_image_file
    im = PIL.Image.open(file)
  File "D:\AI_workspace\face-search-app\backend\venv\Lib\site-packages\PIL\Image.py", line 3579, in open
    raise UnidentifiedImageError(msg)
PIL.UnidentifiedImageError: cannot identify image file 'C:\\Users\\ADMINI~1\\AppData\\Local\\Temp\\tmphed5g2wd\\corrupted_2.png'
2026-02-14 09:12:03 | INFO     | face_search:searchFaces:174 | 搜索完成: 处理 3 个文件, 跳过 3 个文件, 找到 0 个匹配结果, 已取消: False
2026-02-14 09:12:03 | INFO     | face_search:searchFaces:70 | 开始搜索人脸: 文件夹=C:\Users\ADMINI~1\AppData\Local\Temp\tmp9x3zaxso, 阈值=0.0
2026-02-14 09:12:03 | INFO     | face_search:searchFaces:83 | 扫描完成，找到 1 个图片文件
2026-02-14 09:12:03 | INFO     | face_detection:detectFaces:57 | 图片中未检测到人脸: C:\Users\ADMINI~1\AppData\Local\Temp\tmp9x3zaxso\image_0.jpg
2026-02-14 09:12:03 | INFO     | face_search:searchFaces:174 | 搜索完成: 处理 1 个文件, 跳过 1 个文件, 找到 0 个匹配结果, 已取消: False
2026-02-14 09:12:03 | INFO     | face_search:searchFaces:70 | 开始搜索人脸: 文件夹=C:\Users\ADMINI~1\AppData\Local\Temp\tmp9x3zaxso, 阈值=0.0
2026-02-14 09:12:03 | INFO     | face_search:searchFaces:83 | 扫描完成，找到 1 个图片文件
2026-02-14 09:12:03 | INFO     | face_detection:detectFaces:57 | 图片中未检测到人脸: C:\Users\ADMINI~1\AppData\Local\Temp\tmp9x3zaxso\image_0.jpg
2026-02-14 09:12:03 | INFO     | face_search:searchFaces:174 | 搜索完成: 处理 1 个文件, 跳过 1 个文件, 找到 0 个匹配结果, 已取消: False
2026-02-14 09:12:03 | INFO     | face_search:searchFaces:70 | 开始搜索人脸: 文件夹=C:\Users\ADMINI~1\AppData\Local\Temp\tmpp1hj44fl, 阈值=6.103515625e-05
2026-02-14 09:12:03 | INFO     | face_search:searchFaces:83 | 扫描完成，找到 5 个图片文件
2026-02-14 09:12:03 | INFO     | face_detection:detectFaces:57 | 图片中未检测到人脸: C:\Users\ADMINI~1\AppData\Local\Temp\tmpp1hj44fl\image_0.jpg
2026-02-14 09:12:03 | INFO     | face_detection:detectFaces:57 | 图片中未检测到人脸: C:\Users\ADMINI~1\AppData\Local\Temp\tmpp1hj44fl\image_1.jpg
2026-02-14 09:12:03 | INFO     | face_detection:detectFaces:57 | 图片中未检测到人脸: C:\Users\ADMINI~1\AppData\Local\Temp\tmpp1hj44fl\image_2.jpg
2026-02-14 09:12:03 | INFO     | face_detection:detectFaces:57 | 图片中未检测到人脸: C:\Users\ADMINI~1\AppData\Local\Temp\tmpp1hj44fl\image_3.jpg
2026-02-14 09:12:03 | INFO     | face_detection:detectFaces:57 | 图片中未检测到人脸: C:\Users\ADMINI~1\AppData\Local\Temp\tmpp1hj44fl\image_4.jpg
2026-02-14 09:12:03 | INFO     | face_search:searchFaces:174 | 搜索完成: 处理 5 个文件, 跳过 5 个文件, 找到 0 个匹配结果, 已取消: False
2026-02-14 09:12:03 | INFO     | face_search:searchFaces:70 | 开始搜索人脸: 文件夹=C:\Users\ADMINI~1\AppData\Local\Temp\tmpp1hj44fl, 阈值=6.103515625e-05
2026-02-14 09:12:03 | INFO     | face_search:searchFaces:83 | 扫描完成，找到 5 个图片文件
2026-02-14 09:12:03 | INFO     | face_detection:detectFaces:57 | 图片中未检测到人脸: C:\Users\ADMINI~1\AppData\Local\Temp\tmpp1hj44fl\image_0.jpg
2026-02-14 09:12:03 | INFO     | face_detection:detectFaces:57 | 图片中未检测到人脸: C:\Users\ADMINI~1\AppData\Local\Temp\tmpp1hj44fl\image_1.jpg
2026-02-14 09:12:03 | INFO     | face_detection:detectFaces:57 | 图片中未检测到人脸: C:\Users\ADMINI~1\AppData\Local\Temp\tmpp1hj44fl\image_2.jpg
2026-02-14 09:12:03 | INFO     | face_detection:detectFaces:57 | 图片中未检测到人脸: C:\Users\ADMINI~1\AppData\Local\Temp\tmpp1hj44fl\image_3.jpg
2026-02-14 09:12:03 | INFO     | face_detection:detectFaces:57 | 图片中未检测到人脸: C:\Users\ADMINI~1\AppData\Local\Temp\tmpp1hj44fl\image_4.jpg
2026-02-14 09:12:03 | INFO     | face_search:searchFaces:174 | 搜索完成: 处理 5 个文件, 跳过 5 个文件, 找到 0 个匹配结果, 已取消: False
2026-02-14 09:12:03 | INFO     | face_search:searchFaces:70 | 开始搜索人脸: 文件夹=C:\Users\ADMINI~1\AppData\Local\Temp\tmpc9vfiw22, 阈值=0.018817457390013507
2026-02-14 09:12:03 | INFO     | face_search:searchFaces:83 | 扫描完成，找到 4 个图片文件
2026-02-14 09:12:03 | INFO     | face_detection:detectFaces:57 | 图片中未检测到人脸: C:\Users\ADMINI~1\AppData\Local\Temp\tmpc9vfiw22\image_0.jpg
2026-02-14 09:12:03 | INFO     | face_detection:detectFaces:57 | 图片中未检测到人脸: C:\Users\ADMINI~1\AppData\Local\Temp\tmpc9vfiw22\image_1.jpg
2026-02-14 09:12:03 | INFO     | face_detection:detectFaces:57 | 图片中未检测到人脸: C:\Users\ADMINI~1\AppData\Local\Temp\tmpc9vfiw22\image_2.jpg
2026-02-14 09:12:03 | INFO     | face_detection:detectFaces:57 | 图片中未检测到人脸: C:\Users\ADMINI~1\AppData\Local\Temp\tmpc9vfiw22\image_3.jpg
2026-02-14 09:12:03 | INFO     | face_search:searchFaces:174 | 搜索完成: 处理 4 个文件, 跳过 4 个文件, 找到 0 个匹配结果, 已取消: False
2026-02-14 09:12:03 | INFO     | face_search:searchFaces:70 | 开始搜索人脸: 文件夹=C:\Users\ADMINI~1\AppData\Local\Temp\tmpc9vfiw22, 阈值=0.018817457390013507
2026-02-14 09:12:03 | INFO     | face_search:searchFaces:83 | 扫描完成，找到 4 个图片文件
2026-02-14 09:12:03 | INFO     | face_detection:detectFaces:57 | 图片中未检测到人脸: C:\Users\ADMINI~1\AppData\Local\Temp\tmpc9vfiw22\image_0.jpg
2026-02-14 09:12:03 | INFO     | face_detection:detectFaces:57 | 图片中未检测到人脸: C:\Users\ADMINI~1\AppData\Local\Temp\tmpc9vfiw22\image_1.jpg
2026-02-14 09:12:03 | INFO     | face_detection:detectFaces:57 | 图片中未检测到人脸: C:\Users\ADMINI~1\AppData\Local\Temp\tmpc9vfiw22\image_2.jpg
2026-02-14 09:12:03 | INFO     | face_detection:detectFaces:57 | 图片中未检测到人脸: C:\Users\ADMINI~1\AppData\Local\Temp\tmpc9vfiw22\image_3.jpg
2026-02-14 09:12:03 | INFO     | face_search:searchFaces:174 | 搜索完成: 处理 4 个文件, 跳过 4 个文件, 找到 0 个匹配结果, 已取消: False
2026-02-14 09:12:03 | INFO     | face_search:searchFaces:70 | 开始搜索人脸: 文件夹=C:\Users\ADMINI~1\AppData\Local\Temp\tmpiglmtqv2, 阈值=0.0
2026-02-14 09:12:03 | INFO     | face_search:searchFaces:83 | 扫描完成，找到 1 个图片文件
2026-02-14 09:12:03 | INFO     | face_detection:detectFaces:57 | 图片中未检测到人脸: C:\Users\ADMINI~1\AppData\Local\Temp\tmpiglmtqv2\test_0.jpg
2026-02-14 09:12:03 | INFO     | face_search:searchFaces:174 | 搜索完成: 处理 1 个文件, 跳过 1 个文件, 找到 0 个匹配结果, 已取消: False
2026-02-14 09:12:03 | INFO     | face_search:searchFaces:70 | 开始搜索人脸: 文件夹=C:\Users\ADMINI~1\AppData\Local\Temp\tmp8cqqs7bk, 阈值=0.3129826713887263
2026-02-14 09:12:03 | INFO     | face_search:searchFaces:83 | 扫描完成，找到 5 个图片文件
2026-02-14 09:12:03 | INFO     | face_detection:detectFaces:57 | 图片中未检测到人脸: C:\Users\ADMINI~1\AppData\Local\Temp\tmp8cqqs7bk\test_0.jpg
2026-02-14 09:12:03 | INFO     | face_detection:detectFaces:57 | 图片中未检测到人脸: C:\Users\ADMINI~1\AppData\Local\Temp\tmp8cqqs7bk\test_1.jpg
2026-02-14 09:12:03 | INFO     | face_detection:detectFaces:57 | 图片中未检测到人脸: C:\Users\ADMINI~1\AppData\Local\Temp\tmp8cqqs7bk\test_2.jpg
2026-02-14 09:12:03 | INFO     | face_detection:detectFaces:57 | 图片中未检测到人脸: C:\Users\ADMINI~1\AppData\Local\Temp\tmp8cqqs7bk\test_3.jpg
2026-02-14 09:12:03 | INFO     | face_detection:detectFaces:57 | 图片中未检测到人脸: C:\Users\ADMINI~1\AppData\Local\Temp\tmp8cqqs7bk\test_4.jpg
2026-02-14 09:12:03 | INFO     | face_search:searchFaces:174 | 搜索完成: 处理 5 个文件, 跳过 5 个文件, 找到 0 个匹配结果, 已取消: False
2026-02-14 09:12:03 | INFO     | face_search:searchFaces:70 | 开始搜索人脸: 文件夹=C:\Users\ADMINI~1\AppData\Local\Temp\tmp14tk1rgi, 阈值=0.26195630182445534
2026-02-14 09:12:03 | INFO     | face_search:searchFaces:83 | 扫描完成，找到 7 个图片文件
2026-02-14 09:12:03 | INFO     | face_detection:detectFaces:57 | 图片中未检测到人脸: C:\Users\ADMINI~1\AppData\Local\Temp\tmp14tk1rgi\test_0.jpg
2026-02-14 09:12:03 | INFO     | face_detection:detectFaces:57 | 图片中未检测到人脸: C:\Users\ADMINI~1\AppData\Local\Temp\tmp14tk1rgi\test_1.jpg
2026-02-14 09:12:03 | INFO     | face_detection:detectFaces:57 | 图片中未检测到人脸: C:\Users\ADMINI~1\AppData\Local\Temp\tmp14tk1rgi\test_2.jpg
2026-02-14 09:12:03 | INFO     | face_detection:detectFaces:57 | 图片中未检测到人脸: C:\Users\ADMINI~1\AppData\Local\Temp\tmp14tk1rgi\test_3.jpg
2026-02-14 09:12:03 | INFO     | face_detection:detectFaces:57 | 图片中未检测到人脸: C:\Users\ADMINI~1\AppData\Local\Temp\tmp14tk1rgi\test_4.jpg
2026-02-14 09:12:03 | INFO     | face_detection:detectFaces:57 | 图片中未检测到人脸: C:\Users\ADMINI~1\AppData\Local\Temp\tmp14tk1rgi\test_5.jpg
2026-02-14 09:12:03 | INFO     | face_detection:detectFaces:57 | 图片中未检测到人脸: C:\Users\ADMINI~1\AppData\Local\Temp\tmp14tk1rgi\test_6.jpg
2026-02-14 09:12:03 | INFO     | face_search:searchFaces:174 | 搜索完成: 处理 7 个文件, 跳过 7 个文件, 找到 0 个匹配结果, 已取消: False
2026-02-14 09:12:04 | INFO     | face_search:searchFaces:70 | 开始搜索人脸: 文件夹=C:\Users\ADMINI~1\AppData\Local\Temp\tmp_maydz6n, 阈值=0.3
2026-02-14 09:12:04 | INFO     | face_search:searchFaces:83 | 扫描完成，找到 5 个图片文件
2026-02-14 09:12:04 | INFO     | face_detection:detectFaces:57 | 图片中未检测到人脸: C:\Users\ADMINI~1\AppData\Local\Temp\tmp_maydz6n\test_0.jpg
2026-02-14 09:12:04 | INFO     | face_detection:detectFaces:57 | 图片中未检测到人脸: C:\Users\ADMINI~1\AppData\Local\Temp\tmp_maydz6n\test_1.jpg
2026-02-14 09:12:04 | INFO     | face_detection:detectFaces:57 | 图片中未检测到人脸: C:\Users\ADMINI~1\AppData\Local\Temp\tmp_maydz6n\test_2.jpg
2026-02-14 09:12:04 | INFO     | face_detection:detectFaces:57 | 图片中未检测到人脸: C:\Users\ADMINI~1\AppData\Local\Temp\tmp_maydz6n\test_3.jpg
2026-02-14 09:12:04 | INFO     | face_detection:detectFaces:57 | 图片中未检测到人脸: C:\Users\ADMINI~1\AppData\Local\Temp\tmp_maydz6n\test_4.jpg
2026-02-14 09:12:04 | INFO     | face_search:searchFaces:174 | 搜索完成: 处理 5 个文件, 跳过 5 个文件, 找到 0 个匹配结果, 已取消: False
2026-02-14 09:12:04 | INFO     | face_search:searchFaces:70 | 开始搜索人脸: 文件夹=C:\Users\ADMINI~1\AppData\Local\Temp\tmp_maydz6n, 阈值=0.7
2026-02-14 09:12:04 | INFO     | face_search:searchFaces:83 | 扫描完成，找到 5 个图片文件
2026-02-14 09:12:04 | INFO     | face_detection:detectFaces:57 | 图片中未检测到人脸: C:\Users\ADMINI~1\AppData\Local\Temp\tmp_maydz6n\test_0.jpg
2026-02-14 09:12:04 | INFO     | face_detection:detectFaces:57 | 图片中未检测到人脸: C:\Users\ADMINI~1\AppData\Local\Temp\tmp_maydz6n\test_1.jpg
2026-02-14 09:12:04 | INFO     | face_detection:detectFaces:57 | 图片中未检测到人脸: C:\Users\ADMINI~1\AppData\Local\Temp\tmp_maydz6n\test_2.jpg
2026-02-14 09:12:04 | INFO     | face_detection:detectFaces:57 | 图片中未检测到人脸: C:\Users\ADMINI~1\AppData\Local\Temp\tmp_maydz6n\test_3.jpg
2026-02-14 09:12:04 | INFO     | face_detection:detectFaces:57 | 图片中未检测到人脸: C:\Users\ADMINI~1\AppData\Local\Temp\tmp_maydz6n\test_4.jpg
2026-02-14 09:12:04 | INFO     | face_search:searchFaces:174 | 搜索完成: 处理 5 个文件, 跳过 5 个文件, 找到 0 个匹配结果, 已取消: False
2026-02-14 09:12:04 | INFO     | face_search:searchFaces:70 | 开始搜索人脸: 文件夹=C:\Users\ADMINI~1\AppData\Local\Temp\tmplc5a_dgt, 阈值=0.3
2026-02-14 09:12:04 | INFO     | face_search:searchFaces:83 | 扫描完成，找到 5 个图片文件
2026-02-14 09:12:04 | INFO     | face_detection:detectFaces:57 | 图片中未检测到人脸: C:\Users\ADMINI~1\AppData\Local\Temp\tmplc5a_dgt\test_0.jpg
2026-02-14 09:12:04 | INFO     | face_detection:detectFaces:57 | 图片中未检测到人脸: C:\Users\ADMINI~1\AppData\Local\Temp\tmplc5a_dgt\test_1.jpg
2026-02-14 09:12:04 | INFO     | face_detection:detectFaces:57 | 图片中未检测到人脸: C:\Users\ADMINI~1\AppData\Local\Temp\tmplc5a_dgt\test_2.jpg
2026-02-14 09:12:04 | INFO     | face_detection:detectFaces:57 | 图片中未检测到人脸: C:\Users\ADMINI~1\AppData\Local\Temp\tmplc5a_dgt\test_3.jpg
2026-02-14 09:12:04 | INFO     | face_detection:detectFaces:57 | 图片中未检测到人脸: C:\Users\ADMINI~1\AppData\Local\Temp\tmplc5a_dgt\test_4.jpg
2026-02-14 09:12:04 | INFO     | face_search:searchFaces:174 | 搜索完成: 处理 5 个文件, 跳过 5 个文件, 找到 0 个匹配结果, 已取消: False
2026-02-14 09:12:04 | INFO     | face_search:searchFaces:70 | 开始搜索人脸: 文件夹=C:\Users\ADMINI~1\AppData\Local\Temp\tmplc5a_dgt, 阈值=0.7
2026-02-14 09:12:04 | INFO     | face_search:searchFaces:83 | 扫描完成，找到 5 个图片文件
2026-02-14 09:12:04 | INFO     | face_detection:detectFaces:57 | 图片中未检测到人脸: C:\Users\ADMINI~1\AppData\Local\Temp\tmplc5a_dgt\test_0.jpg
2026-02-14 09:12:04 | INFO     | face_detection:detectFaces:57 | 图片中未检测到人脸: C:\Users\ADMINI~1\AppData\Local\Temp\tmplc5a_dgt\test_1.jpg
2026-02-14 09:12:04 | INFO     | face_detection:detectFaces:57 | 图片中未检测到人脸: C:\Users\ADMINI~1\AppData\Local\Temp\tmplc5a_dgt\test_2.jpg
2026-02-14 09:12:04 | INFO     | face_detection:detectFaces:57 | 图片中未检测到人脸: C:\Users\ADMINI~1\AppData\Local\Temp\tmplc5a_dgt\test_3.jpg
2026-02-14 09:12:04 | INFO     | face_detection:detectFaces:57 | 图片中未检测到人脸: C:\Users\ADMINI~1\AppData\Local\Temp\tmplc5a_dgt\test_4.jpg
2026-02-14 09:12:04 | INFO     | face_search:searchFaces:174 | 搜索完成: 处理 5 个文件, 跳过 5 个文件, 找到 0 个匹配结果, 已取消: False
2026-02-14 09:12:04 | INFO     | face_search:searchFaces:70 | 开始搜索人脸: 文件夹=C:\Users\ADMINI~1\AppData\Local\Temp\tmp3zj5n6ak, 阈值=0.3
2026-02-14 09:12:04 | INFO     | face_search:searchFaces:83 | 扫描完成，找到 5 个图片文件
2026-02-14 09:12:04 | INFO     | face_detection:detectFaces:57 | 图片中未检测到人脸: C:\Users\ADMINI~1\AppData\Local\Temp\tmp3zj5n6ak\test_0.jpg
2026-02-14 09:12:04 | INFO     | face_detection:detectFaces:57 | 图片中未检测到人脸: C:\Users\ADMINI~1\AppData\Local\Temp\tmp3zj5n6ak\test_1.jpg
2026-02-14 09:12:04 | INFO     | face_detection:detectFaces:57 | 图片中未检测到人脸: C:\Users\ADMINI~1\AppData\Local\Temp\tmp3zj5n6ak\test_2.jpg
2026-02-14 09:12:04 | INFO     | face_detection:detectFaces:57 | 图片中未检测到人脸: C:\Users\ADMINI~1\AppData\Local\Temp\tmp3zj5n6ak\test_3.jpg
2026-02-14 09:12:04 | INFO     | face_detection:detectFaces:57 | 图片中未检测到人脸: C:\Users\ADMINI~1\AppData\Local\Temp\tmp3zj5n6ak\test_4.jpg
2026-02-14 09:12:04 | INFO     | face_search:searchFaces:174 | 搜索完成: 处理 5 个文件, 跳过 5 个文件, 找到 0 个匹配结果, 已取消: False
2026-02-14 09:12:04 | INFO     | face_search:searchFaces:70 | 开始搜索人脸: 文件夹=C:\Users\ADMINI~1\AppData\Local\Temp\tmp3zj5n6ak, 阈值=0.7
2026-02-14 09:12:04 | INFO     | face_search:searchFaces:83 | 扫描完成，找到 5 个图片文件
2026-02-14 09:12:04 | INFO     | face_detection:detectFaces:57 | 图片中未检测到人脸: C:\Users\ADMINI~1\AppData\Local\Temp\tmp3zj5n6ak\test_0.jpg
2026-02-14 09:12:04 | INFO     | face_detection:detectFaces:57 | 图片中未检测到人脸: C:\Users\ADMINI~1\AppData\Local\Temp\tmp3zj5n6ak\test_1.jpg
2026-02-14 09:12:04 | INFO     | face_detection:detectFaces:57 | 图片中未检测到人脸: C:\Users\ADMINI~1\AppData\Local\Temp\tmp3zj5n6ak\test_2.jpg
2026-02-14 09:12:04 | INFO     | face_detection:detectFaces:57 | 图片中未检测到人脸: C:\Users\ADMINI~1\AppData\Local\Temp\tmp3zj5n6ak\test_3.jpg
2026-02-14 09:12:04 | INFO     | face_detection:detectFaces:57 | 图片中未检测到人脸: C:\Users\ADMINI~1\AppData\Local\Temp\tmp3zj5n6ak\test_4.jpg
2026-02-14 09:12:04 | INFO     | face_search:searchFaces:174 | 搜索完成: 处理 5 个文件, 跳过 5 个文件, 找到 0 个匹配结果, 已取消: False
2026-02-14 09:12:04 | INFO     | face_search:searchFaces:70 | 开始搜索人脸: 文件夹=C:\Users\ADMINI~1\AppData\Local\Temp\tmpn107v2ww, 阈值=0.0
2026-02-14 09:12:04 | INFO     | face_search:searchFaces:83 | 扫描完成，找到 2 个图片文件
2026-02-14 09:12:04 | INFO     | face_detection:detectFaces:57 | 图片中未检测到人脸: C:\Users\ADMINI~1\AppData\Local\Temp\tmpn107v2ww\test_0.jpg
2026-02-14 09:12:04 | INFO     | face_detection:detectFaces:57 | 图片中未检测到人脸: C:\Users\ADMINI~1\AppData\Local\Temp\tmpn107v2ww\test_1.jpg
2026-02-14 09:12:04 | INFO     | face_search:searchFaces:174 | 搜索完成: 处理 2 个文件, 跳过 2 个文件, 找到 0 个匹配结果, 已取消: False
2026-02-14 09:12:04 | INFO     | face_search:searchFaces:70 | 开始搜索人脸: 文件夹=C:\Users\ADMINI~1\AppData\Local\Temp\tmpf0v3d7iz, 阈值=4.306029451704845e-89
2026-02-14 09:12:04 | INFO     | face_search:searchFaces:83 | 扫描完成，找到 8 个图片文件
2026-02-14 09:12:04 | INFO     | face_detection:detectFaces:57 | 图片中未检测到人脸: C:\Users\ADMINI~1\AppData\Local\Temp\tmpf0v3d7iz\test_0.jpg
2026-02-14 09:12:04 | INFO     | face_detection:detectFaces:57 | 图片中未检测到人脸: C:\Users\ADMINI~1\AppData\Local\Temp\tmpf0v3d7iz\test_1.jpg
2026-02-14 09:12:04 | INFO     | face_detection:detectFaces:57 | 图片中未检测到人脸: C:\Users\ADMINI~1\AppData\Local\Temp\tmpf0v3d7iz\test_2.jpg
2026-02-14 09:12:04 | INFO     | face_detection:detectFaces:57 | 图片中未检测到人脸: C:\Users\ADMINI~1\AppData\Local\Temp\tmpf0v3d7iz\test_3.jpg
2026-02-14 09:12:04 | INFO     | face_detection:detectFaces:57 | 图片中未检测到人脸: C:\Users\ADMINI~1\AppData\Local\Temp\tmpf0v3d7iz\test_4.jpg
2026-02-14 09:12:04 | INFO     | face_detection:detectFaces:57 | 图片中未检测到人脸: C:\Users\ADMINI~1\AppData\Local\Temp\tmpf0v3d7iz\test_5.jpg
2026-02-14 09:12:04 | INFO     | face_detection:detectFaces:57 | 图片中未检测到人脸: C:\Users\ADMINI~1\AppData\Local\Temp\tmpf0v3d7iz\test_6.jpg
2026-02-14 09:12:04 | INFO     | face_detection:detectFaces:57 | 图片中未检测到人脸: C:\Users\ADMINI~1\AppData\Local\Temp\tmpf0v3d7iz\test_7.jpg
2026-02-14 09:12:04 | INFO     | face_search:searchFaces:174 | 搜索完成: 处理 8 个文件, 跳过 8 个文件, 找到 0 个匹配结果, 已取消: False
2026-02-14 09:12:05 | INFO     | face_search:searchFaces:70 | 开始搜索人脸: 文件夹=C:\Users\ADMINI~1\AppData\Local\Temp\tmpmso_gob4, 阈值=0.004451580141442203
2026-02-14 09:12:05 | INFO     | face_search:searchFaces:83 | 扫描完成，找到 10 个图片文件
2026-02-14 09:12:05 | INFO     | face_detection:detectFaces:57 | 图片中未检测到人脸: C:\Users\ADMINI~1\AppData\Local\Temp\tmpmso_gob4\test_0.jpg
2026-02-14 09:12:05 | INFO     | face_detection:detectFaces:57 | 图片中未检测到人脸: C:\Users\ADMINI~1\AppData\Local\Temp\tmpmso_gob4\test_1.jpg
2026-02-14 09:12:05 | INFO     | face_detection:detectFaces:57 | 图片中未检测到人脸: C:\Users\ADMINI~1\AppData\Local\Temp\tmpmso_gob4\test_2.jpg
2026-02-14 09:12:05 | INFO     | face_detection:detectFaces:57 | 图片中未检测到人脸: C:\Users\ADMINI~1\AppData\Local\Temp\tmpmso_gob4\test_3.jpg
2026-02-14 09:12:05 | INFO     | face_detection:detectFaces:57 | 图片中未检测到人脸: C:\Users\ADMINI~1\AppData\Local\Temp\tmpmso_gob4\test_4.jpg
2026-02-14 09:12:05 | INFO     | face_detection:detectFaces:57 | 图片中未检测到人脸: C:\Users\ADMINI~1\AppData\Local\Temp\tmpmso_gob4\test_5.jpg
2026-02-14 09:12:05 | INFO     | face_detection:detectFaces:57 | 图片中未检测到人脸: C:\Users\ADMINI~1\AppData\Local\Temp\tmpmso_gob4\test_6.jpg
2026-02-14 09:12:05 | INFO     | face_detection:detectFaces:57 | 图片中未检测到人脸: C:\Users\ADMINI~1\AppData\Local\Temp\tmpmso_gob4\test_7.jpg
2026-02-14 09:12:05 | INFO     | face_detection:detectFaces:57 | 图片中未检测到人脸: C:\Users\ADMINI~1\AppData\Local\Temp\tmpmso_gob4\test_8.jpg
2026-02-14 09:12:05 | INFO     | face_detection:detectFaces:57 | 图片中未检测到人脸: C:\Users\ADMINI~1\AppData\Local\Temp\tmpmso_gob4\test_9.jpg
2026-02-14 09:12:05 | INFO     | face_search:searchFaces:174 | 搜索完成: 处理 10 个文件, 跳过 10 个文件, 找到 0 个匹配结果, 已取消: False
2026-02-14 09:12:05 | INFO     | face_search:searchFaces:70 | 开始搜索人脸: 文件夹=C:\Users\ADMINI~1\AppData\Local\Temp\tmpvdpoutzu, 阈值=0.0
2026-02-14 09:12:05 | INFO     | face_search:searchFaces:83 | 扫描完成，找到 1 个图片文件
2026-02-14 09:12:05 | INFO     | face_detection:detectFaces:57 | 图片中未检测到人脸: C:\Users\ADMINI~1\AppData\Local\Temp\tmpvdpoutzu\test_0.jpg
2026-02-14 09:12:05 | INFO     | face_search:searchFaces:174 | 搜索完成: 处理 1 个文件, 跳过 1 个文件, 找到 0 个匹配结果, 已取消: False
2026-02-14 09:12:05 | INFO     | face_search:searchFaces:70 | 开始搜索人脸: 文件夹=C:\Users\ADMINI~1\AppData\Local\Temp\tmpvdpoutzu, 阈值=0.0
2026-02-14 09:12:05 | INFO     | face_search:searchFaces:83 | 扫描完成，找到 1 个图片文件
2026-02-14 09:12:05 | INFO     | face_detection:detectFaces:57 | 图片中未检测到人脸: C:\Users\ADMINI~1\AppData\Local\Temp\tmpvdpoutzu\test_0.jpg
2026-02-14 09:12:05 | INFO     | face_search:searchFaces:174 | 搜索完成: 处理 1 个文件, 跳过 1 个文件, 找到 0 个匹配结果, 已取消: False
2026-02-14 09:12:05 | INFO     | face_search:searchFaces:70 | 开始搜索人脸: 文件夹=C:\Users\ADMINI~1\AppData\Local\Temp\tmp33_4q7k5, 阈值=5.960464477539063e-08
2026-02-14 09:12:05 | INFO     | face_search:searchFaces:83 | 扫描完成，找到 6 个图片文件
2026-02-14 09:12:05 | INFO     | face_detection:detectFaces:57 | 图片中未检测到人脸: C:\Users\ADMINI~1\AppData\Local\Temp\tmp33_4q7k5\test_0.jpg
2026-02-14 09:12:05 | INFO     | face_detection:detectFaces:57 | 图片中未检测到人脸: C:\Users\ADMINI~1\AppData\Local\Temp\tmp33_4q7k5\test_1.jpg
2026-02-14 09:12:05 | INFO     | face_detection:detectFaces:57 | 图片中未检测到人脸: C:\Users\ADMINI~1\AppData\Local\Temp\tmp33_4q7k5\test_2.jpg
2026-02-14 09:12:05 | INFO     | face_detection:detectFaces:57 | 图片中未检测到人脸: C:\Users\ADMINI~1\AppData\Local\Temp\tmp33_4q7k5\test_3.jpg
2026-02-14 09:12:05 | INFO     | face_detection:detectFaces:57 | 图片中未检测到人脸: C:\Users\ADMINI~1\AppData\Local\Temp\tmp33_4q7k5\test_4.jpg
2026-02-14 09:12:05 | INFO     | face_detection:detectFaces:57 | 图片中未检测到人脸: C:\Users\ADMINI~1\AppData\Local\Temp\tmp33_4q7k5\test_5.jpg
2026-02-14 09:12:05 | INFO     | face_search:searchFaces:174 | 搜索完成: 处理 6 个文件, 跳过 6 个文件, 找到 0 个匹配结果, 已取消: False
2026-02-14 09:12:05 | INFO     | face_search:searchFaces:70 | 开始搜索人脸: 文件夹=C:\Users\ADMINI~1\AppData\Local\Temp\tmp33_4q7k5, 阈值=5.960464477539063e-08
2026-02-14 09:12:05 | INFO     | face_search:searchFaces:83 | 扫描完成，找到 6 个图片文件
2026-02-14 09:12:05 | INFO     | face_detection:detectFaces:57 | 图片中未检测到人脸: C:\Users\ADMINI~1\AppData\Local\Temp\tmp33_4q7k5\test_0.jpg
2026-02-14 09:12:05 | INFO     | face_detection:detectFaces:57 | 图片中未检测到人脸: C:\Users\ADMINI~1\AppData\Local\Temp\tmp33_4q7k5\test_1.jpg
2026-02-14 09:12:05 | INFO     | face_detection:detectFaces:57 | 图片中未检测到人脸: C:\Users\ADMINI~1\AppData\Local\Temp\tmp33_4q7k5\test_2.jpg
2026-02-14 09:12:05 | INFO     | face_detection:detectFaces:57 | 图片中未检测到人脸: C:\Users\ADMINI~1\AppData\Local\Temp\tmp33_4q7k5\test_3.jpg
2026-02-14 09:12:05 | INFO     | face_detection:detectFaces:57 | 图片中未检测到人脸: C:\Users\ADMINI~1\AppData\Local\Temp\tmp33_4q7k5\test_4.jpg
2026-02-14 09:12:05 | INFO     | face_detection:detectFaces:57 | 图片中未检测到人脸: C:\Users\ADMINI~1\AppData\Local\Temp\tmp33_4q7k5\test_5.jpg
2026-02-14 09:12:05 | INFO     | face_search:searchFaces:174 | 搜索完成: 处理 6 个文件, 跳过 6 个文件, 找到 0 个匹配结果, 已取消: False
2026-02-14 09:12:05 | INFO     | face_search:searchFaces:70 | 开始搜索人脸: 文件夹=C:\Users\ADMINI~1\AppData\Local\Temp\tmplg2lmihf, 阈值=0.20958001152062483
2026-02-14 09:12:05 | INFO     | face_search:searchFaces:83 | 扫描完成，找到 6 个图片文件
2026-02-14 09:12:05 | INFO     | face_detection:detectFaces:57 | 图片中未检测到人脸: C:\Users\ADMINI~1\AppData\Local\Temp\tmplg2lmihf\test_0.jpg
2026-02-14 09:12:05 | INFO     | face_detection:detectFaces:57 | 图片中未检测到人脸: C:\Users\ADMINI~1\AppData\Local\Temp\tmplg2lmihf\test_1.jpg
2026-02-14 09:12:05 | INFO     | face_detection:detectFaces:57 | 图片中未检测到人脸: C:\Users\ADMINI~1\AppData\Local\Temp\tmplg2lmihf\test_2.jpg
2026-02-14 09:12:05 | INFO     | face_detection:detectFaces:57 | 图片中未检测到人脸: C:\Users\ADMINI~1\AppData\Local\Temp\tmplg2lmihf\test_3.jpg
2026-02-14 09:12:05 | INFO     | face_detection:detectFaces:57 | 图片中未检测到人脸: C:\Users\ADMINI~1\AppData\Local\Temp\tmplg2lmihf\test_4.jpg
2026-02-14 09:12:05 | INFO     | face_detection:detectFaces:57 | 图片中未检测到人脸: C:\Users\ADMINI~1\AppData\Local\Temp\tmplg2lmihf\test_5.jpg
2026-02-14 09:12:05 | INFO     | face_search:searchFaces:174 | 搜索完成: 处理 6 个文件, 跳过 6 个文件, 找到 0 个匹配结果, 已取消: False
2026-02-14 09:12:05 | INFO     | face_search:searchFaces:70 | 开始搜索人脸: 文件夹=C:\Users\ADMINI~1\AppData\Local\Temp\tmplg2lmihf, 阈值=0.20958001152062483
2026-02-14 09:12:05 | INFO     | face_search:searchFaces:83 | 扫描完成，找到 6 个图片文件
2026-02-14 09:12:05 | INFO     | face_detection:detectFaces:57 | 图片中未检测到人脸: C:\Users\ADMINI~1\AppData\Local\Temp\tmplg2lmihf\test_0.jpg
2026-02-14 09:12:05 | INFO     | face_detection:detectFaces:57 | 图片中未检测到人脸: C:\Users\ADMINI~1\AppData\Local\Temp\tmplg2lmihf\test_1.jpg
2026-02-14 09:12:05 | INFO     | face_detection:detectFaces:57 | 图片中未检测到人脸: C:\Users\ADMINI~1\AppData\Local\Temp\tmplg2lmihf\test_2.jpg
2026-02-14 09:12:05 | INFO     | face_detection:detectFaces:57 | 图片中未检测到人脸: C:\Users\ADMINI~1\AppData\Local\Temp\tmplg2lmihf\test_3.jpg
2026-02-14 09:12:05 | INFO     | face_detection:detectFaces:57 | 图片中未检测到人脸: C:\Users\ADMINI~1\AppData\Local\Temp\tmplg2lmihf\test_4.jpg
2026-02-14 09:12:05 | INFO     | face_detection:detectFaces:57 | 图片中未检测到人脸: C:\Users\ADMINI~1\AppData\Local\Temp\tmplg2lmihf\test_5.jpg
2026-02-14 09:12:05 | INFO     | face_search:searchFaces:174 | 搜索完成: 处理 6 个文件, 跳过 6 个文件, 找到 0 个匹配结果, 已取消: False
2026-02-14 09:12:05 | INFO     | face_search:searchFaces:70 | 开始搜索人脸: 文件夹=C:\Users\ADMINI~1\AppData\Local\Temp\tmpj8qb_o4_, 阈值=0.0
2026-02-14 09:12:05 | INFO     | face_search:searchFaces:83 | 扫描完成，找到 1 个图片文件
2026-02-14 09:12:05 | INFO     | face_detection:detectFaces:57 | 图片中未检测到人脸: C:\Users\ADMINI~1\AppData\Local\Temp\tmpj8qb_o4_\test_0.jpg
2026-02-14 09:12:05 | INFO     | face_search:searchFaces:174 | 搜索完成: 处理 1 个文件, 跳过 1 个文件, 找到 0 个匹配结果, 已取消: False
2026-02-14 09:12:05 | INFO     | face_search:searchFaces:70 | 开始搜索人脸: 文件夹=C:\Users\ADMINI~1\AppData\Local\Temp\tmpgn70dc1l, 阈值=0.27350461276488397
2026-02-14 09:12:05 | INFO     | face_search:searchFaces:83 | 扫描完成，找到 5 个图片文件
2026-02-14 09:12:05 | INFO     | face_detection:detectFaces:57 | 图片中未检测到人脸: C:\Users\ADMINI~1\AppData\Local\Temp\tmpgn70dc1l\test_0.jpg
2026-02-14 09:12:05 | INFO     | face_detection:detectFaces:57 | 图片中未检测到人脸: C:\Users\ADMINI~1\AppData\Local\Temp\tmpgn70dc1l\test_1.jpg
2026-02-14 09:12:05 | INFO     | face_detection:detectFaces:57 | 图片中未检测到人脸: C:\Users\ADMINI~1\AppData\Local\Temp\tmpgn70dc1l\test_2.jpg
2026-02-14 09:12:05 | INFO     | face_detection:detectFaces:57 | 图片中未检测到人脸: C:\Users\ADMINI~1\AppData\Local\Temp\tmpgn70dc1l\test_3.jpg
2026-02-14 09:12:05 | INFO     | face_detection:detectFaces:57 | 图片中未检测到人脸: C:\Users\ADMINI~1\AppData\Local\Temp\tmpgn70dc1l\test_4.jpg
2026-02-14 09:12:05 | INFO     | face_search:searchFaces:174 | 搜索完成: 处理 5 个文件, 跳过 5 个文件, 找到 0 个匹配结果, 已取消: False
2026-02-14 09:12:05 | INFO     | face_search:searchFaces:70 | 开始搜索人脸: 文件夹=C:\Users\ADMINI~1\AppData\Local\Temp\tmp2td_hx__, 阈值=0.5
2026-02-14 09:12:05 | INFO     | face_search:searchFaces:83 | 扫描完成，找到 2 个图片文件
2026-02-14 09:12:05 | INFO     | face_detection:detectFaces:57 | 图片中未检测到人脸: C:\Users\ADMINI~1\AppData\Local\Temp\tmp2td_hx__\test_0.jpg
2026-02-14 09:12:05 | INFO     | face_detection:detectFaces:57 | 图片中未检测到人脸: C:\Users\ADMINI~1\AppData\Local\Temp\tmp2td_hx__\test_1.jpg
2026-02-14 09:12:05 | INFO     | face_search:searchFaces:174 | 搜索完成: 处理 2 个文件, 跳过 2 个文件, 找到 0 个匹配结果, 已取消: False
2026-02-14 09:12:06 | INFO     | face_search:searchFaces:70 | 开始搜索人脸: 文件夹=C:\Users\ADMINI~1\AppData\Local\Temp\tmp0f11w_4e, 阈值=0.0
2026-02-14 09:12:06 | INFO     | face_search:searchFaces:83 | 扫描完成，找到 2 个图片文件
2026-02-14 09:12:06 | INFO     | face_detection:detectFaces:57 | 图片中未检测到人脸: C:\Users\ADMINI~1\AppData\Local\Temp\tmp0f11w_4e\test_0.jpg
2026-02-14 09:12:06 | INFO     | face_detection:detectFaces:57 | 图片中未检测到人脸: C:\Users\ADMINI~1\AppData\Local\Temp\tmp0f11w_4e\test_1.jpg
2026-02-14 09:12:06 | INFO     | face_search:searchFaces:174 | 搜索完成: 处理 2 个文件, 跳过 2 个文件, 找到 0 个匹配结果, 已取消: False
2026-02-14 09:12:06 | INFO     | face_search:searchFaces:70 | 开始搜索人脸: 文件夹=C:\Users\ADMINI~1\AppData\Local\Temp\tmph2cqabsu, 阈值=0.018961778074404915
2026-02-14 09:12:06 | INFO     | face_search:searchFaces:83 | 扫描完成，找到 4 个图片文件
2026-02-14 09:12:06 | INFO     | face_detection:detectFaces:57 | 图片中未检测到人脸: C:\Users\ADMINI~1\AppData\Local\Temp\tmph2cqabsu\test_0.jpg
2026-02-14 09:12:06 | INFO     | face_detection:detectFaces:57 | 图片中未检测到人脸: C:\Users\ADMINI~1\AppData\Local\Temp\tmph2cqabsu\test_1.jpg
2026-02-14 09:12:06 | INFO     | face_detection:detectFaces:57 | 图片中未检测到人脸: C:\Users\ADMINI~1\AppData\Local\Temp\tmph2cqabsu\test_2.jpg
2026-02-14 09:12:06 | INFO     | face_detection:detectFaces:57 | 图片中未检测到人脸: C:\Users\ADMINI~1\AppData\Local\Temp\tmph2cqabsu\test_3.jpg
2026-02-14 09:12:06 | INFO     | face_search:searchFaces:174 | 搜索完成: 处理 4 个文件, 跳过 4 个文件, 找到 0 个匹配结果, 已取消: False
2026-02-14 09:12:06 | INFO     | face_search:searchFaces:70 | 开始搜索人脸: 文件夹=C:\Users\ADMINI~1\AppData\Local\Temp\tmpx5l9ou30, 阈值=5.829285443208057e-146
2026-02-14 09:12:06 | INFO     | face_search:searchFaces:83 | 扫描完成，找到 3 个图片文件
2026-02-14 09:12:06 | INFO     | face_detection:detectFaces:57 | 图片中未检测到人脸: C:\Users\ADMINI~1\AppData\Local\Temp\tmpx5l9ou30\test_0.jpg
2026-02-14 09:12:06 | INFO     | face_detection:detectFaces:57 | 图片中未检测到人脸: C:\Users\ADMINI~1\AppData\Local\Temp\tmpx5l9ou30\test_1.jpg
2026-02-14 09:12:06 | INFO     | face_detection:detectFaces:57 | 图片中未检测到人脸: C:\Users\ADMINI~1\AppData\Local\Temp\tmpx5l9ou30\test_2.jpg
2026-02-14 09:12:06 | INFO     | face_search:searchFaces:174 | 搜索完成: 处理 3 个文件, 跳过 3 个文件, 找到 0 个匹配结果, 已取消: False
2026-02-14 09:12:06 | INFO     | face_search:searchFaces:70 | 开始搜索人脸: 文件夹=C:\Users\ADMINI~1\AppData\Local\Temp\tmpy9j2u38o, 阈值=0.03901286472410637
2026-02-14 09:12:06 | INFO     | face_search:searchFaces:83 | 扫描完成，找到 2 个图片文件
2026-02-14 09:12:06 | INFO     | face_detection:detectFaces:57 | 图片中未检测到人脸: C:\Users\ADMINI~1\AppData\Local\Temp\tmpy9j2u38o\test_0.jpg
2026-02-14 09:12:06 | INFO     | face_detection:detectFaces:57 | 图片中未检测到人脸: C:\Users\ADMINI~1\AppData\Local\Temp\tmpy9j2u38o\test_1.jpg
2026-02-14 09:12:06 | INFO     | face_search:searchFaces:174 | 搜索完成: 处理 2 个文件, 跳过 2 个文件, 找到 0 个匹配结果, 已取消: False
2026-02-14 09:12:06 | INFO     | face_search:searchFaces:70 | 开始搜索人脸: 文件夹=C:\Users\ADMINI~1\AppData\Local\Temp\tmpbx3lf5s_, 阈值=0.55788786145763
2026-02-14 09:12:06 | INFO     | face_search:searchFaces:83 | 扫描完成，找到 8 个图片文件
2026-02-14 09:12:06 | INFO     | face_detection:detectFaces:57 | 图片中未检测到人脸: C:\Users\ADMINI~1\AppData\Local\Temp\tmpbx3lf5s_\test_0.jpg
2026-02-14 09:12:06 | INFO     | face_detection:detectFaces:57 | 图片中未检测到人脸: C:\Users\ADMINI~1\AppData\Local\Temp\tmpbx3lf5s_\test_1.jpg
2026-02-14 09:12:06 | INFO     | face_detection:detectFaces:57 | 图片中未检测到人脸: C:\Users\ADMINI~1\AppData\Local\Temp\tmpbx3lf5s_\test_2.jpg
2026-02-14 09:12:06 | INFO     | face_detection:detectFaces:57 | 图片中未检测到人脸: C:\Users\ADMINI~1\AppData\Local\Temp\tmpbx3lf5s_\test_3.jpg
2026-02-14 09:12:06 | INFO     | face_detection:detectFaces:57 | 图片中未检测到人脸: C:\Users\ADMINI~1\AppData\Local\Temp\tmpbx3lf5s_\test_4.jpg
2026-02-14 09:12:06 | INFO     | face_detection:detectFaces:57 | 图片中未检测到人脸: C:\Users\ADMINI~1\AppData\Local\Temp\tmpbx3lf5s_\test_5.jpg
2026-02-14 09:12:06 | INFO     | face_detection:detectFaces:57 | 图片中未检测到人脸: C:\Users\ADMINI~1\AppData\Local\Temp\tmpbx3lf5s_\test_6.jpg
2026-02-14 09:12:06 | INFO     | face_detection:detectFaces:57 | 图片中未检测到人脸: C:\Users\ADMINI~1\AppData\Local\Temp\tmpbx3lf5s_\test_7.jpg
2026-02-14 09:12:06 | INFO     | face_search:searchFaces:174 | 搜索完成: 处理 8 个文件, 跳过 8 个文件, 找到 0 个匹配结果, 已取消: False
2026-02-14 09:12:06 | INFO     | face_search:searchFaces:70 | 开始搜索人脸: 文件夹=C:\Users\ADMINI~1\AppData\Local\Temp\tmpbzc0lbdh, 阈值=0.0
2026-02-14 09:12:06 | INFO     | face_search:searchFaces:83 | 扫描完成，找到 5 个图片文件
2026-02-14 09:12:06 | INFO     | face_search:cancelSearch:195 | 收到取消搜索请求
2026-02-14 09:12:06 | INFO     | face_detection:detectFaces:57 | 图片中未检测到人脸: C:\Users\ADMINI~1\AppData\Local\Temp\tmpbzc0lbdh\test_0.jpg
2026-02-14 09:12:06 | INFO     | face_search:searchFaces:94 | 搜索已取消，已处理 1/5 个文件
2026-02-14 09:12:06 | INFO     | face_search:searchFaces:174 | 搜索完成: 处理 1 个文件, 跳过 1 个文件, 找到 0 个匹配结果, 已取消: True
2026-02-14 09:12:06 | INFO     | face_search:searchFaces:70 | 开始搜索人脸: 文件夹=C:\Users\ADMINI~1\AppData\Local\Temp\tmpoybjbztu, 阈值=0.7463707201092703
2026-02-14 09:12:06 | INFO     | face_search:searchFaces:83 | 扫描完成，找到 12 个图片文件
2026-02-14 09:12:06 | INFO     | face_search:cancelSearch:195 | 收到取消搜索请求
2026-02-14 09:12:06 | INFO     | face_detection:detectFaces:57 | 图片中未检测到人脸: C:\Users\ADMINI~1\AppData\Local\Temp\tmpoybjbztu\test_0.jpg
2026-02-14 09:12:06 | INFO     | face_search:searchFaces:94 | 搜索已取消，已处理 1/12 个文件
2026-02-14 09:12:06 | INFO     | face_search:searchFaces:174 | 搜索完成: 处理 1 个文件, 跳过 1 个文件, 找到 0 个匹配结果, 已取消: True
2026-02-14 09:12:06 | INFO     | face_search:searchFaces:70 | 开始搜索人脸: 文件夹=C:\Users\ADMINI~1\AppData\Local\Temp\tmpmkvm7ynj, 阈值=0.713011740207926
2026-02-14 09:12:06 | INFO     | face_search:searchFaces:83 | 扫描完成，找到 12 个图片文件
2026-02-14 09:12:06 | INFO     | face_search:cancelSearch:195 | 收到取消搜索请求
2026-02-14 09:12:06 | INFO     | face_detection:detectFaces:57 | 图片中未检测到人脸: C:\Users\ADMINI~1\AppData\Local\Temp\tmpmkvm7ynj\test_0.jpg
2026-02-14 09:12:06 | INFO     | face_search:searchFaces:94 | 搜索已取消，已处理 1/12 个文件
2026-02-14 09:12:06 | INFO     | face_search:searchFaces:174 | 搜索完成: 处理 1 个文件, 跳过 1 个文件, 找到 0 个匹配结果, 已取消: True
2026-02-14 09:12:06 | INFO     | face_search:searchFaces:70 | 开始搜索人脸: 文件夹=C:\Users\ADMINI~1\AppData\Local\Temp\tmpy08vg970, 阈值=0.0
2026-02-14 09:12:06 | INFO     | face_search:searchFaces:83 | 扫描完成，找到 3 个图片文件
2026-02-14 09:12:06 | INFO     | face_detection:detectFaces:57 | 图片中未检测到人脸: C:\Users\ADMINI~1\AppData\Local\Temp\tmpy08vg970\test_0.jpg
2026-02-14 09:12:06 | INFO     | face_detection:detectFaces:57 | 图片中未检测到人脸: C:\Users\ADMINI~1\AppData\Local\Temp\tmpy08vg970\test_1.jpg
2026-02-14 09:12:06 | INFO     | face_search:cancelSearch:195 | 收到取消搜索请求
2026-02-14 09:12:06 | INFO     | face_detection:detectFaces:57 | 图片中未检测到人脸: C:\Users\ADMINI~1\AppData\Local\Temp\tmpy08vg970\test_2.jpg
2026-02-14 09:12:06 | INFO     | face_search:cancelSearch:195 | 收到取消搜索请求
2026-02-14 09:12:06 | INFO     | face_search:searchFaces:174 | 搜索完成: 处理 3 个文件, 跳过 3 个文件, 找到 0 个匹配结果, 已取消: True
2026-02-14 09:12:06 | INFO     | face_search:searchFaces:70 | 开始搜索人脸: 文件夹=C:\Users\ADMINI~1\AppData\Local\Temp\tmpjum70dam, 阈值=0.2585829274059335
2026-02-14 09:12:06 | INFO     | face_search:searchFaces:83 | 扫描完成，找到 7 个图片文件
2026-02-14 09:12:06 | INFO     | face_detection:detectFaces:57 | 图片中未检测到人脸: C:\Users\ADMINI~1\AppData\Local\Temp\tmpjum70dam\test_0.jpg
2026-02-14 09:12:06 | INFO     | face_detection:detectFaces:57 | 图片中未检测到人脸: C:\Users\ADMINI~1\AppData\Local\Temp\tmpjum70dam\test_1.jpg
2026-02-14 09:12:06 | INFO     | face_search:cancelSearch:195 | 收到取消搜索请求
2026-02-14 09:12:06 | INFO     | face_detection:detectFaces:57 | 图片中未检测到人脸: C:\Users\ADMINI~1\AppData\Local\Temp\tmpjum70dam\test_2.jpg
2026-02-14 09:12:06 | INFO     | face_search:searchFaces:94 | 搜索已取消，已处理 3/7 个文件
2026-02-14 09:12:06 | INFO     | face_search:cancelSearch:195 | 收到取消搜索请求
2026-02-14 09:12:06 | INFO     | face_search:searchFaces:174 | 搜索完成: 处理 3 个文件, 跳过 3 个文件, 找到 0 个匹配结果, 已取消: True
2026-02-14 09:12:07 | INFO     | face_search:searchFaces:70 | 开始搜索人脸: 文件夹=C:\Users\ADMINI~1\AppData\Local\Temp\tmp7zqy9fo0, 阈值=0.8919930001629994
2026-02-14 09:12:07 | INFO     | face_search:searchFaces:83 | 扫描完成，找到 6 个图片文件
2026-02-14 09:12:07 | INFO     | face_detection:detectFaces:57 | 图片中未检测到人脸: C:\Users\ADMINI~1\AppData\Local\Temp\tmp7zqy9fo0\test_0.jpg
2026-02-14 09:12:07 | INFO     | face_detection:detectFaces:57 | 图片中未检测到人脸: C:\Users\ADMINI~1\AppData\Local\Temp\tmp7zqy9fo0\test_1.jpg
2026-02-14 09:12:07 | INFO     | face_search:cancelSearch:195 | 收到取消搜索请求
2026-02-14 09:12:07 | INFO     | face_detection:detectFaces:57 | 图片中未检测到人脸: C:\Users\ADMINI~1\AppData\Local\Temp\tmp7zqy9fo0\test_2.jpg
2026-02-14 09:12:07 | INFO     | face_search:searchFaces:94 | 搜索已取消，已处理 3/6 个文件
2026-02-14 09:12:07 | INFO     | face_search:cancelSearch:195 | 收到取消搜索请求
2026-02-14 09:12:07 | INFO     | face_search:searchFaces:174 | 搜索完成: 处理 3 个文件, 跳过 3 个文件, 找到 0 个匹配结果, 已取消: True
2026-02-14 09:12:07 | INFO     | face_search:searchFaces:70 | 开始搜索人脸: 文件夹=C:\Users\ADMINI~1\AppData\Local\Temp\tmpxls8jkkb, 阈值=0.910508393683761
2026-02-14 09:12:07 | INFO     | face_search:searchFaces:83 | 扫描完成，找到 3 个图片文件
2026-02-14 09:12:07 | INFO     | face_detection:detectFaces:57 | 图片中未检测到人脸: C:\Users\ADMINI~1\AppData\Local\Temp\tmpxls8jkkb\test_0.jpg
2026-02-14 09:12:07 | INFO     | face_detection:detectFaces:57 | 图片中未检测到人脸: C:\Users\ADMINI~1\AppData\Local\Temp\tmpxls8jkkb\test_1.jpg
2026-02-14 09:12:07 | INFO     | face_search:cancelSearch:195 | 收到取消搜索请求
2026-02-14 09:12:07 | INFO     | face_detection:detectFaces:57 | 图片中未检测到人脸: C:\Users\ADMINI~1\AppData\Local\Temp\tmpxls8jkkb\test_2.jpg
2026-02-14 09:12:07 | INFO     | face_search:cancelSearch:195 | 收到取消搜索请求
2026-02-14 09:12:07 | INFO     | face_search:searchFaces:174 | 搜索完成: 处理 3 个文件, 跳过 3 个文件, 找到 0 个匹配结果, 已取消: True
2026-02-14 09:12:07 | INFO     | face_search:searchFaces:70 | 开始搜索人脸: 文件夹=C:\Users\ADMINI~1\AppData\Local\Temp\tmpzqvrwrq2, 阈值=1.401298464324817e-45
2026-02-14 09:12:07 | INFO     | face_search:searchFaces:83 | 扫描完成，找到 6 个图片文件
2026-02-14 09:12:07 | INFO     | face_detection:detectFaces:57 | 图片中未检测到人脸: C:\Users\ADMINI~1\AppData\Local\Temp\tmpzqvrwrq2\test_0.jpg
2026-02-14 09:12:07 | INFO     | face_detection:detectFaces:57 | 图片中未检测到人脸: C:\Users\ADMINI~1\AppData\Local\Temp\tmpzqvrwrq2\test_1.jpg
2026-02-14 09:12:07 | INFO     | face_search:cancelSearch:195 | 收到取消搜索请求
2026-02-14 09:12:07 | INFO     | face_detection:detectFaces:57 | 图片中未检测到人脸: C:\Users\ADMINI~1\AppData\Local\Temp\tmpzqvrwrq2\test_2.jpg
2026-02-14 09:12:07 | INFO     | face_search:searchFaces:94 | 搜索已取消，已处理 3/6 个文件
2026-02-14 09:12:07 | INFO     | face_search:cancelSearch:195 | 收到取消搜索请求
2026-02-14 09:12:07 | INFO     | face_search:searchFaces:174 | 搜索完成: 处理 3 个文件, 跳过 3 个文件, 找到 0 个匹配结果, 已取消: True
2026-02-14 09:12:07 | INFO     | face_search:cancelSearch:195 | 收到取消搜索请求
2026-02-14 09:12:07 | INFO     | face_search:cancelSearch:195 | 收到取消搜索请求
2026-02-14 09:12:07 | INFO     | face_search:cancelSearch:195 | 收到取消搜索请求
2026-02-14 09:12:08 | INFO     | app:upload_image:122 | 图片上传成功: 5d4060fd-f8ae-4641-ad8b-8b63fb47d114, 文件名: test.jpg
2026-02-14 09:12:08 | INFO     | app:upload_image:122 | 图片上传成功: 0f223555-1cea-42bc-bfa9-fa28ff6f9ab5, 文件名: test.png
2026-02-14 09:12:08 | INFO     | app:upload_image:122 | 图片上传成功: fe64e443-fae6-4d00-be44-59334fdaa547, 文件名: test.jpeg
2026-02-14 09:12:08 | WARNING  | error_handlers:handle_validation_error:110 | 验证错误: Unsupported file format. Supported formats: .jpg, .jpeg, .png, .webp, 字段: file
2026-02-14 09:12:08 | WARNING  | error_handlers:handle_validation_error:110 | 验证错误: Unsupported file format. Supported formats: .jpg, .jpeg, .png, .webp, 字段: file
2026-02-14 09:12:08 | INFO     | app:upload_image:122 | 图片上传成功: df430512-c8c7-408d-beb3-a1147f1c80b6, 文件名: test.jpg
2026-02-14 09:12:10 | INFO     | app:upload_image:122 | 图片上传成功: 69826ee2-677a-4cf0-b1a1-1226e663ceca, 文件名: test.jpg
2026-02-14 09:12:12 | WARNING  | error_handlers:handle_file_too_large:161 | 文件大小超限: 10MB
2026-02-14 09:12:13 | WARNING  | error_handlers:handle_file_too_large:161 | 文件大小超限: 10MB
2026-02-14 09:12:13 | INFO     | app:upload_image:122 | 图片上传成功: eab8d5e6-6566-4ce7-a0cb-65bf823815d5, 文件名: test.jpg
2026-02-14 09:12:18 | INFO     | app:upload_image:122 | 图片上传成功: f66f84d7-3a31-4022-891b-47be72b9f6aa, 文件名: test.jpg
2026-02-14 09:12:18 | INFO     | app:upload_image:122 | 图片上传成功: 0dda87b8-db96-4e25-b4c6-e929ac6208a3, 文件名: test.png
2026-02-14 09:12:18 | INFO     | app:upload_image:122 | 图片上传成功: d78a3fa8-c687-4a46-bf35-30cdcc87dcba, 文件名: test.jpg
2026-02-14 09:12:18 | INFO     | app:upload_image:122 | 图片上传成功: 410a1b87-01b2-47c2-a8cd-33d87d2575a5, 文件名: test_0.jpg
2026-02-14 09:12:18 | INFO     | app:upload_image:122 | 图片上传成功: 32b9fab0-34dc-4da7-b310-3522862f2b99, 文件名: test_1.jpg
2026-02-14 09:12:18 | INFO     | app:upload_image:122 | 图片上传成功: 28901fc3-3793-42e8-bcbb-46029bc06429, 文件名: test_2.jpg
2026-02-14 09:12:18 | INFO     | app:upload_image:122 | 图片上传成功: 1f0b8830-3b3a-41f2-bb4e-accd13ac81b2, 文件名: test_0.webp
2026-02-14 09:12:18 | INFO     | app:upload_image:122 | 图片上传成功: eec6963f-e1f1-4b20-a19c-006dd9fa42a8, 文件名: test_1.webp
2026-02-14 09:12:18 | INFO     | app:upload_image:122 | 图片上传成功: 2f9bd5db-6e77-4818-9158-7b78248e8207, 文件名: test_2.webp
2026-02-14 09:12:18 | INFO     | app:upload_image:122 | 图片上传成功: e8e93552-e3ae-4b31-a29c-6aade71de064, 文件名: test_0.png
2026-02-14 09:12:18 | INFO     | app:upload_image:122 | 图片上传成功: 043880cf-630a-45d5-aee2-c6e13c7dbf4d, 文件名: test_1.png
2026-02-14 09:12:18 | INFO     | app:upload_image:122 | 图片上传成功: 7e62dac9-7bfc-4250-8d35-f32fbfa98b1e, 文件名: test_2.png
2026-02-14 09:12:18 | WARNING  | app:preview_image:159 | 预览请求失败，未找到图片: b9c942e4-023a-4eea-93f7-77c4294ffe41
2026-02-14 09:12:18 | WARNING  | error_handlers:handle_not_found_error:125 | 资源未找到: 未找到图片: b9c942e4-023a-4eea-93f7-77c4294ffe41, 类型: image, ID: b9c942e4-023a-4eea-93f7-77c4294ffe41
2026-02-14 09:12:25 | INFO     | app:<module>:41 | Flask 应用启动
2026-02-14 09:12:28 | INFO     | face_detection:detectFaces:57 | 图片中未检测到人脸: C:\Users\Administrator\AppData\Local\Temp\pytest-of-Administrator\pytest-96\test_all_detected_faces_have_c0\test_pattern_200x200_1.jpg
2026-02-14 09:12:28 | INFO     | face_detection:detectFaces:69 | 人脸检测完成: C:\Users\Administrator\AppData\Local\Temp\pytest-of-Administrator\pytest-96\test_all_detected_faces_have_c0\test_pattern_519x314_1.jpg, 检测到 1 个人脸
2026-02-14 09:12:30 | INFO     | face_detection:detectFaces:69 | 人脸检测完成: C:\Users\Administrator\AppData\Local\Temp\pytest-of-Administrator\pytest-96\test_all_detected_faces_have_c0\test_pattern_367x263_2.jpg, 检测到 2 个人脸
2026-02-14 09:12:30 | INFO     | face_detection:detectFaces:57 | 图片中未检测到人脸: C:\Users\Administrator\AppData\Local\Temp\pytest-of-Administrator\pytest-96\test_empty_detection_result_ha0\no_faces.jpg
2026-02-14 09:12:31 | INFO     | image_export:exportImages:79 | 开始转存图片: 1 个文件到 C:\Users\ADMINI~1\AppData\Local\Temp\tmp0q6c7q56\target
2026-02-14 09:12:31 | INFO     | image_export:exportImages:155 | 转存完成: 成功 1, 失败 0
2026-02-14 09:12:31 | INFO     | image_export:exportImages:79 | 开始转存图片: 1 个文件到 C:\Users\ADMINI~1\AppData\Local\Temp\tmp7l1nxmu0\target
2026-02-14 09:12:31 | INFO     | image_export:exportImages:155 | 转存完成: 成功 1, 失败 0
2026-02-14 09:12:31 | INFO     | image_export:exportImages:79 | 开始转存图片: 1 个文件到 C:\Users\ADMINI~1\AppData\Local\Temp\tmpx2bjwumf\target
2026-02-14 09:12:31 | INFO     | image_export:exportImages:155 | 转存完成: 成功 1, 失败 0
2026-02-14 09:12:31 | INFO     | image_export:exportImages:79 | 开始转存图片: 1 个文件到 C:\Users\ADMINI~1\AppData\Local\Temp\tmputd_acfj\target
2026-02-14 09:12:31 | INFO     | image_export:exportImages:155 | 转存完成: 成功 1, 失败 0
2026-02-14 09:12:31 | INFO     | image_export:exportImages:79 | 开始转存图片: 5 个文件到 C:\Users\ADMINI~1\AppData\Local\Temp\tmph5ucl4fw\target
2026-02-14 09:12:31 | INFO     | image_export:exportImages:155 | 转存完成: 成功 5, 失败 0
2026-02-14 09:12:31 | INFO     | image_export:exportImages:79 | 开始转存图片: 10 个文件到 C:\Users\ADMINI~1\AppData\Local\Temp\tmp3g9b69ec\target
2026-02-14 09:12:31 | INFO     | image_export:exportImages:155 | 转存完成: 成功 10, 失败 0
2026-02-14 09:12:31 | INFO     | image_export:exportImages:79 | 开始转存图片: 1 个文件到 C:\Users\ADMINI~1\AppData\Local\Temp\tmp49uec5b6\target
2026-02-14 09:12:31 | INFO     | image_export:exportImages:155 | 转存完成: 成功 1, 失败 0
2026-02-14 09:12:31 | INFO     | image_export:exportImages:79 | 开始转存图片: 1 个文件到 C:\Users\ADMINI~1\AppData\Local\Temp\tmpyqalre5f\target
2026-02-14 09:12:31 | INFO     | image_export:exportImages:155 | 转存完成: 成功 1, 失败 0
2026-02-14 09:12:31 | INFO     | image_export:exportImages:79 | 开始转存图片: 1 个文件到 C:\Users\ADMINI~1\AppData\Local\Temp\tmpkrj8t19w\target
2026-02-14 09:12:31 | INFO     | image_export:exportImages:155 | 转存完成: 成功 1, 失败 0
2026-02-14 09:12:31 | INFO     | image_export:exportImages:79 | 开始转存图片: 1 个文件到 C:\Users\ADMINI~1\AppData\Local\Temp\tmpwh610zti\target
2026-02-14 09:12:31 | INFO     | image_export:exportImages:155 | 转存完成: 成功 1, 失败 0
2026-02-14 09:12:31 | INFO     | image_export:exportImages:79 | 开始转存图片: 1 个文件到 C:\Users\ADMINI~1\AppData\Local\Temp\tmppmk9jk_x\target
2026-02-14 09:12:31 | INFO     | image_export:exportImages:155 | 转存完成: 成功 1, 失败 0
2026-02-14 09:12:31 | INFO     | image_export:exportImages:79 | 开始转存图片: 1 个文件到 C:\Users\ADMINI~1\AppData\Local\Temp\tmptfnssvxg\target
2026-02-14 09:12:31 | INFO     | image_export:exportImages:155 | 转存完成: 成功 1, 失败 0
2026-02-14 09:12:31 | INFO     | image_export:exportImages:79 | 开始转存图片: 2 个文件到 C:\Users\ADMINI~1\AppData\Local\Temp\tmprv7jllje\target
2026-02-14 09:12:31 | WARNING  | image_export:exportImages:101 | 源文件不存在: C:\Users\ADMINI~1\AppData\Local\Temp\tmprv7jllje\source\invalid_0.jpg
2026-02-14 09:12:31 | INFO     | image_export:exportImages:155 | 转存完成: 成功 1, 失败 1
2026-02-14 09:12:31 | INFO     | image_export:exportImages:79 | 开始转存图片: 6 个文件到 C:\Users\ADMINI~1\AppData\Local\Temp\tmpt2yk_awi\target
2026-02-14 09:12:31 | WARNING  | image_export:exportImages:101 | 源文件不存在: C:\Users\ADMINI~1\AppData\Local\Temp\tmpt2yk_awi\source\invalid_0.jpg
2026-02-14 09:12:31 | WARNING  | image_export:exportImages:101 | 源文件不存在: C:\Users\ADMINI~1\AppData\Local\Temp\tmpt2yk_awi\source\invalid_1.jpg
2026-02-14 09:12:31 | INFO     | image_export:exportImages:155 | 转存完成: 成功 4, 失败 2
2026-02-14 09:12:31 | INFO     | image_export:exportImages:79 | 开始转存图片: 7 个文件到 C:\Users\ADMINI~1\AppData\Local\Temp\tmppftgi2pq\target
2026-02-14 09:12:31 | WARNING  | image_export:exportImages:101 | 源文件不存在: C:\Users\ADMINI~1\AppData\Local\Temp\tmppftgi2pq\source\invalid_0.jpg
2026-02-14 09:12:31 | WARNING  | image_export:exportImages:101 | 源文件不存在: C:\Users\ADMINI~1\AppData\Local\Temp\tmppftgi2pq\source\invalid_1.jpg
2026-02-14 09:12:31 | INFO     | image_export:exportImages:155 | 转存完成: 成功 5, 失败 2
2026-02-14 09:12:31 | INFO     | image_export:exportImages:79 | 开始转存图片: 1 个文件到 C:\Users\ADMINI~1\AppData\Local\Temp\tmp5u5o3045\target
2026-02-14 09:12:31 | INFO     | image_export:exportImages:155 | 转存完成: 成功 1, 失败 0
2026-02-14 09:12:31 | INFO     | image_export:exportImages:79 | 开始转存图片: 1 个文件到 C:\Users\ADMINI~1\AppData\Local\Temp\tmpnfvzrnwj\target
2026-02-14 09:12:31 | INFO     | image_export:exportImages:155 | 转存完成: 成功 1, 失败 0
2026-02-14 09:12:32 | INFO     | image_export:exportImages:79 | 开始转存图片: 1 个文件到 C:\Users\ADMINI~1\AppData\Local\Temp\tmppszasdt8\target
2026-02-14 09:12:32 | INFO     | image_export:exportImages:155 | 转存完成: 成功 1, 失败 0
2026-02-14 09:12:32 | INFO     | image_export:exportImages:79 | 开始转存图片: 1 个文件到 C:\Users\ADMINI~1\AppData\Local\Temp\tmp_grvrpu0\target
2026-02-14 09:12:32 | INFO     | image_export:exportImages:155 | 转存完成: 成功 1, 失败 0
2026-02-14 09:12:32 | INFO     | image_export:exportImages:79 | 开始转存图片: 1 个文件到 C:\Users\ADMINI~1\AppData\Local\Temp\tmp9u1mkpfd\target
2026-02-14 09:12:32 | INFO     | image_export:exportImages:155 | 转存完成: 成功 1, 失败 0
2026-02-14 09:12:32 | INFO     | image_export:exportImages:79 | 开始转存图片: 1 个文件到 C:\Users\ADMINI~1\AppData\Local\Temp\tmpt43uieh9\target
2026-02-14 09:12:32 | INFO     | image_export:exportImages:155 | 转存完成: 成功 1, 失败 0
2026-02-14 09:12:32 | INFO     | image_export:exportImages:79 | 开始转存图片: 1 个文件到 C:\Users\ADMINI~1\AppData\Local\Temp\tmpt43uieh9\target
2026-02-14 09:12:32 | INFO     | image_export:exportImages:155 | 转存完成: 成功 1, 失败 0
2026-02-14 09:12:32 | INFO     | image_export:exportImages:79 | 开始转存图片: 1 个文件到 C:\Users\ADMINI~1\AppData\Local\Temp\tmpt43uieh9\target
2026-02-14 09:12:32 | INFO     | image_export:exportImages:155 | 转存完成: 成功 1, 失败 0
2026-02-14 09:12:32 | INFO     | image_export:exportImages:79 | 开始转存图片: 1 个文件到 C:\Users\ADMINI~1\AppData\Local\Temp\tmpt43uieh9\target
2026-02-14 09:12:32 | INFO     | image_export:exportImages:155 | 转存完成: 成功 1, 失败 0
2026-02-14 09:12:32 | INFO     | image_export:exportImages:79 | 开始转存图片: 1 个文件到 C:\Users\ADMINI~1\AppData\Local\Temp\tmpt43uieh9\target
2026-02-14 09:12:32 | INFO     | image_export:exportImages:155 | 转存完成: 成功 1, 失败 0
2026-02-14 09:12:32 | INFO     | image_export:exportImages:79 | 开始转存图片: 1 个文件到 C:\Users\ADMINI~1\AppData\Local\Temp\tmpwa331e7u\target
2026-02-14 09:12:32 | INFO     | image_export:exportImages:155 | 转存完成: 成功 1, 失败 0
2026-02-14 09:12:32 | INFO     | image_export:exportImages:79 | 开始转存图片: 1 个文件到 C:\Users\ADMINI~1\AppData\Local\Temp\tmpwa331e7u\target
2026-02-14 09:12:32 | INFO     | image_export:exportImages:155 | 转存完成: 成功 1, 失败 0
2026-02-14 09:12:32 | INFO     | image_export:exportImages:79 | 开始转存图片: 1 个文件到 C:\Users\ADMINI~1\AppData\Local\Temp\tmp410d6pr_\target
2026-02-14 09:12:32 | INFO     | image_export:exportImages:155 | 转存完成: 成功 1, 失败 0
2026-02-14 09:12:32 | INFO     | image_export:exportImages:79 | 开始转存图片: 1 个文件到 C:\Users\ADMINI~1\AppData\Local\Temp\tmpym6vsxen\target
2026-02-14 09:12:32 | INFO     | image_export:exportImages:155 | 转存完成: 成功 1, 失败 0
2026-02-14 09:12:32 | INFO     | image_export:exportImages:79 | 开始转存图片: 1 个文件到 C:\Users\ADMINI~1\AppData\Local\Temp\tmpsvqoyihl\target
2026-02-14 09:12:32 | INFO     | image_export:exportImages:155 | 转存完成: 成功 1, 失败 0
2026-02-14 09:12:32 | INFO     | image_export:exportImages:79 | 开始转存图片: 0 个文件到 C:\Users\ADMINI~1\AppData\Local\Temp\tmpbaj6otb2\target
2026-02-14 09:12:32 | INFO     | image_export:exportImages:155 | 转存完成: 成功 0, 失败 0
2026-02-14 09:12:32 | INFO     | image_export:exportImages:79 | 开始转存图片: 1 个文件到 C:\Users\ADMINI~1\AppData\Local\Temp\tmp66dg1jzy\target
2026-02-14 09:12:32 | INFO     | image_export:exportImages:155 | 转存完成: 成功 1, 失败 0
2026-02-14 09:12:32 | INFO     | image_export:exportImages:79 | 开始转存图片: 19 个文件到 C:\Users\ADMINI~1\AppData\Local\Temp\tmp85l_0d3l\target
2026-02-14 09:12:32 | INFO     | image_export:exportImages:155 | 转存完成: 成功 19, 失败 0
2026-02-14 09:12:32 | INFO     | image_export:exportImages:79 | 开始转存图片: 0 个文件到 C:\Users\ADMINI~1\AppData\Local\Temp\tmp8ifhsroc\target
2026-02-14 09:12:32 | INFO     | image_export:exportImages:155 | 转存完成: 成功 0, 失败 0
2026-02-14 09:12:32 | INFO     | image_export:exportImages:79 | 开始转存图片: 15 个文件到 C:\Users\ADMINI~1\AppData\Local\Temp\tmp8tt5tysm\target
2026-02-14 09:12:32 | WARNING  | image_export:exportImages:101 | 源文件不存在: C:\Users\ADMINI~1\AppData\Local\Temp\tmp8tt5tysm\source\invalid_0.jpg
2026-02-14 09:12:32 | WARNING  | image_export:exportImages:101 | 源文件不存在: C:\Users\ADMINI~1\AppData\Local\Temp\tmp8tt5tysm\source\invalid_1.jpg
2026-02-14 09:12:32 | WARNING  | image_export:exportImages:101 | 源文件不存在: C:\Users\ADMINI~1\AppData\Local\Temp\tmp8tt5tysm\source\invalid_2.jpg
2026-02-14 09:12:32 | WARNING  | image_export:exportImages:101 | 源文件不存在: C:\Users\ADMINI~1\AppData\Local\Temp\tmp8tt5tysm\source\invalid_3.jpg
2026-02-14 09:12:32 | WARNING  | image_export:exportImages:101 | 源文件不存在: C:\Users\ADMINI~1\AppData\Local\Temp\tmp8tt5tysm\source\invalid_4.jpg
2026-02-14 09:12:32 | WARNING  | image_export:exportImages:101 | 源文件不存在: C:\Users\ADMINI~1\AppData\Local\Temp\tmp8tt5tysm\source\invalid_5.jpg
2026-02-14 09:12:32 | WARNING  | image_export:exportImages:101 | 源文件不存在: C:\Users\ADMINI~1\AppData\Local\Temp\tmp8tt5tysm\source\invalid_6.jpg
2026-02-14 09:12:32 | WARNING  | image_export:exportImages:101 | 源文件不存在: C:\Users\ADMINI~1\AppData\Local\Temp\tmp8tt5tysm\source\invalid_7.jpg
2026-02-14 09:12:32 | WARNING  | image_export:exportImages:101 | 源文件不存在: C:\Users\ADMINI~1\AppData\Local\Temp\tmp8tt5tysm\source\invalid_8.jpg
2026-02-14 09:12:32 | WARNING  | image_export:exportImages:101 | 源文件不存在: C:\Users\ADMINI~1\AppData\Local\Temp\tmp8tt5tysm\source\invalid_9.jpg
2026-02-14 09:12:32 | INFO     | image_export:exportImages:155 | 转存完成: 成功 5, 失败 10
2026-02-14 09:12:32 | INFO     | image_export:exportImages:79 | 开始转存图片: 15 个文件到 C:\Users\ADMINI~1\AppData\Local\Temp\tmprna1tigo\target
2026-02-14 09:12:33 | WARNING  | image_export:exportImages:101 | 源文件不存在: C:\Users\ADMINI~1\AppData\Local\Temp\tmprna1tigo\source\invalid_0.jpg
2026-02-14 09:12:33 | WARNING  | image_export:exportImages:101 | 源文件不存在: C:\Users\ADMINI~1\AppData\Local\Temp\tmprna1tigo\source\invalid_1.jpg
2026-02-14 09:12:33 | WARNING  | image_export:exportImages:101 | 源文件不存在: C:\Users\ADMINI~1\AppData\Local\Temp\tmprna1tigo\source\invalid_2.jpg
2026-02-14 09:12:33 | WARNING  | image_export:exportImages:101 | 源文件不存在: C:\Users\ADMINI~1\AppData\Local\Temp\tmprna1tigo\source\invalid_3.jpg
2026-02-14 09:12:33 | WARNING  | image_export:exportImages:101 | 源文件不存在: C:\Users\ADMINI~1\AppData\Local\Temp\tmprna1tigo\source\invalid_4.jpg
2026-02-14 09:12:33 | WARNING  | image_export:exportImages:101 | 源文件不存在: C:\Users\ADMINI~1\AppData\Local\Temp\tmprna1tigo\source\invalid_5.jpg
2026-02-14 09:12:33 | WARNING  | image_export:exportImages:101 | 源文件不存在: C:\Users\ADMINI~1\AppData\Local\Temp\tmprna1tigo\source\invalid_6.jpg
2026-02-14 09:12:33 | WARNING  | image_export:exportImages:101 | 源文件不存在: C:\Users\ADMINI~1\AppData\Local\Temp\tmprna1tigo\source\invalid_7.jpg
2026-02-14 09:12:33 | INFO     | image_export:exportImages:155 | 转存完成: 成功 7, 失败 8
2026-02-14 09:12:33 | INFO     | image_export:exportImages:79 | 开始转存图片: 1 个文件到 C:\Users\ADMINI~1\AppData\Local\Temp\tmplycv4wpv\target
2026-02-14 09:12:33 | WARNING  | image_export:exportImages:101 | 源文件不存在: C:\Users\ADMINI~1\AppData\Local\Temp\tmplycv4wpv\source\nonexistent_0.jpg
2026-02-14 09:12:33 | INFO     | image_export:exportImages:155 | 转存完成: 成功 0, 失败 1
2026-02-14 09:12:33 | INFO     | image_export:exportImages:79 | 开始转存图片: 10 个文件到 C:\Users\ADMINI~1\AppData\Local\Temp\tmpr1v9z07y\target
2026-02-14 09:12:33 | WARNING  | image_export:exportImages:101 | 源文件不存在: C:\Users\ADMINI~1\AppData\Local\Temp\tmpr1v9z07y\source\nonexistent_0.jpg
2026-02-14 09:12:33 | WARNING  | image_export:exportImages:101 | 源文件不存在: C:\Users\ADMINI~1\AppData\Local\Temp\tmpr1v9z07y\source\nonexistent_1.jpg
2026-02-14 09:12:33 | WARNING  | image_export:exportImages:101 | 源文件不存在: C:\Users\ADMINI~1\AppData\Local\Temp\tmpr1v9z07y\source\nonexistent_2.jpg
2026-02-14 09:12:33 | WARNING  | image_export:exportImages:101 | 源文件不存在: C:\Users\ADMINI~1\AppData\Local\Temp\tmpr1v9z07y\source\nonexistent_3.jpg
2026-02-14 09:12:33 | WARNING  | image_export:exportImages:101 | 源文件不存在: C:\Users\ADMINI~1\AppData\Local\Temp\tmpr1v9z07y\source\nonexistent_4.jpg
2026-02-14 09:12:33 | WARNING  | image_export:exportImages:101 | 源文件不存在: C:\Users\ADMINI~1\AppData\Local\Temp\tmpr1v9z07y\source\nonexistent_5.jpg
2026-02-14 09:12:33 | WARNING  | image_export:exportImages:101 | 源文件不存在: C:\Users\ADMINI~1\AppData\Local\Temp\tmpr1v9z07y\source\nonexistent_6.jpg
2026-02-14 09:12:33 | WARNING  | image_export:exportImages:101 | 源文件不存在: C:\Users\ADMINI~1\AppData\Local\Temp\tmpr1v9z07y\source\nonexistent_7.jpg
2026-02-14 09:12:33 | WARNING  | image_export:exportImages:101 | 源文件不存在: C:\Users\ADMINI~1\AppData\Local\Temp\tmpr1v9z07y\source\nonexistent_8.jpg
2026-02-14 09:12:33 | WARNING  | image_export:exportImages:101 | 源文件不存在: C:\Users\ADMINI~1\AppData\Local\Temp\tmpr1v9z07y\source\nonexistent_9.jpg
2026-02-14 09:12:33 | INFO     | image_export:exportImages:155 | 转存完成: 成功 0, 失败 10
2026-02-14 09:12:33 | INFO     | image_export:exportImages:79 | 开始转存图片: 3 个文件到 C:\Users\ADMINI~1\AppData\Local\Temp\tmpb8d4ck71\target
2026-02-14 09:12:33 | WARNING  | image_export:exportImages:101 | 源文件不存在: C:\Users\ADMINI~1\AppData\Local\Temp\tmpb8d4ck71\source\nonexistent_0.jpg
2026-02-14 09:12:33 | WARNING  | image_export:exportImages:101 | 源文件不存在: C:\Users\ADMINI~1\AppData\Local\Temp\tmpb8d4ck71\source\nonexistent_1.jpg
2026-02-14 09:12:33 | WARNING  | image_export:exportImages:101 | 源文件不存在: C:\Users\ADMINI~1\AppData\Local\Temp\tmpb8d4ck71\source\nonexistent_2.jpg
2026-02-14 09:12:33 | INFO     | image_export:exportImages:155 | 转存完成: 成功 0, 失败 3
2026-02-14 09:12:33 | INFO     | image_export:exportImages:79 | 开始转存图片: 0 个文件到 C:\Users\ADMINI~1\AppData\Local\Temp\tmpb1nokkdk\target
2026-02-14 09:12:33 | INFO     | image_export:exportImages:155 | 转存完成: 成功 0, 失败 0
2026-02-14 09:12:33 | INFO     | face_search:searchFaces:70 | 开始搜索人脸: 文件夹=C:\Users\ADMINI~1\AppData\Local\Temp\tmpqvye7xuy, 阈值=0.0
2026-02-14 09:12:33 | INFO     | face_search:searchFaces:83 | 扫描完成，找到 2 个图片文件
2026-02-14 09:12:33 | ERROR    | face_detection:detectFaces:76 | 处理图片时发生错误: C:\Users\ADMINI~1\AppData\Local\Temp\tmpqvye7xuy\corrupted_0.jpg, 错误: cannot identify image file 'C:\\Users\\ADMINI~1\\AppData\\Local\\Temp\\tmpqvye7xuy\\corrupted_0.jpg'
Traceback (most recent call last):
  File "D:\AI_workspace\face-search-app\tests\..\backend\face_detection.py", line 49, in detectFaces
    image = face_recognition.load_image_file(image_path)
  File "D:\AI_workspace\face-search-app\backend\venv\Lib\site-packages\face_recognition\api.py", line 86, in load_image_file
    im = PIL.Image.open(file)
  File "D:\AI_workspace\face-search-app\backend\venv\Lib\site-packages\PIL\Image.py", line 3579, in open
    raise UnidentifiedImageError(msg)
PIL.UnidentifiedImageError: cannot identify image file 'C:\\Users\\ADMINI~1\\AppData\\Local\\Temp\\tmpqvye7xuy\\corrupted_0.jpg'
2026-02-14 09:12:33 | INFO     | face_detection:detectFaces:57 | 图片中未检测到人脸: C:\Users\ADMINI~1\AppData\Local\Temp\tmpqvye7xuy\valid_0.jpg
2026-02-14 09:12:33 | INFO     | face_search:searchFaces:174 | 搜索完成: 处理 2 个文件, 跳过 2 个文件, 找到 0 个匹配结果, 已取消: False
2026-02-14 09:12:33 | INFO     | face_search:searchFaces:70 | 开始搜索人脸: 文件夹=C:\Users\ADMINI~1\AppData\Local\Temp\tmpxpqzxrln, 阈值=0.7171045569258075
2026-02-14 09:12:33 | INFO     | face_search:searchFaces:83 | 扫描完成，找到 7 个图片文件
2026-02-14 09:12:33 | ERROR    | face_detection:detectFaces:76 | 处理图片时发生错误: C:\Users\ADMINI~1\AppData\Local\Temp\tmpxpqzxrln\corrupted_0.jpg, 错误: cannot identify image file 'C:\\Users\\ADMINI~1\\AppData\\Local\\Temp\\tmpxpqzxrln\\corrupted_0.jpg'
Traceback (most recent call last):
  File "D:\AI_workspace\face-search-app\tests\..\backend\face_detection.py", line 49, in detectFaces
    image = face_recognition.load_image_file(image_path)
  File "D:\AI_workspace\face-search-app\backend\venv\Lib\site-packages\face_recognition\api.py", line 86, in load_image_file
    im = PIL.Image.open(file)
  File "D:\AI_workspace\face-search-app\backend\venv\Lib\site-packages\PIL\Image.py", line 3579, in open
    raise UnidentifiedImageError(msg)
PIL.UnidentifiedImageError: cannot identify image file 'C:\\Users\\ADMINI~1\\AppData\\Local\\Temp\\tmpxpqzxrln\\corrupted_0.jpg'
2026-02-14 09:12:33 | ERROR    | face_detection:detectFaces:76 | 处理图片时发生错误: C:\Users\ADMINI~1\AppData\Local\Temp\tmpxpqzxrln\corrupted_1.jpg, 错误: cannot identify image file 'C:\\Users\\ADMINI~1\\AppData\\Local\\Temp\\tmpxpqzxrln\\corrupted_1.jpg'
Traceback (most recent call last):
  File "D:\AI_workspace\face-search-app\tests\..\backend\face_detection.py", line 49, in detectFaces
    image = face_recognition.load_image_file(image_path)
  File "D:\AI_workspace\face-search-app\backend\venv\Lib\site-packages\face_recognition\api.py", line 86, in load_image_file
    im = PIL.Image.open(file)
  File "D:\AI_workspace\face-search-app\backend\venv\Lib\site-packages\PIL\Image.py", line 3579, in open
    raise UnidentifiedImageError(msg)
PIL.UnidentifiedImageError: cannot identify image file 'C:\\Users\\ADMINI~1\\AppData\\Local\\Temp\\tmpxpqzxrln\\corrupted_1.jpg'
2026-02-14 09:12:33 | ERROR    | face_detection:detectFaces:76 | 处理图片时发生错误: C:\Users\ADMINI~1\AppData\Local\Temp\tmpxpqzxrln\corrupted_2.jpg, 错误: cannot identify image file 'C:\\Users\\ADMINI~1\\AppData\\Local\\Temp\\tmpxpqzxrln\\corrupted_2.jpg'
Traceback (most recent call last):
  File "D:\AI_workspace\face-search-app\tests\..\backend\face_detection.py", line 49, in detectFaces
    image = face_recognition.load_image_file(image_path)
  File "D:\AI_workspace\face-search-app\backend\venv\Lib\site-packages\face_recognition\api.py", line 86, in load_image_file
    im = PIL.Image.open(file)
  File "D:\AI_workspace\face-search-app\backend\venv\Lib\site-packages\PIL\Image.py", line 3579, in open
    raise UnidentifiedImageError(msg)
PIL.UnidentifiedImageError: cannot identify image file 'C:\\Users\\ADMINI~1\\AppData\\Local\\Temp\\tmpxpqzxrln\\corrupted_2.jpg'
2026-02-14 09:12:33 | ERROR    | face_detection:detectFaces:76 | 处理图片时发生错误: C:\Users\ADMINI~1\AppData\Local\Temp\tmpxpqzxrln\corrupted_3.jpg, 错误: cannot identify image file 'C:\\Users\\ADMINI~1\\AppData\\Local\\Temp\\tmpxpqzxrln\\corrupted_3.jpg'
Traceback (most recent call last):
  File "D:\AI_workspace\face-search-app\tests\..\backend\face_detection.py", line 49, in detectFaces
    image = face_recognition.load_image_file(image_path)
  File "D:\AI_workspace\face-search-app\backend\venv\Lib\site-packages\face_recognition\api.py", line 86, in load_image_file
    im = PIL.Image.open(file)
  File "D:\AI_workspace\face-search-app\backend\venv\Lib\site-packages\PIL\Image.py", line 3579, in open
    raise UnidentifiedImageError(msg)
PIL.UnidentifiedImageError: cannot identify image file 'C:\\Users\\ADMINI~1\\AppData\\Local\\Temp\\tmpxpqzxrln\\corrupted_3.jpg'
2026-02-14 09:12:33 | ERROR    | face_detection:detectFaces:76 | 处理图片时发生错误: C:\Users\ADMINI~1\AppData\Local\Temp\tmpxpqzxrln\corrupted_4.jpg, 错误: cannot identify image file 'C:\\Users\\ADMINI~1\\AppData\\Local\\Temp\\tmpxpqzxrln\\corrupted_4.jpg'
Traceback (most recent call last):
  File "D:\AI_workspace\face-search-app\tests\..\backend\face_detection.py", line 49, in detectFaces
    image = face_recognition.load_image_file(image_path)
  File "D:\AI_workspace\face-search-app\backend\venv\Lib\site-packages\face_recognition\api.py", line 86, in load_image_file
    im = PIL.Image.open(file)
  File "D:\AI_workspace\face-search-app\backend\venv\Lib\site-packages\PIL\Image.py", line 3579, in open
    raise UnidentifiedImageError(msg)
PIL.UnidentifiedImageError: cannot identify image file 'C:\\Users\\ADMINI~1\\AppData\\Local\\Temp\\tmpxpqzxrln\\corrupted_4.jpg'
2026-02-14 09:12:33 | INFO     | face_detection:detectFaces:57 | 图片中未检测到人脸: C:\Users\ADMINI~1\AppData\Local\Temp\tmpxpqzxrln\valid_0.jpg
2026-02-14 09:12:33 | INFO     | face_detection:detectFaces:57 | 图片中未检测到人脸: C:\Users\ADMINI~1\AppData\Local\Temp\tmpxpqzxrln\valid_1.jpg
2026-02-14 09:12:33 | INFO     | face_search:searchFaces:174 | 搜索完成: 处理 7 个文件, 跳过 7 个文件, 找到 0 个匹配结果, 已取消: False
2026-02-14 09:12:33 | INFO     | face_search:searchFaces:70 | 开始搜索人脸: 文件夹=C:\Users\ADMINI~1\AppData\Local\Temp\tmpk4rrmda3, 阈值=0.07830204311267198
2026-02-14 09:12:33 | INFO     | face_search:searchFaces:83 | 扫描完成，找到 9 个图片文件
2026-02-14 09:12:33 | ERROR    | face_detection:detectFaces:76 | 处理图片时发生错误: C:\Users\ADMINI~1\AppData\Local\Temp\tmpk4rrmda3\corrupted_0.jpg, 错误: cannot identify image file 'C:\\Users\\ADMINI~1\\AppData\\Local\\Temp\\tmpk4rrmda3\\corrupted_0.jpg'
Traceback (most recent call last):
  File "D:\AI_workspace\face-search-app\tests\..\backend\face_detection.py", line 49, in detectFaces
    image = face_recognition.load_image_file(image_path)
  File "D:\AI_workspace\face-search-app\backend\venv\Lib\site-packages\face_recognition\api.py", line 86, in load_image_file
    im = PIL.Image.open(file)
  File "D:\AI_workspace\face-search-app\backend\venv\Lib\site-packages\PIL\Image.py", line 3579, in open
    raise UnidentifiedImageError(msg)
PIL.UnidentifiedImageError: cannot identify image file 'C:\\Users\\ADMINI~1\\AppData\\Local\\Temp\\tmpk4rrmda3\\corrupted_0.jpg'
2026-02-14 09:12:33 | ERROR    | face_detection:detectFaces:76 | 处理图片时发生错误: C:\Users\ADMINI~1\AppData\Local\Temp\tmpk4rrmda3\corrupted_1.jpg, 错误: cannot identify image file 'C:\\Users\\ADMINI~1\\AppData\\Local\\Temp\\tmpk4rrmda3\\corrupted_1.jpg'
Traceback (most recent call last):
  File "D:\AI_workspace\face-search-app\tests\..\backend\face_detection.py", line 49, in detectFaces
    image = face_recognition.load_image_file(image_path)
  File "D:\AI_workspace\face-search-app\backend\venv\Lib\site-packages\face_recognition\api.py", line 86, in load_image_file
    im = PIL.Image.open(file)
  File "D:\AI_workspace\face-search-app\backend\venv\Lib\site-packages\PIL\Image.py", line 3579, in open
    raise UnidentifiedImageError(msg)
PIL.UnidentifiedImageError: cannot identify image file 'C:\\Users\\ADMINI~1\\AppData\\Local\\Temp\\tmpk4rrmda3\\corrupted_1.jpg'
2026-02-14 09:12:33 | ERROR    | face_detection:detectFaces:76 | 处理图片时发生错误: C:\Users\ADMINI~1\AppData\Local\Temp\tmpk4rrmda3\corrupted_2.jpg, 错误: cannot identify image file 'C:\\Users\\ADMINI~1\\AppData\\Local\\Temp\\tmpk4rrmda3\\corrupted_2.jpg'
Traceback (most recent call last):
  File "D:\AI_workspace\face-search-app\tests\..\backend\face_detection.py", line 49, in detectFaces
    image = face_recognition.load_image_file(image_path)
  File "D:\AI_workspace\face-search-app\backend\venv\Lib\site-packages\face_recognition\api.py", line 86, in load_image_file
    im = PIL.Image.open(file)
  File "D:\AI_workspace\face-search-app\backend\venv\Lib\site-packages\PIL\Image.py", line 3579, in open
    raise UnidentifiedImageError(msg)
PIL.UnidentifiedImageError: cannot identify image file 'C:\\Users\\ADMINI~1\\AppData\\Local\\Temp\\tmpk4rrmda3\\corrupted_2.jpg'
2026-02-14 09:12:33 | ERROR    | face_detection:detectFaces:76 | 处理图片时发生错误: C:\Users\ADMINI~1\AppData\Local\Temp\tmpk4rrmda3\corrupted_3.jpg, 错误: cannot identify image file 'C:\\Users\\ADMINI~1\\AppData\\Local\\Temp\\tmpk4rrmda3\\corrupted_3.jpg'
Traceback (most recent call last):
  File "D:\AI_workspace\face-search-app\tests\..\backend\face_detection.py", line 49, in detectFaces
    image = face_recognition.load_image_file(image_path)
  File "D:\AI_workspace\face-search-app\backend\venv\Lib\site-packages\face_recognition\api.py", line 86, in load_image_file
    im = PIL.Image.open(file)
  File "D:\AI_workspace\face-search-app\backend\venv\Lib\site-packages\PIL\Image.py", line 3579, in open
    raise UnidentifiedImageError(msg)
PIL.UnidentifiedImageError: cannot identify image file 'C:\\Users\\ADMINI~1\\AppData\\Local\\Temp\\tmpk4rrmda3\\corrupted_3.jpg'
2026-02-14 09:12:33 | INFO     | face_detection:detectFaces:57 | 图片中未检测到人脸: C:\Users\ADMINI~1\AppData\Local\Temp\tmpk4rrmda3\valid_0.jpg
2026-02-14 09:12:33 | INFO     | face_detection:detectFaces:57 | 图片中未检测到人脸: C:\Users\ADMINI~1\AppData\Local\Temp\tmpk4rrmda3\valid_1.jpg
2026-02-14 09:12:33 | INFO     | face_detection:detectFaces:57 | 图片中未检测到人脸: C:\Users\ADMINI~1\AppData\Local\Temp\tmpk4rrmda3\valid_2.jpg
2026-02-14 09:12:33 | INFO     | face_detection:detectFaces:57 | 图片中未检测到人脸: C:\Users\ADMINI~1\AppData\Local\Temp\tmpk4rrmda3\valid_3.jpg
2026-02-14 09:12:33 | INFO     | face_detection:detectFaces:57 | 图片中未检测到人脸: C:\Users\ADMINI~1\AppData\Local\Temp\tmpk4rrmda3\valid_4.jpg
2026-02-14 09:12:33 | INFO     | face_search:searchFaces:174 | 搜索完成: 处理 9 个文件, 跳过 9 个文件, 找到 0 个匹配结果, 已取消: False
2026-02-14 09:12:33 | INFO     | face_search:searchFaces:70 | 开始搜索人脸: 文件夹=C:\Users\ADMINI~1\AppData\Local\Temp\tmptis6rtdw, 阈值=0.0
2026-02-14 09:12:33 | INFO     | face_search:searchFaces:83 | 扫描完成，找到 3 个图片文件
2026-02-14 09:12:33 | ERROR    | face_detection:detectFaces:76 | 处理图片时发生错误: C:\Users\ADMINI~1\AppData\Local\Temp\tmptis6rtdw\corrupted_0.png, 错误: cannot identify image file 'C:\\Users\\ADMINI~1\\AppData\\Local\\Temp\\tmptis6rtdw\\corrupted_0.png'
Traceback (most recent call last):
  File "D:\AI_workspace\face-search-app\tests\..\backend\face_detection.py", line 49, in detectFaces
    image = face_recognition.load_image_file(image_path)
  File "D:\AI_workspace\face-search-app\backend\venv\Lib\site-packages\face_recognition\api.py", line 86, in load_image_file
    im = PIL.Image.open(file)
  File "D:\AI_workspace\face-search-app\backend\venv\Lib\site-packages\PIL\Image.py", line 3579, in open
    raise UnidentifiedImageError(msg)
PIL.UnidentifiedImageError: cannot identify image file 'C:\\Users\\ADMINI~1\\AppData\\Local\\Temp\\tmptis6rtdw\\corrupted_0.png'
2026-02-14 09:12:33 | ERROR    | face_detection:detectFaces:76 | 处理图片时发生错误: C:\Users\ADMINI~1\AppData\Local\Temp\tmptis6rtdw\corrupted_1.png, 错误: cannot identify image file 'C:\\Users\\ADMINI~1\\AppData\\Local\\Temp\\tmptis6rtdw\\corrupted_1.png'
Traceback (most recent call last):
  File "D:\AI_workspace\face-search-app\tests\..\backend\face_detection.py", line 49, in detectFaces
    image = face_recognition.load_image_file(image_path)
  File "D:\AI_workspace\face-search-app\backend\venv\Lib\site-packages\face_recognition\api.py", line 86, in load_image_file
    im = PIL.Image.open(file)
  File "D:\AI_workspace\face-search-app\backend\venv\Lib\site-packages\PIL\Image.py", line 3579, in open
    raise UnidentifiedImageError(msg)
PIL.UnidentifiedImageError: cannot identify image file 'C:\\Users\\ADMINI~1\\AppData\\Local\\Temp\\tmptis6rtdw\\corrupted_1.png'
2026-02-14 09:12:33 | ERROR    | face_detection:detectFaces:76 | 处理图片时发生错误: C:\Users\ADMINI~1\AppData\Local\Temp\tmptis6rtdw\corrupted_2.png, 错误: cannot identify image file 'C:\\Users\\ADMINI~1\\AppData\\Local\\Temp\\tmptis6rtdw\\corrupted_2.png'
Traceback (most recent call last):
  File "D:\AI_workspace\face-search-app\tests\..\backend\face_detection.py", line 49, in detectFaces
    image = face_recognition.load_image_file(image_path)
  File "D:\AI_workspace\face-search-app\backend\venv\Lib\site-packages\face_recognition\api.py", line 86, in load_image_file
    im = PIL.Image.open(file)
  File "D:\AI_workspace\face-search-app\backend\venv\Lib\site-packages\PIL\Image.py", line 3579, in open
    raise UnidentifiedImageError(msg)
PIL.UnidentifiedImageError: cannot identify image file 'C:\\Users\\ADMINI~1\\AppData\\Local\\Temp\\tmptis6rtdw\\corrupted_2.png'
2026-02-14 09:12:33 | INFO     | face_search:searchFaces:174 | 搜索完成: 处理 3 个文件, 跳过 3 个文件, 找到 0 个匹配结果, 已取消: False
2026-02-14 09:12:33 | INFO     | face_search:searchFaces:70 | 开始搜索人脸: 文件夹=C:\Users\ADMINI~1\AppData\Local\Temp\tmpg11dkkfy, 阈值=0.5901975703230361
2026-02-14 09:12:33 | INFO     | face_search:searchFaces:83 | 扫描完成，找到 3 个图片文件
2026-02-14 09:12:33 | ERROR    | face_detection:detectFaces:76 | 处理图片时发生错误: C:\Users\ADMINI~1\AppData\Local\Temp\tmpg11dkkfy\corrupted_0.png, 错误: cannot identify image file 'C:\\Users\\ADMINI~1\\AppData\\Local\\Temp\\tmpg11dkkfy\\corrupted_0.png'
Traceback (most recent call last):
  File "D:\AI_workspace\face-search-app\tests\..\backend\face_detection.py", line 49, in detectFaces
    image = face_recognition.load_image_file(image_path)
  File "D:\AI_workspace\face-search-app\backend\venv\Lib\site-packages\face_recognition\api.py", line 86, in load_image_file
    im = PIL.Image.open(file)
  File "D:\AI_workspace\face-search-app\backend\venv\Lib\site-packages\PIL\Image.py", line 3579, in open
    raise UnidentifiedImageError(msg)
PIL.UnidentifiedImageError: cannot identify image file 'C:\\Users\\ADMINI~1\\AppData\\Local\\Temp\\tmpg11dkkfy\\corrupted_0.png'
2026-02-14 09:12:33 | ERROR    | face_detection:detectFaces:76 | 处理图片时发生错误: C:\Users\ADMINI~1\AppData\Local\Temp\tmpg11dkkfy\corrupted_1.png, 错误: cannot identify image file 'C:\\Users\\ADMINI~1\\AppData\\Local\\Temp\\tmpg11dkkfy\\corrupted_1.png'
Traceback (most recent call last):
  File "D:\AI_workspace\face-search-app\tests\..\backend\face_detection.py", line 49, in detectFaces
    image = face_recognition.load_image_file(image_path)
  File "D:\AI_workspace\face-search-app\backend\venv\Lib\site-packages\face_recognition\api.py", line 86, in load_image_file
    im = PIL.Image.open(file)
  File "D:\AI_workspace\face-search-app\backend\venv\Lib\site-packages\PIL\Image.py", line 3579, in open
    raise UnidentifiedImageError(msg)
PIL.UnidentifiedImageError: cannot identify image file 'C:\\Users\\ADMINI~1\\AppData\\Local\\Temp\\tmpg11dkkfy\\corrupted_1.png'
2026-02-14 09:12:33 | ERROR    | face_detection:detectFaces:76 | 处理图片时发生错误: C:\Users\ADMINI~1\AppData\Local\Temp\tmpg11dkkfy\corrupted_2.png, 错误: cannot identify image file 'C:\\Users\\ADMINI~1\\AppData\\Local\\Temp\\tmpg11dkkfy\\corrupted_2.png'
Traceback (most recent call last):
  File "D:\AI_workspace\face-search-app\tests\..\backend\face_detection.py", line 49, in detectFaces
    image = face_recognition.load_image_file(image_path)
  File "D:\AI_workspace\face-search-app\backend\venv\Lib\site-packages\face_recognition\api.py", line 86, in load_image_file
    im = PIL.Image.open(file)
  File "D:\AI_workspace\face-search-app\backend\venv\Lib\site-packages\PIL\Image.py", line 3579, in open
    raise UnidentifiedImageError(msg)
PIL.UnidentifiedImageError: cannot identify image file 'C:\\Users\\ADMINI~1\\AppData\\Local\\Temp\\tmpg11dkkfy\\corrupted_2.png'
2026-02-14 09:12:33 | INFO     | face_search:searchFaces:174 | 搜索完成: 处理 3 个文件, 跳过 3 个文件, 找到 0 个匹配结果, 已取消: False
2026-02-14 09:12:33 | INFO     | face_search:searchFaces:70 | 开始搜索人脸: 文件夹=C:\Users\ADMINI~1\AppData\Local\Temp\tmpikop6g33, 阈值=0.9673678595120474
2026-02-14 09:12:33 | INFO     | face_search:searchFaces:83 | 扫描完成，找到 3 个图片文件
2026-02-14 09:12:33 | ERROR    | face_detection:detectFaces:76 | 处理图片时发生错误: C:\Users\ADMINI~1\AppData\Local\Temp\tmpikop6g33\corrupted_0.png, 错误: cannot identify image file 'C:\\Users\\ADMINI~1\\AppData\\Local\\Temp\\tmpikop6g33\\corrupted_0.png'
Traceback (most recent call last):
  File "D:\AI_workspace\face-search-app\tests\..\backend\face_detection.py", line 49, in detectFaces
    image = face_recognition.load_image_file(image_path)
  File "D:\AI_workspace\face-search-app\backend\venv\Lib\site-packages\face_recognition\api.py", line 86, in load_image_file
    im = PIL.Image.open(file)
  File "D:\AI_workspace\face-search-app\backend\venv\Lib\site-packages\PIL\Image.py", line 3579, in open
    raise UnidentifiedImageError(msg)
PIL.UnidentifiedImageError: cannot identify image file 'C:\\Users\\ADMINI~1\\AppData\\Local\\Temp\\tmpikop6g33\\corrupted_0.png'
2026-02-14 09:12:33 | ERROR    | face_detection:detectFaces:76 | 处理图片时发生错误: C:\Users\ADMINI~1\AppData\Local\Temp\tmpikop6g33\corrupted_1.png, 错误: cannot identify image file 'C:\\Users\\ADMINI~1\\AppData\\Local\\Temp\\tmpikop6g33\\corrupted_1.png'
Traceback (most recent call last):
  File "D:\AI_workspace\face-search-app\tests\..\backend\face_detection.py", line 49, in detectFaces
    image = face_recognition.load_image_file(image_path)
  File "D:\AI_workspace\face-search-app\backend\venv\Lib\site-packages\face_recognition\api.py", line 86, in load_image_file
    im = PIL.Image.open(file)
  File "D:\AI_workspace\face-search-app\backend\venv\Lib\site-packages\PIL\Image.py", line 3579, in open
    raise UnidentifiedImageError(msg)
PIL.UnidentifiedImageError: cannot identify image file 'C:\\Users\\ADMINI~1\\AppData\\Local\\Temp\\tmpikop6g33\\corrupted_1.png'
2026-02-14 09:12:33 | ERROR    | face_detection:detectFaces:76 | 处理图片时发生错误: C:\Users\ADMINI~1\AppData\Local\Temp\tmpikop6g33\corrupted_2.png, 错误: cannot identify image file 'C:\\Users\\ADMINI~1\\AppData\\Local\\Temp\\tmpikop6g33\\corrupted_2.png'
Traceback (most recent call last):
  File "D:\AI_workspace\face-search-app\tests\..\backend\face_detection.py", line 49, in detectFaces
    image = face_recognition.load_image_file(image_path)
  File "D:\AI_workspace\face-search-app\backend\venv\Lib\site-packages\face_recognition\api.py", line 86, in load_image_file
    im = PIL.Image.open(file)
  File "D:\AI_workspace\face-search-app\backend\venv\Lib\site-packages\PIL\Image.py", line 3579, in open
    raise UnidentifiedImageError(msg)
PIL.UnidentifiedImageError: cannot identify image file 'C:\\Users\\ADMINI~1\\AppData\\Local\\Temp\\tmpikop6g33\\corrupted_2.png'
2026-02-14 09:12:33 | INFO     | face_search:searchFaces:174 | 搜索完成: 处理 3 个文件, 跳过 3 个文件, 找到 0 个匹配结果, 已取消: False
2026-02-14 09:12:33 | INFO     | face_search:searchFaces:70 | 开始搜索人脸: 文件夹=C:\Users\ADMINI~1\AppData\Local\Temp\tmpo8qs1zw3, 阈值=0.0
2026-02-14 09:12:33 | INFO     | face_search:searchFaces:83 | 扫描完成，找到 1 个图片文件
2026-02-14 09:12:33 | INFO     | face_detection:detectFaces:57 | 图片中未检测到人脸: C:\Users\ADMINI~1\AppData\Local\Temp\tmpo8qs1zw3\image_0.jpg
2026-02-14 09:12:33 | INFO     | face_search:searchFaces:174 | 搜索完成: 处理 1 个文件, 跳过 1 个文件, 找到 0 个匹配结果, 已取消: False
2026-02-14 09:12:33 | INFO     | face_search:searchFaces:70 | 开始搜索人脸: 文件夹=C:\Users\ADMINI~1\AppData\Local\Temp\tmpo8qs1zw3, 阈值=0.0
2026-02-14 09:12:33 | INFO     | face_search:searchFaces:83 | 扫描完成，找到 1 个图片文件
2026-02-14 09:12:33 | INFO     | face_detection:detectFaces:57 | 图片中未检测到人脸: C:\Users\ADMINI~1\AppData\Local\Temp\tmpo8qs1zw3\image_0.jpg
2026-02-14 09:12:33 | INFO     | face_search:searchFaces:174 | 搜索完成: 处理 1 个文件, 跳过 1 个文件, 找到 0 个匹配结果, 已取消: False
2026-02-14 09:12:33 | INFO     | face_search:searchFaces:70 | 开始搜索人脸: 文件夹=C:\Users\ADMINI~1\AppData\Local\Temp\tmpf7kn19wv, 阈值=0.29329534932863993
2026-02-14 09:12:33 | INFO     | face_search:searchFaces:83 | 扫描完成，找到 2 个图片文件
2026-02-14 09:12:33 | INFO     | face_detection:detectFaces:57 | 图片中未检测到人脸: C:\Users\ADMINI~1\AppData\Local\Temp\tmpf7kn19wv\image_0.jpg
2026-02-14 09:12:33 | INFO     | face_detection:detectFaces:57 | 图片中未检测到人脸: C:\Users\ADMINI~1\AppData\Local\Temp\tmpf7kn19wv\image_1.jpg
2026-02-14 09:12:33 | INFO     | face_search:searchFaces:174 | 搜索完成: 处理 2 个文件, 跳过 2 个文件, 找到 0 个匹配结果, 已取消: False
2026-02-14 09:12:33 | INFO     | face_search:searchFaces:70 | 开始搜索人脸: 文件夹=C:\Users\ADMINI~1\AppData\Local\Temp\tmpf7kn19wv, 阈值=0.29329534932863993
2026-02-14 09:12:33 | INFO     | face_search:searchFaces:83 | 扫描完成，找到 2 个图片文件
2026-02-14 09:12:33 | INFO     | face_detection:detectFaces:57 | 图片中未检测到人脸: C:\Users\ADMINI~1\AppData\Local\Temp\tmpf7kn19wv\image_0.jpg
2026-02-14 09:12:33 | INFO     | face_detection:detectFaces:57 | 图片中未检测到人脸: C:\Users\ADMINI~1\AppData\Local\Temp\tmpf7kn19wv\image_1.jpg
2026-02-14 09:12:33 | INFO     | face_search:searchFaces:174 | 搜索完成: 处理 2 个文件, 跳过 2 个文件, 找到 0 个匹配结果, 已取消: False
2026-02-14 09:12:33 | INFO     | face_search:searchFaces:70 | 开始搜索人脸: 文件夹=C:\Users\ADMINI~1\AppData\Local\Temp\tmphlyjwd0_, 阈值=0.5257418528653613
2026-02-14 09:12:33 | INFO     | face_search:searchFaces:83 | 扫描完成，找到 4 个图片文件
2026-02-14 09:12:33 | INFO     | face_detection:detectFaces:57 | 图片中未检测到人脸: C:\Users\ADMINI~1\AppData\Local\Temp\tmphlyjwd0_\image_0.jpg
2026-02-14 09:12:33 | INFO     | face_detection:detectFaces:57 | 图片中未检测到人脸: C:\Users\ADMINI~1\AppData\Local\Temp\tmphlyjwd0_\image_1.jpg
2026-02-14 09:12:33 | INFO     | face_detection:detectFaces:57 | 图片中未检测到人脸: C:\Users\ADMINI~1\AppData\Local\Temp\tmphlyjwd0_\image_2.jpg
2026-02-14 09:12:34 | INFO     | face_detection:detectFaces:57 | 图片中未检测到人脸: C:\Users\ADMINI~1\AppData\Local\Temp\tmphlyjwd0_\image_3.jpg
2026-02-14 09:12:34 | INFO     | face_search:searchFaces:174 | 搜索完成: 处理 4 个文件, 跳过 4 个文件, 找到 0 个匹配结果, 已取消: False
2026-02-14 09:12:34 | INFO     | face_search:searchFaces:70 | 开始搜索人脸: 文件夹=C:\Users\ADMINI~1\AppData\Local\Temp\tmphlyjwd0_, 阈值=0.5257418528653613
2026-02-14 09:12:34 | INFO     | face_search:searchFaces:83 | 扫描完成，找到 4 个图片文件
2026-02-14 09:12:34 | INFO     | face_detection:detectFaces:57 | 图片中未检测到人脸: C:\Users\ADMINI~1\AppData\Local\Temp\tmphlyjwd0_\image_0.jpg
2026-02-14 09:12:34 | INFO     | face_detection:detectFaces:57 | 图片中未检测到人脸: C:\Users\ADMINI~1\AppData\Local\Temp\tmphlyjwd0_\image_1.jpg
2026-02-14 09:12:34 | INFO     | face_detection:detectFaces:57 | 图片中未检测到人脸: C:\Users\ADMINI~1\AppData\Local\Temp\tmphlyjwd0_\image_2.jpg
2026-02-14 09:12:34 | INFO     | face_detection:detectFaces:57 | 图片中未检测到人脸: C:\Users\ADMINI~1\AppData\Local\Temp\tmphlyjwd0_\image_3.jpg
2026-02-14 09:12:34 | INFO     | face_search:searchFaces:174 | 搜索完成: 处理 4 个文件, 跳过 4 个文件, 找到 0 个匹配结果, 已取消: False
2026-02-14 09:12:34 | INFO     | face_search:searchFaces:70 | 开始搜索人脸: 文件夹=C:\Users\ADMINI~1\AppData\Local\Temp\tmpy8zdl_9b, 阈值=0.0
2026-02-14 09:12:34 | INFO     | face_search:searchFaces:83 | 扫描完成，找到 1 个图片文件
2026-02-14 09:12:34 | INFO     | face_detection:detectFaces:57 | 图片中未检测到人脸: C:\Users\ADMINI~1\AppData\Local\Temp\tmpy8zdl_9b\test_0.jpg
2026-02-14 09:12:34 | INFO     | face_search:searchFaces:174 | 搜索完成: 处理 1 个文件, 跳过 1 个文件, 找到 0 个匹配结果, 已取消: False
2026-02-14 09:12:34 | INFO     | face_search:searchFaces:70 | 开始搜索人脸: 文件夹=C:\Users\ADMINI~1\AppData\Local\Temp\tmpmar6xlo8, 阈值=0.3909449119344216
2026-02-14 09:12:34 | INFO     | face_search:searchFaces:83 | 扫描完成，找到 8 个图片文件
2026-02-14 09:12:34 | INFO     | face_detection:detectFaces:57 | 图片中未检测到人脸: C:\Users\ADMINI~1\AppData\Local\Temp\tmpmar6xlo8\test_0.jpg
2026-02-14 09:12:34 | INFO     | face_detection:detectFaces:57 | 图片中未检测到人脸: C:\Users\ADMINI~1\AppData\Local\Temp\tmpmar6xlo8\test_1.jpg
2026-02-14 09:12:34 | INFO     | face_detection:detectFaces:57 | 图片中未检测到人脸: C:\Users\ADMINI~1\AppData\Local\Temp\tmpmar6xlo8\test_2.jpg
2026-02-14 09:12:34 | INFO     | face_detection:detectFaces:57 | 图片中未检测到人脸: C:\Users\ADMINI~1\AppData\Local\Temp\tmpmar6xlo8\test_3.jpg
2026-02-14 09:12:34 | INFO     | face_detection:detectFaces:57 | 图片中未检测到人脸: C:\Users\ADMINI~1\AppData\Local\Temp\tmpmar6xlo8\test_4.jpg
2026-02-14 09:12:34 | INFO     | face_detection:detectFaces:57 | 图片中未检测到人脸: C:\Users\ADMINI~1\AppData\Local\Temp\tmpmar6xlo8\test_5.jpg
2026-02-14 09:12:34 | INFO     | face_detection:detectFaces:57 | 图片中未检测到人脸: C:\Users\ADMINI~1\AppData\Local\Temp\tmpmar6xlo8\test_6.jpg
2026-02-14 09:12:34 | INFO     | face_detection:detectFaces:57 | 图片中未检测到人脸: C:\Users\ADMINI~1\AppData\Local\Temp\tmpmar6xlo8\test_7.jpg
2026-02-14 09:12:34 | INFO     | face_search:searchFaces:174 | 搜索完成: 处理 8 个文件, 跳过 8 个文件, 找到 0 个匹配结果, 已取消: False
2026-02-14 09:12:34 | INFO     | face_search:searchFaces:70 | 开始搜索人脸: 文件夹=C:\Users\ADMINI~1\AppData\Local\Temp\tmptwr0qlla, 阈值=0.528415430503765
2026-02-14 09:12:34 | INFO     | face_search:searchFaces:83 | 扫描完成，找到 8 个图片文件
2026-02-14 09:12:34 | INFO     | face_detection:detectFaces:57 | 图片中未检测到人脸: C:\Users\ADMINI~1\AppData\Local\Temp\tmptwr0qlla\test_0.jpg
2026-02-14 09:12:34 | INFO     | face_detection:detectFaces:57 | 图片中未检测到人脸: C:\Users\ADMINI~1\AppData\Local\Temp\tmptwr0qlla\test_1.jpg
2026-02-14 09:12:34 | INFO     | face_detection:detectFaces:57 | 图片中未检测到人脸: C:\Users\ADMINI~1\AppData\Local\Temp\tmptwr0qlla\test_2.jpg
2026-02-14 09:12:34 | INFO     | face_detection:detectFaces:57 | 图片中未检测到人脸: C:\Users\ADMINI~1\AppData\Local\Temp\tmptwr0qlla\test_3.jpg
2026-02-14 09:12:34 | INFO     | face_detection:detectFaces:57 | 图片中未检测到人脸: C:\Users\ADMINI~1\AppData\Local\Temp\tmptwr0qlla\test_4.jpg
2026-02-14 09:12:34 | INFO     | face_detection:detectFaces:57 | 图片中未检测到人脸: C:\Users\ADMINI~1\AppData\Local\Temp\tmptwr0qlla\test_5.jpg
2026-02-14 09:12:34 | INFO     | face_detection:detectFaces:57 | 图片中未检测到人脸: C:\Users\ADMINI~1\AppData\Local\Temp\tmptwr0qlla\test_6.jpg
2026-02-14 09:12:34 | INFO     | face_detection:detectFaces:57 | 图片中未检测到人脸: C:\Users\ADMINI~1\AppData\Local\Temp\tmptwr0qlla\test_7.jpg
2026-02-14 09:12:34 | INFO     | face_search:searchFaces:174 | 搜索完成: 处理 8 个文件, 跳过 8 个文件, 找到 0 个匹配结果, 已取消: False
2026-02-14 09:12:34 | INFO     | face_search:searchFaces:70 | 开始搜索人脸: 文件夹=C:\Users\ADMINI~1\AppData\Local\Temp\tmp9dkzl307, 阈值=0.3
2026-02-14 09:12:34 | INFO     | face_search:searchFaces:83 | 扫描完成，找到 5 个图片文件
2026-02-14 09:12:34 | INFO     | face_detection:detectFaces:57 | 图片中未检测到人脸: C:\Users\ADMINI~1\AppData\Local\Temp\tmp9dkzl307\test_0.jpg
2026-02-14 09:12:34 | INFO     | face_detection:detectFaces:57 | 图片中未检测到人脸: C:\Users\ADMINI~1\AppData\Local\Temp\tmp9dkzl307\test_1.jpg
2026-02-14 09:12:34 | INFO     | face_detection:detectFaces:57 | 图片中未检测到人脸: C:\Users\ADMINI~1\AppData\Local\Temp\tmp9dkzl307\test_2.jpg
2026-02-14 09:12:34 | INFO     | face_detection:detectFaces:57 | 图片中未检测到人脸: C:\Users\ADMINI~1\AppData\Local\Temp\tmp9dkzl307\test_3.jpg
2026-02-14 09:12:34 | INFO     | face_detection:detectFaces:57 | 图片中未检测到人脸: C:\Users\ADMINI~1\AppData\Local\Temp\tmp9dkzl307\test_4.jpg
2026-02-14 09:12:34 | INFO     | face_search:searchFaces:174 | 搜索完成: 处理 5 个文件, 跳过 5 个文件, 找到 0 个匹配结果, 已取消: False
2026-02-14 09:12:34 | INFO     | face_search:searchFaces:70 | 开始搜索人脸: 文件夹=C:\Users\ADMINI~1\AppData\Local\Temp\tmp9dkzl307, 阈值=0.7
2026-02-14 09:12:34 | INFO     | face_search:searchFaces:83 | 扫描完成，找到 5 个图片文件
2026-02-14 09:12:34 | INFO     | face_detection:detectFaces:57 | 图片中未检测到人脸: C:\Users\ADMINI~1\AppData\Local\Temp\tmp9dkzl307\test_0.jpg
2026-02-14 09:12:34 | INFO     | face_detection:detectFaces:57 | 图片中未检测到人脸: C:\Users\ADMINI~1\AppData\Local\Temp\tmp9dkzl307\test_1.jpg
2026-02-14 09:12:34 | INFO     | face_detection:detectFaces:57 | 图片中未检测到人脸: C:\Users\ADMINI~1\AppData\Local\Temp\tmp9dkzl307\test_2.jpg
2026-02-14 09:12:34 | INFO     | face_detection:detectFaces:57 | 图片中未检测到人脸: C:\Users\ADMINI~1\AppData\Local\Temp\tmp9dkzl307\test_3.jpg
2026-02-14 09:12:34 | INFO     | face_detection:detectFaces:57 | 图片中未检测到人脸: C:\Users\ADMINI~1\AppData\Local\Temp\tmp9dkzl307\test_4.jpg
2026-02-14 09:12:34 | INFO     | face_search:searchFaces:174 | 搜索完成: 处理 5 个文件, 跳过 5 个文件, 找到 0 个匹配结果, 已取消: False
2026-02-14 09:12:34 | INFO     | face_search:searchFaces:70 | 开始搜索人脸: 文件夹=C:\Users\ADMINI~1\AppData\Local\Temp\tmpi2wrm3l3, 阈值=0.3
2026-02-14 09:12:34 | INFO     | face_search:searchFaces:83 | 扫描完成，找到 5 个图片文件
2026-02-14 09:12:34 | INFO     | face_detection:detectFaces:57 | 图片中未检测到人脸: C:\Users\ADMINI~1\AppData\Local\Temp\tmpi2wrm3l3\test_0.jpg
2026-02-14 09:12:34 | INFO     | face_detection:detectFaces:57 | 图片中未检测到人脸: C:\Users\ADMINI~1\AppData\Local\Temp\tmpi2wrm3l3\test_1.jpg
2026-02-14 09:12:34 | INFO     | face_detection:detectFaces:57 | 图片中未检测到人脸: C:\Users\ADMINI~1\AppData\Local\Temp\tmpi2wrm3l3\test_2.jpg
2026-02-14 09:12:34 | INFO     | face_detection:detectFaces:57 | 图片中未检测到人脸: C:\Users\ADMINI~1\AppData\Local\Temp\tmpi2wrm3l3\test_3.jpg
2026-02-14 09:12:34 | INFO     | face_detection:detectFaces:57 | 图片中未检测到人脸: C:\Users\ADMINI~1\AppData\Local\Temp\tmpi2wrm3l3\test_4.jpg
2026-02-14 09:12:34 | INFO     | face_search:searchFaces:174 | 搜索完成: 处理 5 个文件, 跳过 5 个文件, 找到 0 个匹配结果, 已取消: False
2026-02-14 09:12:34 | INFO     | face_search:searchFaces:70 | 开始搜索人脸: 文件夹=C:\Users\ADMINI~1\AppData\Local\Temp\tmpi2wrm3l3, 阈值=0.7
2026-02-14 09:12:34 | INFO     | face_search:searchFaces:83 | 扫描完成，找到 5 个图片文件
2026-02-14 09:12:34 | INFO     | face_detection:detectFaces:57 | 图片中未检测到人脸: C:\Users\ADMINI~1\AppData\Local\Temp\tmpi2wrm3l3\test_0.jpg
2026-02-14 09:12:34 | INFO     | face_detection:detectFaces:57 | 图片中未检测到人脸: C:\Users\ADMINI~1\AppData\Local\Temp\tmpi2wrm3l3\test_1.jpg
2026-02-14 09:12:34 | INFO     | face_detection:detectFaces:57 | 图片中未检测到人脸: C:\Users\ADMINI~1\AppData\Local\Temp\tmpi2wrm3l3\test_2.jpg
2026-02-14 09:12:34 | INFO     | face_detection:detectFaces:57 | 图片中未检测到人脸: C:\Users\ADMINI~1\AppData\Local\Temp\tmpi2wrm3l3\test_3.jpg
2026-02-14 09:12:34 | INFO     | face_detection:detectFaces:57 | 图片中未检测到人脸: C:\Users\ADMINI~1\AppData\Local\Temp\tmpi2wrm3l3\test_4.jpg
2026-02-14 09:12:34 | INFO     | face_search:searchFaces:174 | 搜索完成: 处理 5 个文件, 跳过 5 个文件, 找到 0 个匹配结果, 已取消: False
2026-02-14 09:12:35 | INFO     | face_search:searchFaces:70 | 开始搜索人脸: 文件夹=C:\Users\ADMINI~1\AppData\Local\Temp\tmpdhbovbx2, 阈值=0.3
2026-02-14 09:12:35 | INFO     | face_search:searchFaces:83 | 扫描完成，找到 5 个图片文件
2026-02-14 09:12:35 | INFO     | face_detection:detectFaces:57 | 图片中未检测到人脸: C:\Users\ADMINI~1\AppData\Local\Temp\tmpdhbovbx2\test_0.jpg
2026-02-14 09:12:35 | INFO     | face_detection:detectFaces:57 | 图片中未检测到人脸: C:\Users\ADMINI~1\AppData\Local\Temp\tmpdhbovbx2\test_1.jpg
2026-02-14 09:12:35 | INFO     | face_detection:detectFaces:57 | 图片中未检测到人脸: C:\Users\ADMINI~1\AppData\Local\Temp\tmpdhbovbx2\test_2.jpg
2026-02-14 09:12:35 | INFO     | face_detection:detectFaces:57 | 图片中未检测到人脸: C:\Users\ADMINI~1\AppData\Local\Temp\tmpdhbovbx2\test_3.jpg
2026-02-14 09:12:35 | INFO     | face_detection:detectFaces:57 | 图片中未检测到人脸: C:\Users\ADMINI~1\AppData\Local\Temp\tmpdhbovbx2\test_4.jpg
2026-02-14 09:12:35 | INFO     | face_search:searchFaces:174 | 搜索完成: 处理 5 个文件, 跳过 5 个文件, 找到 0 个匹配结果, 已取消: False
2026-02-14 09:12:35 | INFO     | face_search:searchFaces:70 | 开始搜索人脸: 文件夹=C:\Users\ADMINI~1\AppData\Local\Temp\tmpdhbovbx2, 阈值=0.7
2026-02-14 09:12:35 | INFO     | face_search:searchFaces:83 | 扫描完成，找到 5 个图片文件
2026-02-14 09:12:35 | INFO     | face_detection:detectFaces:57 | 图片中未检测到人脸: C:\Users\ADMINI~1\AppData\Local\Temp\tmpdhbovbx2\test_0.jpg
2026-02-14 09:12:35 | INFO     | face_detection:detectFaces:57 | 图片中未检测到人脸: C:\Users\ADMINI~1\AppData\Local\Temp\tmpdhbovbx2\test_1.jpg
2026-02-14 09:12:35 | INFO     | face_detection:detectFaces:57 | 图片中未检测到人脸: C:\Users\ADMINI~1\AppData\Local\Temp\tmpdhbovbx2\test_2.jpg
2026-02-14 09:12:35 | INFO     | face_detection:detectFaces:57 | 图片中未检测到人脸: C:\Users\ADMINI~1\AppData\Local\Temp\tmpdhbovbx2\test_3.jpg
2026-02-14 09:12:35 | INFO     | face_detection:detectFaces:57 | 图片中未检测到人脸: C:\Users\ADMINI~1\AppData\Local\Temp\tmpdhbovbx2\test_4.jpg
2026-02-14 09:12:35 | INFO     | face_search:searchFaces:174 | 搜索完成: 处理 5 个文件, 跳过 5 个文件, 找到 0 个匹配结果, 已取消: False
2026-02-14 09:12:35 | INFO     | face_search:searchFaces:70 | 开始搜索人脸: 文件夹=C:\Users\ADMINI~1\AppData\Local\Temp\tmp24gjt1zn, 阈值=0.0
2026-02-14 09:12:35 | INFO     | face_search:searchFaces:83 | 扫描完成，找到 2 个图片文件
2026-02-14 09:12:35 | INFO     | face_detection:detectFaces:57 | 图片中未检测到人脸: C:\Users\ADMINI~1\AppData\Local\Temp\tmp24gjt1zn\test_0.jpg
2026-02-14 09:12:35 | INFO     | face_detection:detectFaces:57 | 图片中未检测到人脸: C:\Users\ADMINI~1\AppData\Local\Temp\tmp24gjt1zn\test_1.jpg
2026-02-14 09:12:35 | INFO     | face_search:searchFaces:174 | 搜索完成: 处理 2 个文件, 跳过 2 个文件, 找到 0 个匹配结果, 已取消: False
2026-02-14 09:12:35 | INFO     | face_search:searchFaces:70 | 开始搜索人脸: 文件夹=C:\Users\ADMINI~1\AppData\Local\Temp\tmp_zha96n4, 阈值=0.23156034417312682
2026-02-14 09:12:35 | INFO     | face_search:searchFaces:83 | 扫描完成，找到 8 个图片文件
2026-02-14 09:12:35 | INFO     | face_detection:detectFaces:57 | 图片中未检测到人脸: C:\Users\ADMINI~1\AppData\Local\Temp\tmp_zha96n4\test_0.jpg
2026-02-14 09:12:35 | INFO     | face_detection:detectFaces:57 | 图片中未检测到人脸: C:\Users\ADMINI~1\AppData\Local\Temp\tmp_zha96n4\test_1.jpg
2026-02-14 09:12:35 | INFO     | face_detection:detectFaces:57 | 图片中未检测到人脸: C:\Users\ADMINI~1\AppData\Local\Temp\tmp_zha96n4\test_2.jpg
2026-02-14 09:12:35 | INFO     | face_detection:detectFaces:57 | 图片中未检测到人脸: C:\Users\ADMINI~1\AppData\Local\Temp\tmp_zha96n4\test_3.jpg
2026-02-14 09:12:35 | INFO     | face_detection:detectFaces:57 | 图片中未检测到人脸: C:\Users\ADMINI~1\AppData\Local\Temp\tmp_zha96n4\test_4.jpg
2026-02-14 09:12:35 | INFO     | face_detection:detectFaces:57 | 图片中未检测到人脸: C:\Users\ADMINI~1\AppData\Local\Temp\tmp_zha96n4\test_5.jpg
2026-02-14 09:12:35 | INFO     | face_detection:detectFaces:57 | 图片中未检测到人脸: C:\Users\ADMINI~1\AppData\Local\Temp\tmp_zha96n4\test_6.jpg
2026-02-14 09:12:35 | INFO     | face_detection:detectFaces:57 | 图片中未检测到人脸: C:\Users\ADMINI~1\AppData\Local\Temp\tmp_zha96n4\test_7.jpg
2026-02-14 09:12:35 | INFO     | face_search:searchFaces:174 | 搜索完成: 处理 8 个文件, 跳过 8 个文件, 找到 0 个匹配结果, 已取消: False
2026-02-14 09:12:35 | INFO     | face_search:searchFaces:70 | 开始搜索人脸: 文件夹=C:\Users\ADMINI~1\AppData\Local\Temp\tmpn4id2zcg, 阈值=0.19531713675230683
2026-02-14 09:12:35 | INFO     | face_search:searchFaces:83 | 扫描完成，找到 8 个图片文件
2026-02-14 09:12:35 | INFO     | face_detection:detectFaces:57 | 图片中未检测到人脸: C:\Users\ADMINI~1\AppData\Local\Temp\tmpn4id2zcg\test_0.jpg
2026-02-14 09:12:35 | INFO     | face_detection:detectFaces:57 | 图片中未检测到人脸: C:\Users\ADMINI~1\AppData\Local\Temp\tmpn4id2zcg\test_1.jpg
2026-02-14 09:12:35 | INFO     | face_detection:detectFaces:57 | 图片中未检测到人脸: C:\Users\ADMINI~1\AppData\Local\Temp\tmpn4id2zcg\test_2.jpg
2026-02-14 09:12:35 | INFO     | face_detection:detectFaces:57 | 图片中未检测到人脸: C:\Users\ADMINI~1\AppData\Local\Temp\tmpn4id2zcg\test_3.jpg
2026-02-14 09:12:35 | INFO     | face_detection:detectFaces:57 | 图片中未检测到人脸: C:\Users\ADMINI~1\AppData\Local\Temp\tmpn4id2zcg\test_4.jpg
2026-02-14 09:12:35 | INFO     | face_detection:detectFaces:57 | 图片中未检测到人脸: C:\Users\ADMINI~1\AppData\Local\Temp\tmpn4id2zcg\test_5.jpg
2026-02-14 09:12:35 | INFO     | face_detection:detectFaces:57 | 图片中未检测到人脸: C:\Users\ADMINI~1\AppData\Local\Temp\tmpn4id2zcg\test_6.jpg
2026-02-14 09:12:35 | INFO     | face_detection:detectFaces:57 | 图片中未检测到人脸: C:\Users\ADMINI~1\AppData\Local\Temp\tmpn4id2zcg\test_7.jpg
2026-02-14 09:12:35 | INFO     | face_search:searchFaces:174 | 搜索完成: 处理 8 个文件, 跳过 8 个文件, 找到 0 个匹配结果, 已取消: False
2026-02-14 09:12:35 | INFO     | face_search:searchFaces:70 | 开始搜索人脸: 文件夹=C:\Users\ADMINI~1\AppData\Local\Temp\tmplrp_3wr4, 阈值=0.0
2026-02-14 09:12:35 | INFO     | face_search:searchFaces:83 | 扫描完成，找到 1 个图片文件
2026-02-14 09:12:35 | INFO     | face_detection:detectFaces:57 | 图片中未检测到人脸: C:\Users\ADMINI~1\AppData\Local\Temp\tmplrp_3wr4\test_0.jpg
2026-02-14 09:12:35 | INFO     | face_search:searchFaces:174 | 搜索完成: 处理 1 个文件, 跳过 1 个文件, 找到 0 个匹配结果, 已取消: False
2026-02-14 09:12:35 | INFO     | face_search:searchFaces:70 | 开始搜索人脸: 文件夹=C:\Users\ADMINI~1\AppData\Local\Temp\tmplrp_3wr4, 阈值=0.0
2026-02-14 09:12:35 | INFO     | face_search:searchFaces:83 | 扫描完成，找到 1 个图片文件
2026-02-14 09:12:35 | INFO     | face_detection:detectFaces:57 | 图片中未检测到人脸: C:\Users\ADMINI~1\AppData\Local\Temp\tmplrp_3wr4\test_0.jpg
2026-02-14 09:12:35 | INFO     | face_search:searchFaces:174 | 搜索完成: 处理 1 个文件, 跳过 1 个文件, 找到 0 个匹配结果, 已取消: False
2026-02-14 09:12:35 | INFO     | face_search:searchFaces:70 | 开始搜索人脸: 文件夹=C:\Users\ADMINI~1\AppData\Local\Temp\tmpofl2yze0, 阈值=0.889038629150914
2026-02-14 09:12:35 | INFO     | face_search:searchFaces:83 | 扫描完成，找到 3 个图片文件
2026-02-14 09:12:35 | INFO     | face_detection:detectFaces:57 | 图片中未检测到人脸: C:\Users\ADMINI~1\AppData\Local\Temp\tmpofl2yze0\test_0.jpg
2026-02-14 09:12:35 | INFO     | face_detection:detectFaces:57 | 图片中未检测到人脸: C:\Users\ADMINI~1\AppData\Local\Temp\tmpofl2yze0\test_1.jpg
2026-02-14 09:12:35 | INFO     | face_detection:detectFaces:57 | 图片中未检测到人脸: C:\Users\ADMINI~1\AppData\Local\Temp\tmpofl2yze0\test_2.jpg
2026-02-14 09:12:35 | INFO     | face_search:searchFaces:174 | 搜索完成: 处理 3 个文件, 跳过 3 个文件, 找到 0 个匹配结果, 已取消: False
2026-02-14 09:12:35 | INFO     | face_search:searchFaces:70 | 开始搜索人脸: 文件夹=C:\Users\ADMINI~1\AppData\Local\Temp\tmpofl2yze0, 阈值=0.889038629150914
2026-02-14 09:12:35 | INFO     | face_search:searchFaces:83 | 扫描完成，找到 3 个图片文件
2026-02-14 09:12:35 | INFO     | face_detection:detectFaces:57 | 图片中未检测到人脸: C:\Users\ADMINI~1\AppData\Local\Temp\tmpofl2yze0\test_0.jpg
2026-02-14 09:12:35 | INFO     | face_detection:detectFaces:57 | 图片中未检测到人脸: C:\Users\ADMINI~1\AppData\Local\Temp\tmpofl2yze0\test_1.jpg
2026-02-14 09:12:35 | INFO     | face_detection:detectFaces:57 | 图片中未检测到人脸: C:\Users\ADMINI~1\AppData\Local\Temp\tmpofl2yze0\test_2.jpg
2026-02-14 09:12:35 | INFO     | face_search:searchFaces:174 | 搜索完成: 处理 3 个文件, 跳过 3 个文件, 找到 0 个匹配结果, 已取消: False
2026-02-14 09:12:35 | INFO     | face_search:searchFaces:70 | 开始搜索人脸: 文件夹=C:\Users\ADMINI~1\AppData\Local\Temp\tmppumxf2pg, 阈值=0.6649520952805937
2026-02-14 09:12:35 | INFO     | face_search:searchFaces:83 | 扫描完成，找到 5 个图片文件
2026-02-14 09:12:35 | INFO     | face_detection:detectFaces:57 | 图片中未检测到人脸: C:\Users\ADMINI~1\AppData\Local\Temp\tmppumxf2pg\test_0.jpg
2026-02-14 09:12:35 | INFO     | face_detection:detectFaces:57 | 图片中未检测到人脸: C:\Users\ADMINI~1\AppData\Local\Temp\tmppumxf2pg\test_1.jpg
2026-02-14 09:12:35 | INFO     | face_detection:detectFaces:57 | 图片中未检测到人脸: C:\Users\ADMINI~1\AppData\Local\Temp\tmppumxf2pg\test_2.jpg
2026-02-14 09:12:35 | INFO     | face_detection:detectFaces:57 | 图片中未检测到人脸: C:\Users\ADMINI~1\AppData\Local\Temp\tmppumxf2pg\test_3.jpg
2026-02-14 09:12:35 | INFO     | face_detection:detectFaces:57 | 图片中未检测到人脸: C:\Users\ADMINI~1\AppData\Local\Temp\tmppumxf2pg\test_4.jpg
2026-02-14 09:12:35 | INFO     | face_search:searchFaces:174 | 搜索完成: 处理 5 个文件, 跳过 5 个文件, 找到 0 个匹配结果, 已取消: False
2026-02-14 09:12:36 | INFO     | face_search:searchFaces:70 | 开始搜索人脸: 文件夹=C:\Users\ADMINI~1\AppData\Local\Temp\tmppumxf2pg, 阈值=0.6649520952805937
2026-02-14 09:12:36 | INFO     | face_search:searchFaces:83 | 扫描完成，找到 5 个图片文件
2026-02-14 09:12:36 | INFO     | face_detection:detectFaces:57 | 图片中未检测到人脸: C:\Users\ADMINI~1\AppData\Local\Temp\tmppumxf2pg\test_0.jpg
2026-02-14 09:12:36 | INFO     | face_detection:detectFaces:57 | 图片中未检测到人脸: C:\Users\ADMINI~1\AppData\Local\Temp\tmppumxf2pg\test_1.jpg
2026-02-14 09:12:36 | INFO     | face_detection:detectFaces:57 | 图片中未检测到人脸: C:\Users\ADMINI~1\AppData\Local\Temp\tmppumxf2pg\test_2.jpg
2026-02-14 09:12:36 | INFO     | face_detection:detectFaces:57 | 图片中未检测到人脸: C:\Users\ADMINI~1\AppData\Local\Temp\tmppumxf2pg\test_3.jpg
2026-02-14 09:12:36 | INFO     | face_detection:detectFaces:57 | 图片中未检测到人脸: C:\Users\ADMINI~1\AppData\Local\Temp\tmppumxf2pg\test_4.jpg
2026-02-14 09:12:36 | INFO     | face_search:searchFaces:174 | 搜索完成: 处理 5 个文件, 跳过 5 个文件, 找到 0 个匹配结果, 已取消: False
2026-02-14 09:12:36 | INFO     | face_search:searchFaces:70 | 开始搜索人脸: 文件夹=C:\Users\ADMINI~1\AppData\Local\Temp\tmpqawcywhv, 阈值=0.0
2026-02-14 09:12:36 | INFO     | face_search:searchFaces:83 | 扫描完成，找到 1 个图片文件
2026-02-14 09:12:36 | INFO     | face_detection:detectFaces:57 | 图片中未检测到人脸: C:\Users\ADMINI~1\AppData\Local\Temp\tmpqawcywhv\test_0.jpg
2026-02-14 09:12:36 | INFO     | face_search:searchFaces:174 | 搜索完成: 处理 1 个文件, 跳过 1 个文件, 找到 0 个匹配结果, 已取消: False
2026-02-14 09:12:36 | INFO     | face_search:searchFaces:70 | 开始搜索人脸: 文件夹=C:\Users\ADMINI~1\AppData\Local\Temp\tmp82ngjio2, 阈值=0.4093061171578313
2026-02-14 09:12:36 | INFO     | face_search:searchFaces:83 | 扫描完成，找到 7 个图片文件
2026-02-14 09:12:36 | INFO     | face_detection:detectFaces:57 | 图片中未检测到人脸: C:\Users\ADMINI~1\AppData\Local\Temp\tmp82ngjio2\test_0.jpg
2026-02-14 09:12:36 | INFO     | face_detection:detectFaces:57 | 图片中未检测到人脸: C:\Users\ADMINI~1\AppData\Local\Temp\tmp82ngjio2\test_1.jpg
2026-02-14 09:12:36 | INFO     | face_detection:detectFaces:57 | 图片中未检测到人脸: C:\Users\ADMINI~1\AppData\Local\Temp\tmp82ngjio2\test_2.jpg
2026-02-14 09:12:36 | INFO     | face_detection:detectFaces:57 | 图片中未检测到人脸: C:\Users\ADMINI~1\AppData\Local\Temp\tmp82ngjio2\test_3.jpg
2026-02-14 09:12:36 | INFO     | face_detection:detectFaces:57 | 图片中未检测到人脸: C:\Users\ADMINI~1\AppData\Local\Temp\tmp82ngjio2\test_4.jpg
2026-02-14 09:12:36 | INFO     | face_detection:detectFaces:57 | 图片中未检测到人脸: C:\Users\ADMINI~1\AppData\Local\Temp\tmp82ngjio2\test_5.jpg
2026-02-14 09:12:36 | INFO     | face_detection:detectFaces:57 | 图片中未检测到人脸: C:\Users\ADMINI~1\AppData\Local\Temp\tmp82ngjio2\test_6.jpg
2026-02-14 09:12:36 | INFO     | face_search:searchFaces:174 | 搜索完成: 处理 7 个文件, 跳过 7 个文件, 找到 0 个匹配结果, 已取消: False
2026-02-14 09:12:36 | INFO     | face_search:searchFaces:70 | 开始搜索人脸: 文件夹=C:\Users\ADMINI~1\AppData\Local\Temp\tmpj1v5fcev, 阈值=0.7377971663000319
2026-02-14 09:12:36 | INFO     | face_search:searchFaces:83 | 扫描完成，找到 9 个图片文件
2026-02-14 09:12:36 | INFO     | face_detection:detectFaces:57 | 图片中未检测到人脸: C:\Users\ADMINI~1\AppData\Local\Temp\tmpj1v5fcev\test_0.jpg
2026-02-14 09:12:36 | INFO     | face_detection:detectFaces:57 | 图片中未检测到人脸: C:\Users\ADMINI~1\AppData\Local\Temp\tmpj1v5fcev\test_1.jpg
2026-02-14 09:12:36 | INFO     | face_detection:detectFaces:57 | 图片中未检测到人脸: C:\Users\ADMINI~1\AppData\Local\Temp\tmpj1v5fcev\test_2.jpg
2026-02-14 09:12:36 | INFO     | face_detection:detectFaces:57 | 图片中未检测到人脸: C:\Users\ADMINI~1\AppData\Local\Temp\tmpj1v5fcev\test_3.jpg
2026-02-14 09:12:36 | INFO     | face_detection:detectFaces:57 | 图片中未检测到人脸: C:\Users\ADMINI~1\AppData\Local\Temp\tmpj1v5fcev\test_4.jpg
2026-02-14 09:12:36 | INFO     | face_detection:detectFaces:57 | 图片中未检测到人脸: C:\Users\ADMINI~1\AppData\Local\Temp\tmpj1v5fcev\test_5.jpg
2026-02-14 09:12:36 | INFO     | face_detection:detectFaces:57 | 图片中未检测到人脸: C:\Users\ADMINI~1\AppData\Local\Temp\tmpj1v5fcev\test_6.jpg
2026-02-14 09:12:36 | INFO     | face_detection:detectFaces:57 | 图片中未检测到人脸: C:\Users\ADMINI~1\AppData\Local\Temp\tmpj1v5fcev\test_7.jpg
2026-02-14 09:12:36 | INFO     | face_detection:detectFaces:57 | 图片中未检测到人脸: C:\Users\ADMINI~1\AppData\Local\Temp\tmpj1v5fcev\test_8.jpg
2026-02-14 09:12:36 | INFO     | face_search:searchFaces:174 | 搜索完成: 处理 9 个文件, 跳过 9 个文件, 找到 0 个匹配结果, 已取消: False
2026-02-14 09:12:36 | INFO     | face_search:searchFaces:70 | 开始搜索人脸: 文件夹=C:\Users\ADMINI~1\AppData\Local\Temp\tmpjv0eins_, 阈值=0.0
2026-02-14 09:12:36 | INFO     | face_search:searchFaces:83 | 扫描完成，找到 2 个图片文件
2026-02-14 09:12:36 | INFO     | face_detection:detectFaces:57 | 图片中未检测到人脸: C:\Users\ADMINI~1\AppData\Local\Temp\tmpjv0eins_\test_0.jpg
2026-02-14 09:12:36 | INFO     | face_detection:detectFaces:57 | 图片中未检测到人脸: C:\Users\ADMINI~1\AppData\Local\Temp\tmpjv0eins_\test_1.jpg
2026-02-14 09:12:36 | INFO     | face_search:searchFaces:174 | 搜索完成: 处理 2 个文件, 跳过 2 个文件, 找到 0 个匹配结果, 已取消: False
2026-02-14 09:12:36 | INFO     | face_search:searchFaces:70 | 开始搜索人脸: 文件夹=C:\Users\ADMINI~1\AppData\Local\Temp\tmpaj3bnh0r, 阈值=0.9999999999999999
2026-02-14 09:12:36 | INFO     | face_search:searchFaces:83 | 扫描完成，找到 6 个图片文件
2026-02-14 09:12:36 | INFO     | face_detection:detectFaces:57 | 图片中未检测到人脸: C:\Users\ADMINI~1\AppData\Local\Temp\tmpaj3bnh0r\test_0.jpg
2026-02-14 09:12:36 | INFO     | face_detection:detectFaces:57 | 图片中未检测到人脸: C:\Users\ADMINI~1\AppData\Local\Temp\tmpaj3bnh0r\test_1.jpg
2026-02-14 09:12:36 | INFO     | face_detection:detectFaces:57 | 图片中未检测到人脸: C:\Users\ADMINI~1\AppData\Local\Temp\tmpaj3bnh0r\test_2.jpg
2026-02-14 09:12:36 | INFO     | face_detection:detectFaces:57 | 图片中未检测到人脸: C:\Users\ADMINI~1\AppData\Local\Temp\tmpaj3bnh0r\test_3.jpg
2026-02-14 09:12:36 | INFO     | face_detection:detectFaces:57 | 图片中未检测到人脸: C:\Users\ADMINI~1\AppData\Local\Temp\tmpaj3bnh0r\test_4.jpg
2026-02-14 09:12:36 | INFO     | face_detection:detectFaces:57 | 图片中未检测到人脸: C:\Users\ADMINI~1\AppData\Local\Temp\tmpaj3bnh0r\test_5.jpg
2026-02-14 09:12:36 | INFO     | face_search:searchFaces:174 | 搜索完成: 处理 6 个文件, 跳过 6 个文件, 找到 0 个匹配结果, 已取消: False
2026-02-14 09:12:36 | INFO     | face_search:searchFaces:70 | 开始搜索人脸: 文件夹=C:\Users\ADMINI~1\AppData\Local\Temp\tmphyar8k28, 阈值=0.99999
2026-02-14 09:12:36 | INFO     | face_search:searchFaces:83 | 扫描完成，找到 6 个图片文件
2026-02-14 09:12:36 | INFO     | face_detection:detectFaces:57 | 图片中未检测到人脸: C:\Users\ADMINI~1\AppData\Local\Temp\tmphyar8k28\test_0.jpg
2026-02-14 09:12:36 | INFO     | face_detection:detectFaces:57 | 图片中未检测到人脸: C:\Users\ADMINI~1\AppData\Local\Temp\tmphyar8k28\test_1.jpg
2026-02-14 09:12:36 | INFO     | face_detection:detectFaces:57 | 图片中未检测到人脸: C:\Users\ADMINI~1\AppData\Local\Temp\tmphyar8k28\test_2.jpg
2026-02-14 09:12:36 | INFO     | face_detection:detectFaces:57 | 图片中未检测到人脸: C:\Users\ADMINI~1\AppData\Local\Temp\tmphyar8k28\test_3.jpg
2026-02-14 09:12:36 | INFO     | face_detection:detectFaces:57 | 图片中未检测到人脸: C:\Users\ADMINI~1\AppData\Local\Temp\tmphyar8k28\test_4.jpg
2026-02-14 09:12:36 | INFO     | face_detection:detectFaces:57 | 图片中未检测到人脸: C:\Users\ADMINI~1\AppData\Local\Temp\tmphyar8k28\test_5.jpg
2026-02-14 09:12:36 | INFO     | face_search:searchFaces:174 | 搜索完成: 处理 6 个文件, 跳过 6 个文件, 找到 0 个匹配结果, 已取消: False
2026-02-14 09:12:36 | INFO     | face_search:searchFaces:70 | 开始搜索人脸: 文件夹=C:\Users\ADMINI~1\AppData\Local\Temp\tmpxndl00qr, 阈值=0.8336776752936415
2026-02-14 09:12:36 | INFO     | face_search:searchFaces:83 | 扫描完成，找到 3 个图片文件
2026-02-14 09:12:36 | INFO     | face_detection:detectFaces:57 | 图片中未检测到人脸: C:\Users\ADMINI~1\AppData\Local\Temp\tmpxndl00qr\test_0.jpg
2026-02-14 09:12:36 | INFO     | face_detection:detectFaces:57 | 图片中未检测到人脸: C:\Users\ADMINI~1\AppData\Local\Temp\tmpxndl00qr\test_1.jpg
2026-02-14 09:12:36 | INFO     | face_detection:detectFaces:57 | 图片中未检测到人脸: C:\Users\ADMINI~1\AppData\Local\Temp\tmpxndl00qr\test_2.jpg
2026-02-14 09:12:36 | INFO     | face_search:searchFaces:174 | 搜索完成: 处理 3 个文件, 跳过 3 个文件, 找到 0 个匹配结果, 已取消: False
2026-02-14 09:12:36 | INFO     | face_search:searchFaces:70 | 开始搜索人脸: 文件夹=C:\Users\ADMINI~1\AppData\Local\Temp\tmp6qx4a7zp, 阈值=0.1850155532029363
2026-02-14 09:12:36 | INFO     | face_search:searchFaces:83 | 扫描完成，找到 3 个图片文件
2026-02-14 09:12:37 | INFO     | face_detection:detectFaces:57 | 图片中未检测到人脸: C:\Users\ADMINI~1\AppData\Local\Temp\tmp6qx4a7zp\test_0.jpg
2026-02-14 09:12:37 | INFO     | face_detection:detectFaces:57 | 图片中未检测到人脸: C:\Users\ADMINI~1\AppData\Local\Temp\tmp6qx4a7zp\test_1.jpg
2026-02-14 09:12:37 | INFO     | face_detection:detectFaces:57 | 图片中未检测到人脸: C:\Users\ADMINI~1\AppData\Local\Temp\tmp6qx4a7zp\test_2.jpg
2026-02-14 09:12:37 | INFO     | face_search:searchFaces:174 | 搜索完成: 处理 3 个文件, 跳过 3 个文件, 找到 0 个匹配结果, 已取消: False
2026-02-14 09:12:37 | INFO     | face_search:searchFaces:70 | 开始搜索人脸: 文件夹=C:\Users\ADMINI~1\AppData\Local\Temp\tmpnwxl0ua5, 阈值=0.0
2026-02-14 09:12:37 | INFO     | face_search:searchFaces:83 | 扫描完成，找到 5 个图片文件
2026-02-14 09:12:37 | INFO     | face_search:cancelSearch:195 | 收到取消搜索请求
2026-02-14 09:12:37 | INFO     | face_detection:detectFaces:57 | 图片中未检测到人脸: C:\Users\ADMINI~1\AppData\Local\Temp\tmpnwxl0ua5\test_0.jpg
2026-02-14 09:12:37 | INFO     | face_search:searchFaces:94 | 搜索已取消，已处理 1/5 个文件
2026-02-14 09:12:37 | INFO     | face_search:searchFaces:174 | 搜索完成: 处理 1 个文件, 跳过 1 个文件, 找到 0 个匹配结果, 已取消: True
2026-02-14 09:12:37 | INFO     | face_search:searchFaces:70 | 开始搜索人脸: 文件夹=C:\Users\ADMINI~1\AppData\Local\Temp\tmp07ooy37f, 阈值=0.9475535320717514
2026-02-14 09:12:37 | INFO     | face_search:searchFaces:83 | 扫描完成，找到 6 个图片文件
2026-02-14 09:12:37 | INFO     | face_search:cancelSearch:195 | 收到取消搜索请求
2026-02-14 09:12:37 | INFO     | face_detection:detectFaces:57 | 图片中未检测到人脸: C:\Users\ADMINI~1\AppData\Local\Temp\tmp07ooy37f\test_0.jpg
2026-02-14 09:12:37 | INFO     | face_search:searchFaces:94 | 搜索已取消，已处理 1/6 个文件
2026-02-14 09:12:37 | INFO     | face_search:searchFaces:174 | 搜索完成: 处理 1 个文件, 跳过 1 个文件, 找到 0 个匹配结果, 已取消: True
2026-02-14 09:12:37 | INFO     | face_search:searchFaces:70 | 开始搜索人脸: 文件夹=C:\Users\ADMINI~1\AppData\Local\Temp\tmpqbg1jbsf, 阈值=5.960464477539063e-08
2026-02-14 09:12:37 | INFO     | face_search:searchFaces:83 | 扫描完成，找到 12 个图片文件
2026-02-14 09:12:37 | INFO     | face_search:cancelSearch:195 | 收到取消搜索请求
2026-02-14 09:12:37 | INFO     | face_detection:detectFaces:57 | 图片中未检测到人脸: C:\Users\ADMINI~1\AppData\Local\Temp\tmpqbg1jbsf\test_0.jpg
2026-02-14 09:12:37 | INFO     | face_search:searchFaces:94 | 搜索已取消，已处理 1/12 个文件
2026-02-14 09:12:37 | INFO     | face_search:searchFaces:174 | 搜索完成: 处理 1 个文件, 跳过 1 个文件, 找到 0 个匹配结果, 已取消: True
2026-02-14 09:12:37 | INFO     | face_search:searchFaces:70 | 开始搜索人脸: 文件夹=C:\Users\ADMINI~1\AppData\Local\Temp\tmpzoqzsxx7, 阈值=0.0
2026-02-14 09:12:37 | INFO     | face_search:searchFaces:83 | 扫描完成，找到 3 个图片文件
2026-02-14 09:12:37 | INFO     | face_detection:detectFaces:57 | 图片中未检测到人脸: C:\Users\ADMINI~1\AppData\Local\Temp\tmpzoqzsxx7\test_0.jpg
2026-02-14 09:12:37 | INFO     | face_detection:detectFaces:57 | 图片中未检测到人脸: C:\Users\ADMINI~1\AppData\Local\Temp\tmpzoqzsxx7\test_1.jpg
2026-02-14 09:12:37 | INFO     | face_search:cancelSearch:195 | 收到取消搜索请求
2026-02-14 09:12:37 | INFO     | face_detection:detectFaces:57 | 图片中未检测到人脸: C:\Users\ADMINI~1\AppData\Local\Temp\tmpzoqzsxx7\test_2.jpg
2026-02-14 09:12:37 | INFO     | face_search:cancelSearch:195 | 收到取消搜索请求
2026-02-14 09:12:37 | INFO     | face_search:searchFaces:174 | 搜索完成: 处理 3 个文件, 跳过 3 个文件, 找到 0 个匹配结果, 已取消: True
2026-02-14 09:12:37 | INFO     | face_search:searchFaces:70 | 开始搜索人脸: 文件夹=C:\Users\ADMINI~1\AppData\Local\Temp\tmplc5xxep5, 阈值=3.454422818848437e-241
2026-02-14 09:12:37 | INFO     | face_search:searchFaces:83 | 扫描完成，找到 7 个图片文件
2026-02-14 09:12:37 | INFO     | face_detection:detectFaces:57 | 图片中未检测到人脸: C:\Users\ADMINI~1\AppData\Local\Temp\tmplc5xxep5\test_0.jpg
2026-02-14 09:12:37 | INFO     | face_detection:detectFaces:57 | 图片中未检测到人脸: C:\Users\ADMINI~1\AppData\Local\Temp\tmplc5xxep5\test_1.jpg
2026-02-14 09:12:37 | INFO     | face_search:cancelSearch:195 | 收到取消搜索请求
2026-02-14 09:12:37 | INFO     | face_detection:detectFaces:57 | 图片中未检测到人脸: C:\Users\ADMINI~1\AppData\Local\Temp\tmplc5xxep5\test_2.jpg
2026-02-14 09:12:37 | INFO     | face_search:searchFaces:94 | 搜索已取消，已处理 3/7 个文件
2026-02-14 09:12:37 | INFO     | face_search:cancelSearch:195 | 收到取消搜索请求
2026-02-14 09:12:37 | INFO     | face_search:searchFaces:174 | 搜索完成: 处理 3 个文件, 跳过 3 个文件, 找到 0 个匹配结果, 已取消: True
2026-02-14 09:12:37 | INFO     | face_search:searchFaces:70 | 开始搜索人脸: 文件夹=C:\Users\ADMINI~1\AppData\Local\Temp\tmprtt4pwbl, 阈值=0.02166809501822065
2026-02-14 09:12:37 | INFO     | face_search:searchFaces:83 | 扫描完成，找到 3 个图片文件
2026-02-14 09:12:37 | INFO     | face_detection:detectFaces:57 | 图片中未检测到人脸: C:\Users\ADMINI~1\AppData\Local\Temp\tmprtt4pwbl\test_0.jpg
2026-02-14 09:12:37 | INFO     | face_detection:detectFaces:57 | 图片中未检测到人脸: C:\Users\ADMINI~1\AppData\Local\Temp\tmprtt4pwbl\test_1.jpg
2026-02-14 09:12:37 | INFO     | face_search:cancelSearch:195 | 收到取消搜索请求
2026-02-14 09:12:37 | INFO     | face_detection:detectFaces:57 | 图片中未检测到人脸: C:\Users\ADMINI~1\AppData\Local\Temp\tmprtt4pwbl\test_2.jpg
2026-02-14 09:12:37 | INFO     | face_search:cancelSearch:195 | 收到取消搜索请求
2026-02-14 09:12:37 | INFO     | face_search:searchFaces:174 | 搜索完成: 处理 3 个文件, 跳过 3 个文件, 找到 0 个匹配结果, 已取消: True
2026-02-14 09:12:37 | INFO     | face_search:searchFaces:70 | 开始搜索人脸: 文件夹=C:\Users\ADMINI~1\AppData\Local\Temp\tmpqnyeb8rf, 阈值=0.08360253690405363
2026-02-14 09:12:37 | INFO     | face_search:searchFaces:83 | 扫描完成，找到 4 个图片文件
2026-02-14 09:12:37 | INFO     | face_detection:detectFaces:57 | 图片中未检测到人脸: C:\Users\ADMINI~1\AppData\Local\Temp\tmpqnyeb8rf\test_0.jpg
2026-02-14 09:12:37 | INFO     | face_detection:detectFaces:57 | 图片中未检测到人脸: C:\Users\ADMINI~1\AppData\Local\Temp\tmpqnyeb8rf\test_1.jpg
2026-02-14 09:12:37 | INFO     | face_search:cancelSearch:195 | 收到取消搜索请求
2026-02-14 09:12:37 | INFO     | face_detection:detectFaces:57 | 图片中未检测到人脸: C:\Users\ADMINI~1\AppData\Local\Temp\tmpqnyeb8rf\test_2.jpg
2026-02-14 09:12:37 | INFO     | face_search:searchFaces:94 | 搜索已取消，已处理 3/4 个文件
2026-02-14 09:12:37 | INFO     | face_search:cancelSearch:195 | 收到取消搜索请求
2026-02-14 09:12:37 | INFO     | face_search:searchFaces:174 | 搜索完成: 处理 3 个文件, 跳过 3 个文件, 找到 0 个匹配结果, 已取消: True
2026-02-14 09:12:37 | INFO     | face_search:searchFaces:70 | 开始搜索人脸: 文件夹=C:\Users\ADMINI~1\AppData\Local\Temp\tmps55qztjb, 阈值=0.6808992936904451
2026-02-14 09:12:37 | INFO     | face_search:searchFaces:83 | 扫描完成，找到 6 个图片文件
2026-02-14 09:12:37 | INFO     | face_detection:detectFaces:57 | 图片中未检测到人脸: C:\Users\ADMINI~1\AppData\Local\Temp\tmps55qztjb\test_0.jpg
2026-02-14 09:12:37 | INFO     | face_detection:detectFaces:57 | 图片中未检测到人脸: C:\Users\ADMINI~1\AppData\Local\Temp\tmps55qztjb\test_1.jpg
2026-02-14 09:12:37 | INFO     | face_search:cancelSearch:195 | 收到取消搜索请求
2026-02-14 09:12:37 | INFO     | face_detection:detectFaces:57 | 图片中未检测到人脸: C:\Users\ADMINI~1\AppData\Local\Temp\tmps55qztjb\test_2.jpg
2026-02-14 09:12:37 | INFO     | face_search:searchFaces:94 | 搜索已取消，已处理 3/6 个文件
2026-02-14 09:12:37 | INFO     | face_search:cancelSearch:195 | 收到取消搜索请求
2026-02-14 09:12:37 | INFO     | face_search:searchFaces:174 | 搜索完成: 处理 3 个文件, 跳过 3 个文件, 找到 0 个匹配结果, 已取消: True
2026-02-14 09:12:37 | INFO     | face_search:cancelSearch:195 | 收到取消搜索请求
2026-02-14 09:12:37 | INFO     | face_search:cancelSearch:195 | 收到取消搜索请求
2026-02-14 09:12:37 | INFO     | face_search:cancelSearch:195 | 收到取消搜索请求
2026-02-14 09:12:38 | INFO     | app:upload_image:122 | 图片上传成功: c429b4c6-4e12-4b92-9e4a-55705c27de41, 文件名: test.jpg
2026-02-14 09:12:38 | INFO     | app:upload_image:122 | 图片上传成功: 4a05657d-7ef6-46c9-af10-16008b393800, 文件名: test.png
2026-02-14 09:12:38 | INFO     | app:upload_image:122 | 图片上传成功: 789ef52e-4224-4d6d-abc8-42ebdcd56441, 文件名: test.webp
2026-02-14 09:12:38 | WARNING  | error_handlers:handle_validation_error:110 | 验证错误: Unsupported file format. Supported formats: .jpg, .jpeg, .png, .webp, 字段: file
2026-02-14 09:12:38 | WARNING  | error_handlers:handle_validation_error:110 | 验证错误: Unsupported file format. Supported formats: .jpg, .jpeg, .png, .webp, 字段: file
2026-02-14 09:12:38 | INFO     | app:upload_image:122 | 图片上传成功: 125a4ec2-4251-4c9c-b18d-41b44eb09fa8, 文件名: test.jpg
2026-02-14 09:12:39 | INFO     | app:upload_image:122 | 图片上传成功: deadb57a-7a86-4a93-bedd-29a01e0ce6eb, 文件名: test.jpg
2026-02-14 09:12:39 | INFO     | app:upload_image:122 | 图片上传成功: 4fcd15df-260d-4a0e-b2ea-d5f4a794546d, 文件名: test.jpg
2026-02-14 09:12:40 | WARNING  | error_handlers:handle_file_too_large:161 | 文件大小超限: 10MB
2026-02-14 09:12:42 | WARNING  | error_handlers:handle_file_too_large:161 | 文件大小超限: 10MB
2026-02-14 09:12:42 | INFO     | app:upload_image:122 | 图片上传成功: ea3283d5-aaab-49e4-b447-991d0c185ea9, 文件名: test.jpg
2026-02-14 09:12:42 | INFO     | app:upload_image:122 | 图片上传成功: a86c770e-a320-41fd-84f2-a0e6d6f5c72b, 文件名: test.jpg
2026-02-14 09:12:42 | INFO     | app:upload_image:122 | 图片上传成功: c19ceb57-14b8-476a-b879-ee968a4a2a31, 文件名: test.png
2026-02-14 09:12:42 | INFO     | app:upload_image:122 | 图片上传成功: 3d219ac4-f23d-48d9-8810-6f4363617fe6, 文件名: test.png
2026-02-14 09:12:42 | INFO     | app:upload_image:122 | 图片上传成功: a9c10373-10c9-494e-b461-d486d1eaabf6, 文件名: test_0.jpg
2026-02-14 09:12:42 | INFO     | app:upload_image:122 | 图片上传成功: 32629f11-4edb-4c94-913a-6f9bf3e4f8a0, 文件名: test_1.jpg
2026-02-14 09:12:42 | INFO     | app:upload_image:122 | 图片上传成功: 5766dee0-4c77-4709-853d-c7a00c0606cc, 文件名: test_2.jpg
2026-02-14 09:12:42 | INFO     | app:upload_image:122 | 图片上传成功: ffe45224-b712-48ab-b96e-0a95a2b43cb3, 文件名: test_0.webp
2026-02-14 09:12:42 | INFO     | app:upload_image:122 | 图片上传成功: 57e0c134-8ba5-4453-a22d-3caf8b7bd5f1, 文件名: test_1.webp
2026-02-14 09:12:42 | INFO     | app:upload_image:122 | 图片上传成功: b998be12-0d4b-44af-91ea-af06d978096c, 文件名: test_2.webp
2026-02-14 09:12:42 | INFO     | app:upload_image:122 | 图片上传成功: 19e515cd-bde8-4243-b6ae-eafc3af2ab17, 文件名: test_0.png
2026-02-14 09:12:42 | INFO     | app:upload_image:122 | 图片上传成功: 15f0824e-5b65-4532-99db-c922b61d8b39, 文件名: test_1.png
2026-02-14 09:12:43 | INFO     | app:upload_image:122 | 图片上传成功: 9c77e111-8be4-45cd-b940-19d8a49339c3, 文件名: test_2.png
2026-02-14 09:12:43 | WARNING  | app:preview_image:159 | 预览请求失败，未找到图片: 9a67ca29-ac93-4dd7-9d54-5e87804f44ec
2026-02-14 09:12:43 | WARNING  | error_handlers:handle_not_found_error:125 | 资源未找到: 未找到图片: 9a67ca29-ac93-4dd7-9d54-5e87804f44ec, 类型: image, ID: 9a67ca29-ac93-4dd7-9d54-5e87804f44ec
2026-02-14 09:15:14 | INFO     | app:<module>:41 | Flask 应用启动
2026-02-14 09:15:14 | INFO     | app:<module>:620 | 启动 Flask 开发服务器: http://0.0.0.0:5000
2026-02-14 09:15:17 | INFO     | app:<module>:41 | Flask 应用启动
2026-02-14 09:15:17 | INFO     | app:<module>:620 | 启动 Flask 开发服务器: http://0.0.0.0:5000
2026-02-14 09:16:41 | WARNING  | error_handlers:handle_not_found:181 | 路由未找到: 404 Not Found: The requested URL was not found on the server. If you entered the URL manually please check your spelling and try again.
2026-02-14 09:16:42 | WARNING  | error_handlers:handle_not_found:181 | 路由未找到: 404 Not Found: The requested URL was not found on the server. If you entered the URL manually please check your spelling and try again.
2026-02-14 10:04:17 | INFO     | app:<module>:41 | Flask 应用启动
2026-02-14 10:04:17 | INFO     | app:<module>:620 | 启动 Flask 开发服务器: http://0.0.0.0:5000
2026-02-14 10:04:21 | INFO     | app:<module>:41 | Flask 应用启动
2026-02-14 10:04:21 | INFO     | app:<module>:620 | 启动 Flask 开发服务器: http://0.0.0.0:5000
2026-02-14 10:08:37 | INFO     | app:upload_image:122 | 图片上传成功: 20b03290-69e5-4124-925e-3b2348380c3b, 文件名: 微信图片_20260214100653_80_2.jpg
2026-02-14 10:08:37 | INFO     | app:detect_faces:209 | 开始检测人脸: 20b03290-69e5-4124-925e-3b2348380c3b
2026-02-14 10:08:37 | INFO     | app:detect_faces:209 | 开始检测人脸: 20b03290-69e5-4124-925e-3b2348380c3b
2026-02-14 10:11:43 | INFO     | app:<module>:41 | Flask 应用启动
2026-02-14 10:11:43 | INFO     | app:<module>:620 | 启动 Flask 开发服务器: http://0.0.0.0:5000
2026-02-14 10:11:49 | INFO     | app:<module>:41 | Flask 应用启动
2026-02-14 10:11:49 | INFO     | app:<module>:620 | 启动 Flask 开发服务器: http://0.0.0.0:5000
2026-02-14 10:13:09 | INFO     | app:upload_image:122 | 图片上传成功: 7c405a5f-bc04-4a65-8a3a-1bd559b12261, 文件名: 微信图片_20260214100654_81_2.jpg
2026-02-14 10:13:09 | INFO     | app:detect_faces:209 | 开始检测人脸: 7c405a5f-bc04-4a65-8a3a-1bd559b12261
2026-02-14 10:13:09 | INFO     | app:detect_faces:209 | 开始检测人脸: 7c405a5f-bc04-4a65-8a3a-1bd559b12261
2026-02-14 10:16:14 | INFO     | app:<module>:41 | Flask 应用启动
2026-02-14 10:16:14 | INFO     | app:<module>:620 | 启动 Flask 开发服务器: http://0.0.0.0:5000
2026-02-14 10:17:15 | INFO     | app:upload_image:122 | 图片上传成功: b91231d4-e1a4-4003-8c1c-93a4ddb458fe, 文件名: 微信图片_20260214100654_81_2.jpg
2026-02-14 10:17:15 | INFO     | app:detect_faces:209 | 开始检测人脸: b91231d4-e1a4-4003-8c1c-93a4ddb458fe
2026-02-14 10:17:15 | INFO     | app:detect_faces:209 | 开始检测人脸: b91231d4-e1a4-4003-8c1c-93a4ddb458fe
2026-02-14 10:21:46 | INFO     | app:<module>:41 | Flask 应用启动
2026-02-14 10:21:46 | INFO     | app:<module>:623 | 启动 Flask 开发服务器: http://0.0.0.0:5000
2026-02-14 10:25:04 | INFO     | app:upload_image:122 | 图片上传成功: 58d14bc4-633b-41b0-acb7-7ac23abcfc38, 文件名: 微信图片_20260214100654_81_2.jpg
2026-02-14 10:25:04 | INFO     | app:detect_faces:209 | 开始检测人脸: 58d14bc4-633b-41b0-acb7-7ac23abcfc38, 文件大小: 1872.70 KB
2026-02-14 10:25:09 | INFO     | face_detection:detectFaces:85 | 人脸检测完成: D:\AI_workspace\face-search-app\backend\temp_uploads\58d14bc4-633b-41b0-acb7-7ac23abcfc38.jpg, 检测到 1 个人脸
2026-02-14 10:25:09 | INFO     | app:detect_faces:223 | 人脸检测成功: 58d14bc4-633b-41b0-acb7-7ac23abcfc38, 检测到 1 个人脸
2026-02-14 10:25:41 | INFO     | face_detection:detectFaces:85 | 人脸检测完成: D:\AI_workspace\face-search-app\backend\temp_uploads\58d14bc4-633b-41b0-acb7-7ac23abcfc38.jpg, 检测到 1 个人脸
2026-02-14 10:25:41 | WARNING  | app:search_faces:337 | 搜索任务创建失败，未找到指定人脸: 45863c71-1f9f-448b-adc6-a67e79956320
2026-02-14 10:25:41 | WARNING  | error_handlers:handle_not_found_error:125 | 资源未找到: 未找到人脸: 45863c71-1f9f-448b-adc6-a67e79956320, 类型: face, ID: 45863c71-1f9f-448b-adc6-a67e79956320
2026-02-14 10:29:45 | INFO     | app:<module>:41 | Flask 应用启动
2026-02-14 10:29:45 | INFO     | app:<module>:638 | 启动 Flask 开发服务器: http://0.0.0.0:5000
2026-02-14 10:30:32 | INFO     | face_detection:detectFaces:85 | 人脸检测完成: D:\AI_workspace\忆颜图谱\微信图片_20260214100654_81_2.jpg, 检测到 1 个人脸
2026-02-14 10:30:53 | INFO     | face_detection:detectFaces:85 | 人脸检测完成: D:\AI_workspace\忆颜图谱\微信图片_20260214100654_81_2.jpg, 检测到 1 个人脸
2026-02-14 10:31:15 | INFO     | face_detection:detectFaces:85 | 人脸检测完成: D:\AI_workspace\忆颜图谱\微信图片_20260214100654_81_2.jpg, 检测到 1 个人脸
2026-02-14 10:31:15 | INFO     | face_search:searchFaces:70 | 开始搜索人脸: 文件夹=D:\AI_workspace\忆颜图谱, 阈值=0.6
2026-02-14 10:31:15 | INFO     | face_search:searchFaces:83 | 扫描完成，找到 7 个图片文件
2026-02-14 10:31:17 | INFO     | face_detection:detectFaces:71 | 图片中未检测到人脸: D:\AI_workspace\忆颜图谱\微信图片_20260214054157_75_2.jpg
2026-02-14 10:31:24 | INFO     | face_detection:detectFaces:85 | 人脸检测完成: D:\AI_workspace\忆颜图谱\微信图片_20260214100649_76_2.jpg, 检测到 4 个人脸
2026-02-14 10:31:30 | INFO     | face_detection:detectFaces:85 | 人脸检测完成: D:\AI_workspace\忆颜图谱\微信图片_20260214100650_77_2.jpg, 检测到 4 个人脸
2026-02-14 10:31:36 | INFO     | face_detection:detectFaces:85 | 人脸检测完成: D:\AI_workspace\忆颜图谱\微信图片_20260214100651_78_2.jpg, 检测到 2 个人脸
2026-02-14 10:31:41 | INFO     | face_detection:detectFaces:71 | 图片中未检测到人脸: D:\AI_workspace\忆颜图谱\微信图片_20260214100651_79_2.jpg
2026-02-14 10:31:47 | INFO     | face_detection:detectFaces:85 | 人脸检测完成: D:\AI_workspace\忆颜图谱\微信图片_20260214100653_80_2.jpg, 检测到 3 个人脸
2026-02-14 10:31:52 | INFO     | face_detection:detectFaces:85 | 人脸检测完成: D:\AI_workspace\忆颜图谱\微信图片_20260214100654_81_2.jpg, 检测到 1 个人脸
2026-02-14 10:31:52 | INFO     | face_search:searchFaces:174 | 搜索完成: 处理 7 个文件, 跳过 2 个文件, 找到 14 个匹配结果, 已取消: False
2026-02-14 10:32:29 | INFO     | face_detection:detectFaces:85 | 人脸检测完成: D:\AI_workspace\忆颜图谱\微信图片_20260214100654_81_2.jpg, 检测到 1 个人脸
2026-02-14 10:32:29 | INFO     | face_search:searchFaces:70 | 开始搜索人脸: 文件夹=D:\AI_workspace\忆颜图谱, 阈值=0.6
2026-02-14 10:32:29 | INFO     | face_search:searchFaces:83 | 扫描完成，找到 7 个图片文件
2026-02-14 10:32:30 | INFO     | face_detection:detectFaces:71 | 图片中未检测到人脸: D:\AI_workspace\忆颜图谱\微信图片_20260214054157_75_2.jpg
2026-02-14 10:32:35 | INFO     | face_detection:detectFaces:71 | 图片中未检测到人脸: D:\AI_workspace\忆颜图谱\微信图片_20260214100651_79_2.jpg
2026-02-14 10:32:35 | INFO     | face_search:searchFaces:174 | 搜索完成: 处理 7 个文件, 跳过 2 个文件, 找到 14 个匹配结果, 已取消: False
2026-02-14 10:42:48 | INFO     | app:upload_image:125 | 图片上传成功: 7b84812a-0da9-4f39-b74a-5bc0f912876f, 文件名: 微信图片_20260214100654_81_2.jpg
2026-02-14 10:42:48 | INFO     | app:detect_faces:212 | 开始检测人脸: 7b84812a-0da9-4f39-b74a-5bc0f912876f, 文件大小: 1872.70 KB
2026-02-14 10:42:56 | INFO     | face_detection:detectFaces:85 | 人脸检测完成: D:\AI_workspace\face-search-app\backend\temp_uploads\7b84812a-0da9-4f39-b74a-5bc0f912876f.jpg, 检测到 1 个人脸
2026-02-14 10:42:56 | INFO     | app:detect_faces:229 | 人脸检测成功: 7b84812a-0da9-4f39-b74a-5bc0f912876f, 检测到 1 个人脸
2026-02-14 10:43:07 | INFO     | app:search_faces:331 | 使用缓存的检测结果: 7b84812a-0da9-4f39-b74a-5bc0f912876f
2026-02-14 10:43:07 | INFO     | app:search_faces:382 | 创建搜索任务: 5446c63d-3594-4a3a-bf18-d117dac617ab, 文件夹: D:\AI_workspace\忆颜图谱, 阈值: 0.6
2026-02-14 10:43:07 | INFO     | app:run_search:390 | 开始执行搜索任务: 5446c63d-3594-4a3a-bf18-d117dac617ab
2026-02-14 10:43:07 | INFO     | face_search:searchFaces:70 | 开始搜索人脸: 文件夹=D:\AI_workspace\忆颜图谱, 阈值=0.6
2026-02-14 10:43:07 | INFO     | face_search:searchFaces:83 | 扫描完成，找到 7 个图片文件
2026-02-14 10:43:08 | INFO     | face_detection:detectFaces:71 | 图片中未检测到人脸: D:\AI_workspace\忆颜图谱\微信图片_20260214054157_75_2.jpg
2026-02-14 10:43:15 | INFO     | face_detection:detectFaces:71 | 图片中未检测到人脸: D:\AI_workspace\忆颜图谱\微信图片_20260214100651_79_2.jpg
2026-02-14 10:43:15 | INFO     | face_search:searchFaces:174 | 搜索完成: 处理 7 个文件, 跳过 2 个文件, 找到 14 个匹配结果, 已取消: False
2026-02-14 10:43:15 | INFO     | app:run_search:418 | 搜索任务完成: 5446c63d-3594-4a3a-bf18-d117dac617ab, 找到 14 个匹配结果
2026-02-14 10:43:45 | WARNING  | error_handlers:handle_not_found_error:125 | 资源未找到: 目标文件夹不存在: D:\AI_workspace\忆颜图谱\test, 类型: folder, ID: D:\AI_workspace\忆颜图谱\test
2026-02-14 10:46:29 | INFO     | app:<module>:41 | Flask 应用启动
2026-02-14 10:46:29 | INFO     | app:<module>:664 | 启动 Flask 开发服务器: http://0.0.0.0:5000
2026-02-14 10:48:42 | INFO     | app:upload_image:125 | 图片上传成功: d5067546-0029-4de4-8470-4733b26a6a94, 文件名: 微信图片_20260214100653_80_2.jpg
2026-02-14 10:48:42 | INFO     | app:detect_faces:212 | 开始检测人脸: d5067546-0029-4de4-8470-4733b26a6a94, 文件大小: 1845.78 KB
2026-02-14 10:48:59 | INFO     | face_detection:detectFaces:85 | 人脸检测完成: D:\AI_workspace\face-search-app\backend\temp_uploads\d5067546-0029-4de4-8470-4733b26a6a94.jpg, 检测到 3 个人脸
2026-02-14 10:48:59 | INFO     | app:detect_faces:229 | 人脸检测成功: d5067546-0029-4de4-8470-4733b26a6a94, 检测到 3 个人脸
2026-02-14 10:49:19 | INFO     | app:search_faces:331 | 使用缓存的检测结果: d5067546-0029-4de4-8470-4733b26a6a94
2026-02-14 10:49:19 | INFO     | app:search_faces:382 | 创建搜索任务: 5247532c-d038-46ba-8b7c-295c2e49ae93, 文件夹: D:\AI_workspace\忆颜图谱, 阈值: 0.6
2026-02-14 10:49:19 | INFO     | app:run_search:390 | 开始执行搜索任务: 5247532c-d038-46ba-8b7c-295c2e49ae93
2026-02-14 10:49:19 | INFO     | face_search:searchFaces:70 | 开始搜索人脸: 文件夹=D:\AI_workspace\忆颜图谱, 阈值=0.6
2026-02-14 10:49:19 | INFO     | face_search:searchFaces:83 | 扫描完成，找到 7 个图片文件
2026-02-14 10:49:21 | INFO     | face_detection:detectFaces:71 | 图片中未检测到人脸: D:\AI_workspace\忆颜图谱\微信图片_20260214054157_75_2.jpg
2026-02-14 10:49:27 | INFO     | face_detection:detectFaces:71 | 图片中未检测到人脸: D:\AI_workspace\忆颜图谱\微信图片_20260214100651_79_2.jpg
2026-02-14 10:49:27 | INFO     | face_search:searchFaces:174 | 搜索完成: 处理 7 个文件, 跳过 2 个文件, 找到 14 个匹配结果, 已取消: False
2026-02-14 10:49:27 | INFO     | app:run_search:418 | 搜索任务完成: 5247532c-d038-46ba-8b7c-295c2e49ae93, 找到 14 个匹配结果
2026-02-14 10:49:42 | WARNING  | error_handlers:handle_not_found_error:125 | 资源未找到: 目标文件夹不存在: D:\AI_workspace\忆颜图谱\test, 类型: folder, ID: D:\AI_workspace\忆颜图谱\test
2026-02-14 10:49:47 | WARNING  | error_handlers:handle_not_found_error:125 | 资源未找到: 目标文件夹不存在: D:\AI_workspace\忆颜图谱\test, 类型: folder, ID: D:\AI_workspace\忆颜图谱\test
2026-02-14 10:50:17 | INFO     | app:export_images:635 | 开始转存图片: 5 个文件到 D:\AI_workspace\忆颜图谱\test
2026-02-14 10:50:17 | INFO     | image_export:exportImages:79 | 开始转存图片: 5 个文件到 D:\AI_workspace\忆颜图谱\test
2026-02-14 10:50:17 | INFO     | image_export:exportImages:155 | 转存完成: 成功 5, 失败 0
2026-02-14 10:50:17 | INFO     | app:export_images:641 | 转存完成: 成功 5, 失败 0
2026-02-14 22:22:23 | INFO     | app:<module>:41 | Flask 应用启动
2026-02-14 22:22:23 | INFO     | app:<module>:664 | 启动 Flask 开发服务器: http://0.0.0.0:5000
2026-02-14 22:24:00 | INFO     | app:upload_image:125 | 图片上传成功: d16a61c9-d042-4095-aab2-5f2abf0ba1aa, 文件名: 微信图片_20260214100653_80_2.jpg
2026-02-14 22:24:00 | INFO     | app:detect_faces:212 | 开始检测人脸: d16a61c9-d042-4095-aab2-5f2abf0ba1aa, 文件大小: 1845.78 KB
2026-02-14 22:24:19 | INFO     | face_detection:detectFaces:85 | 人脸检测完成: D:\AI_workspace\face-search-app\backend\temp_uploads\d16a61c9-d042-4095-aab2-5f2abf0ba1aa.jpg, 检测到 3 个人脸
2026-02-14 22:24:19 | INFO     | app:detect_faces:229 | 人脸检测成功: d16a61c9-d042-4095-aab2-5f2abf0ba1aa, 检测到 3 个人脸
